model_ID	gene	chromosomes	rsid	weight	ancestry
AMR_subclass_IN_SST	ENSG00000003987	chr8	rs12550714	-0.0814102888	AMR
AMR_subclass_IN_SST	ENSG00000003987	chr8	rs644062	0.0743283245	AMR
AMR_subclass_IN_SST	ENSG00000003987	chr8	rs3850756	0.0015453852	AMR
AMR_subclass_IN_SST	ENSG00000003987	chr8	rs3862107	0.0006454398	AMR
AMR_subclass_IN_SST	ENSG00000003987	chr8	rs7017077	-0.1014480393	AMR
AMR_subclass_IN_SST	ENSG00000003987	chr8	rs4921741	-0.0240315436	AMR
AMR_subclass_IN_SST	ENSG00000003987	chr8	rs7387654	-0.0219091101	AMR
AMR_subclass_IN_SST	ENSG00000003987	chr8	rs2285277	-0.0001789314	AMR
AMR_subclass_IN_SST	ENSG00000003987	chr8	rs2410518	-0.0260922086	AMR
AMR_subclass_IN_SST	ENSG00000003987	chr8	rs4410943	-0.1136674921	AMR
AMR_subclass_IN_SST	ENSG00000003987	chr8	rs739337	-0.0186250558	AMR
AMR_subclass_IN_SST	ENSG00000003987	chr8	rs7011504	-0.004254817	AMR
AMR_subclass_IN_SST	ENSG00000003987	chr8	rs6587043	-0.0204076514	AMR
AMR_subclass_IN_SST	ENSG00000003987	chr8	rs17504533	-0.0797459997	AMR
AMR_subclass_IN_SST	ENSG00000003987	chr8	rs2517237	0.0138199825	AMR
AMR_subclass_IN_SST	ENSG00000003987	chr8	rs2720489	0.1848158159	AMR
AMR_subclass_IN_SST	ENSG00000003987	chr8	rs56296898	0.1228553791	AMR
AMR_subclass_IN_SST	ENSG00000003987	chr8	rs2237837	-0.0122322096	AMR
AMR_subclass_IN_SST	ENSG00000003987	chr8	rs2440545	-0.0123936267	AMR
AMR_subclass_IN_SST	ENSG00000003987	chr8	rs2427717	-0.0126643381	AMR
AMR_subclass_IN_SST	ENSG00000003987	chr8	rs13282332	0.0444353681	AMR
AMR_subclass_IN_SST	ENSG00000003987	chr8	rs7818959	0.0129403894	AMR
AMR_subclass_IN_SST	ENSG00000003987	chr8	rs73200172	0.017022856	AMR
AMR_subclass_IN_SST	ENSG00000003987	chr8	rs73200174	0.018837448	AMR
AMR_subclass_IN_SST	ENSG00000003987	chr8	rs116941318	0.0190050088	AMR
AMR_subclass_IN_SST	ENSG00000003987	chr8	rs7387900	-0.0186987091	AMR
AMR_subclass_IN_SST	ENSG00000003987	chr8	rs73200181	0.0184033569	AMR
AMR_subclass_IN_SST	ENSG00000003987	chr8	rs73200184	0.0181476272	AMR
AMR_subclass_IN_SST	ENSG00000003987	chr8	rs73200190	0.0178547625	AMR
AMR_subclass_IN_SST	ENSG00000003987	chr8	rs78930835	0.017468812	AMR
AMR_subclass_IN_SST	ENSG00000003987	chr8	rs73200196	0.0169694	AMR
AMR_subclass_IN_SST	ENSG00000003987	chr8	rs117479589	0.0163670749	AMR
AMR_subclass_IN_SST	ENSG00000003987	chr8	rs78978219	0.0156967534	AMR
AMR_subclass_IN_SST	ENSG00000003987	chr8	rs73204279	0.0150067271	AMR
AMR_subclass_IN_SST	ENSG00000003987	chr8	rs73204281	0.014345052	AMR
AMR_subclass_IN_SST	ENSG00000003987	chr8	rs73204288	0.0137481098	AMR
AMR_subclass_IN_SST	ENSG00000003987	chr8	rs73204290	0.0132343693	AMR
AMR_subclass_IN_SST	ENSG00000003987	chr8	rs73204294	0.0128035284	AMR
AMR_subclass_IN_SST	ENSG00000003987	chr8	rs73204295	0.0124395258	AMR
AMR_subclass_IN_SST	ENSG00000003987	chr8	rs73204298	0.0121155461	AMR
AMR_subclass_IN_SST	ENSG00000003987	chr8	rs73204302	0.0117995168	AMR
AMR_subclass_IN_SST	ENSG00000003987	chr8	rs79053730	0.0114591718	AMR
AMR_subclass_IN_SST	ENSG00000003987	chr8	rs73206204	0.0110662243	AMR
AMR_subclass_IN_SST	ENSG00000003987	chr8	rs73206206	0.0105994715	AMR
AMR_subclass_IN_SST	ENSG00000003987	chr8	rs78335589	-0.0657185971	AMR
AMR_subclass_IN_SST	ENSG00000003987	chr8	rs73206211	0.0099571649	AMR
AMR_subclass_IN_SST	ENSG00000003987	chr8	rs7846018	0.0053558544	AMR
AMR_subclass_IN_SST	ENSG00000003987	chr8	rs28427014	0.2415196407	AMR
AMR_subclass_IN_SST	ENSG00000003989	chr8	rs79161166	-0.0326733544	AMR
AMR_subclass_IN_SST	ENSG00000003989	chr8	rs7838403	-0.0854638107	AMR
AMR_subclass_IN_SST	ENSG00000003989	chr8	rs75073102	0.1514243814	AMR
AMR_subclass_IN_SST	ENSG00000003989	chr8	rs6985588	0.1580080798	AMR
AMR_subclass_IN_SST	ENSG00000003989	chr8	rs7833469	0.0128814914	AMR
AMR_subclass_IN_SST	ENSG00000003989	chr8	rs1433295	0.0186625983	AMR
AMR_subclass_IN_SST	ENSG00000003989	chr8	rs77585902	0.0569584262	AMR
AMR_subclass_IN_SST	ENSG00000003989	chr8	rs28862923	-0.0354331777	AMR
AMR_subclass_IN_SST	ENSG00000003989	chr8	rs113022518	-0.0375542539	AMR
AMR_subclass_IN_SST	ENSG00000003989	chr8	rs111421158	-0.0357958554	AMR
AMR_subclass_IN_SST	ENSG00000003989	chr8	rs73537858	-0.0328068587	AMR
AMR_subclass_IN_SST	ENSG00000003989	chr8	rs138963148	-0.0892411909	AMR
AMR_subclass_IN_SST	ENSG00000003989	chr8	rs150095909	-0.3759623718	AMR
AMR_subclass_IN_SST	ENSG00000003989	chr8	rs146237988	0.1991009238	AMR
AMR_subclass_IN_SST	ENSG00000003989	chr8	rs74870389	-0.0454999707	AMR
AMR_subclass_IN_SST	ENSG00000003989	chr8	rs55718493	-0.2630730963	AMR
AMR_subclass_IN_SST	ENSG00000003989	chr8	rs75407180	0.0606884735	AMR
AMR_subclass_IN_SST	ENSG00000003989	chr8	rs12549900	-0.3013096673	AMR
AMR_subclass_IN_SST	ENSG00000003989	chr8	rs66996376	0.0443077711	AMR
AMR_subclass_IN_SST	ENSG00000003989	chr8	rs191171520	-0.048414912	AMR
AMR_subclass_IN_SST	ENSG00000003989	chr8	rs148354628	0.0550772835	AMR
AMR_subclass_IN_SST	ENSG00000003989	chr8	rs11203826	0.0609723452	AMR
AMR_subclass_IN_SST	ENSG00000003989	chr8	rs3850756	0.0319077026	AMR
AMR_subclass_IN_SST	ENSG00000003989	chr8	rs3862107	0.0302518766	AMR
AMR_subclass_IN_SST	ENSG00000003989	chr8	rs2705215	0.030193496	AMR
AMR_subclass_IN_SST	ENSG00000003989	chr8	rs2517058	0.034932499	AMR
AMR_subclass_IN_SST	ENSG00000003989	chr8	rs964949	0.0049514865	AMR
AMR_subclass_IN_SST	ENSG00000003989	chr8	rs75338614	-0.2829443105	AMR
AMR_subclass_IN_SST	ENSG00000003989	chr8	rs115901033	-0.0398277166	AMR
AMR_subclass_IN_SST	ENSG00000003989	chr8	rs3793424	-0.002183982	AMR
AMR_subclass_IN_SST	ENSG00000003989	chr8	rs17124241	0.0090180915	AMR
AMR_subclass_IN_SST	ENSG00000003989	chr8	rs112802709	0.0092038005	AMR
AMR_subclass_IN_SST	ENSG00000003989	chr8	rs2410518	-0.0278014145	AMR
AMR_subclass_IN_SST	ENSG00000003989	chr8	rs10095783	-0.0567769438	AMR
AMR_subclass_IN_SST	ENSG00000003989	chr8	rs7003700	0.1073865688	AMR
AMR_subclass_IN_SST	ENSG00000003989	chr8	rs17688409	-0.0578015579	AMR
AMR_subclass_IN_SST	ENSG00000003989	chr8	rs75851169	0.0030528201	AMR
AMR_subclass_IN_SST	ENSG00000003989	chr8	rs77103880	0.0035519858	AMR
AMR_subclass_IN_SST	ENSG00000003989	chr8	rs17124742	0.1737726975	AMR
AMR_subclass_IN_SST	ENSG00000003989	chr8	rs74966253	0.0037531389	AMR
AMR_subclass_IN_SST	ENSG00000003989	chr8	rs17504533	-0.1601578436	AMR
AMR_subclass_IN_SST	ENSG00000003989	chr8	rs76973246	0.004171542	AMR
AMR_subclass_IN_SST	ENSG00000003989	chr8	rs13277561	0.2760149592	AMR
AMR_subclass_IN_SST	ENSG00000003989	chr8	rs116962785	0.2798155927	AMR
AMR_subclass_IN_SST	ENSG00000003989	chr8	rs2720489	0.0523101205	AMR
AMR_subclass_IN_SST	ENSG00000003989	chr8	rs6991561	-0.0562172562	AMR
AMR_subclass_IN_SST	ENSG00000003989	chr8	rs2517259	0.00268358	AMR
AMR_subclass_IN_SST	ENSG00000003989	chr8	rs2588168	0.0009524927	AMR
AMR_subclass_IN_SST	ENSG00000003989	chr8	rs2517260	-0.0233826327	AMR
AMR_subclass_IN_SST	ENSG00000003989	chr8	rs2720575	0.005165173	AMR
AMR_subclass_IN_SST	ENSG00000003989	chr8	rs141991805	0.0056342528	AMR
AMR_subclass_IN_SST	ENSG00000003989	chr8	rs79088892	0.0070027585	AMR
AMR_subclass_IN_SST	ENSG00000003989	chr8	rs77088089	0.0059160289	AMR
AMR_subclass_IN_SST	ENSG00000003989	chr8	rs61696445	0.0043747138	AMR
AMR_subclass_IN_SST	ENSG00000003989	chr8	rs147777568	0.002779604	AMR
AMR_subclass_IN_SST	ENSG00000003989	chr8	rs117403338	0.0014975129	AMR
AMR_subclass_IN_SST	ENSG00000003989	chr8	rs112459924	-0.0839489723	AMR
AMR_subclass_IN_SST	ENSG00000003989	chr8	rs112119422	-0.0842054212	AMR
AMR_subclass_IN_SST	ENSG00000003989	chr8	rs2517152	0.138531737	AMR
AMR_subclass_IN_SST	ENSG00000003989	chr8	rs2720528	-0.0848387467	AMR
AMR_subclass_IN_SST	ENSG00000003989	chr8	rs17589720	0.2245579449	AMR
AMR_subclass_IN_SST	ENSG00000003989	chr8	rs2588109	-0.0210722469	AMR
AMR_subclass_IN_SST	ENSG00000003989	chr8	rs2588107	-0.0115268259	AMR
AMR_subclass_IN_SST	ENSG00000003989	chr8	rs2237837	-0.0036029895	AMR
AMR_subclass_IN_SST	ENSG00000003989	chr8	rs2440545	-0.003288364	AMR
AMR_subclass_IN_SST	ENSG00000003989	chr8	rs2427717	-0.0027425175	AMR
AMR_subclass_IN_SST	ENSG00000003989	chr8	rs11782715	-0.0084429294	AMR
AMR_subclass_IN_SST	ENSG00000003989	chr8	rs2293879	-0.0067299228	AMR
AMR_subclass_IN_SST	ENSG00000003989	chr8	rs2979792	0.0512905698	AMR
AMR_subclass_IN_SST	ENSG00000003989	chr8	rs3862095	-0.0852530889	AMR
AMR_subclass_IN_SST	ENSG00000003989	chr8	rs73580542	-0.1898975588	AMR
AMR_subclass_IN_SST	ENSG00000003989	chr8	rs381826	0.0431754156	AMR
AMR_subclass_IN_SST	ENSG00000003989	chr8	rs138443942	-0.4547201678	AMR
AMR_subclass_IN_SST	ENSG00000003989	chr8	rs79496065	-0.0369705642	AMR
AMR_subclass_IN_SST	ENSG00000003989	chr8	rs116656083	-0.0383841642	AMR
AMR_subclass_IN_SST	ENSG00000003989	chr8	rs73573338	-0.1174121955	AMR
AMR_subclass_IN_SST	ENSG00000003989	chr8	rs386075	-0.0083823802	AMR
AMR_subclass_IN_SST	ENSG00000003989	chr8	rs13253463	0.130632798	AMR
AMR_subclass_IN_SST	ENSG00000003989	chr8	rs2285310	0.0022350986	AMR
AMR_subclass_IN_SST	ENSG00000003989	chr8	rs2299598	0.0598640931	AMR
AMR_subclass_IN_SST	ENSG00000003989	chr8	rs17635520	0.0023954555	AMR
AMR_subclass_IN_SST	ENSG00000003989	chr8	rs2301546	0.0024922222	AMR
AMR_subclass_IN_SST	ENSG00000003989	chr8	rs2739744	0.0439266227	AMR
AMR_subclass_IN_SST	ENSG00000003989	chr8	rs2263518	0.0450275743	AMR
AMR_subclass_IN_SST	ENSG00000003989	chr8	rs2040468	0.0488065996	AMR
AMR_subclass_IN_SST	ENSG00000003989	chr8	rs7834791	-0.0367927563	AMR
AMR_subclass_IN_SST	ENSG00000003989	chr8	rs76460901	-0.6947216442	AMR
AMR_subclass_IN_SST	ENSG00000003989	chr8	rs57183935	-0.083797561	AMR
AMR_subclass_IN_SST	ENSG00000003989	chr8	rs62494353	-0.0095701072	AMR
AMR_subclass_IN_SST	ENSG00000003989	chr8	rs117643163	-0.038830197	AMR
AMR_subclass_IN_SST	ENSG00000003989	chr8	rs11785247	-0.0377167025	AMR
AMR_subclass_IN_SST	ENSG00000003989	chr8	rs78330238	-0.0347375052	AMR
AMR_subclass_IN_SST	ENSG00000003989	chr8	rs140960133	0.1057824495	AMR
AMR_subclass_IN_SST	ENSG00000003989	chr8	rs11779767	-0.049561609	AMR
AMR_subclass_IN_SST	ENSG00000003989	chr8	rs2717721	-0.1803175715	AMR
AMR_subclass_IN_SST	ENSG00000004478	chr12	rs12813682	0.080303267	AMR
AMR_subclass_IN_SST	ENSG00000004478	chr12	rs117990721	0.034377123	AMR
AMR_subclass_IN_SST	ENSG00000004478	chr12	rs58235934	-0.337838457	AMR
AMR_subclass_IN_SST	ENSG00000004478	chr12	rs12578950	-0.00442426	AMR
AMR_subclass_IN_SST	ENSG00000004478	chr12	rs12825419	-0.348568337	AMR
AMR_subclass_IN_SST	ENSG00000004478	chr12	rs36044689	-0.052449975	AMR
AMR_subclass_IN_SST	ENSG00000004478	chr12	rs114600320	-0.090026805	AMR
AMR_subclass_IN_SST	ENSG00000004478	chr12	rs3782768	-0.001427565	AMR
AMR_subclass_IN_SST	ENSG00000004478	chr12	rs117089726	0.075324413	AMR
AMR_subclass_IN_SST	ENSG00000004478	chr12	rs11062754	0.017301016	AMR
AMR_subclass_IN_SST	ENSG00000004478	chr12	rs1860616	-0.027194298	AMR
AMR_subclass_IN_SST	ENSG00000004478	chr12	rs11062815	-0.026796058	AMR
AMR_subclass_IN_SST	ENSG00000005206	chr19	rs112442657	-0.12991891	AMR
AMR_subclass_IN_SST	ENSG00000005206	chr19	rs34243951	0.03355097	AMR
AMR_subclass_IN_SST	ENSG00000005206	chr19	rs73920521	0.18619167	AMR
AMR_subclass_IN_SST	ENSG00000006715	chr7	rs2255085	0.2459098	AMR
AMR_subclass_IN_SST	ENSG00000006715	chr7	rs2718047	0.2452017	AMR
AMR_subclass_IN_SST	ENSG00000006715	chr7	rs2709108	0.2389363	AMR
AMR_subclass_IN_SST	ENSG00000006715	chr7	rs78507207	-0.04171613	AMR
AMR_subclass_IN_SST	ENSG00000006715	chr7	rs189499514	0.04918143	AMR
AMR_subclass_IN_SST	ENSG00000006715	chr7	rs2598116	-0.1581739	AMR
AMR_subclass_IN_SST	ENSG00000006715	chr7	rs2598111	-0.007629981	AMR
AMR_subclass_IN_SST	ENSG00000006715	chr7	rs57149599	-0.1796984	AMR
AMR_subclass_IN_SST	ENSG00000006715	chr7	rs17237723	0.007641385	AMR
AMR_subclass_IN_SST	ENSG00000006715	chr7	rs1349394	0.007859663	AMR
AMR_subclass_IN_SST	ENSG00000006715	chr7	rs12666164	0.006767469	AMR
AMR_subclass_IN_SST	ENSG00000006715	chr7	rs56270138	0.005561462	AMR
AMR_subclass_IN_SST	ENSG00000006715	chr7	rs73122880	0.1280285	AMR
AMR_subclass_IN_SST	ENSG00000006715	chr7	rs1047812	-0.2302209	AMR
AMR_subclass_IN_SST	ENSG00000006715	chr7	rs140977748	0.0767403	AMR
AMR_subclass_IN_SST	ENSG00000006715	chr7	rs78777634	-0.1181493	AMR
AMR_subclass_IN_SST	ENSG00000006715	chr7	rs6947499	0.01097071	AMR
AMR_subclass_IN_SST	ENSG00000006715	chr7	rs73128631	0.03713711	AMR
AMR_subclass_IN_SST	ENSG00000006715	chr7	rs6462811	0.03958972	AMR
AMR_subclass_IN_SST	ENSG00000006715	chr7	rs55645831	0.01917888	AMR
AMR_subclass_IN_SST	ENSG00000006715	chr7	rs143475174	0.01354596	AMR
AMR_subclass_IN_SST	ENSG00000006715	chr7	rs78668496	0.01788146	AMR
AMR_subclass_IN_SST	ENSG00000006715	chr7	rs6966388	-0.03919842	AMR
AMR_subclass_IN_SST	ENSG00000006715	chr7	rs73113926	-0.03658549	AMR
AMR_subclass_IN_SST	ENSG00000006715	chr7	rs2735164	0.01670064	AMR
AMR_subclass_IN_SST	ENSG00000006715	chr7	rs117090244	0.1480998	AMR
AMR_subclass_IN_SST	ENSG00000006715	chr7	rs74768635	0.09910886	AMR
AMR_subclass_IN_SST	ENSG00000006715	chr7	rs79103599	0.1942591	AMR
AMR_subclass_IN_SST	ENSG00000006715	chr7	rs3778890	0.07957713	AMR
AMR_subclass_IN_SST	ENSG00000006715	chr7	rs184747938	-0.0210768	AMR
AMR_subclass_IN_SST	ENSG00000006715	chr7	rs1558618	0.008877717	AMR
AMR_subclass_IN_SST	ENSG00000006715	chr7	rs1120005	0.004729508	AMR
AMR_subclass_IN_SST	ENSG00000006715	chr7	rs7792006	0.01136664	AMR
AMR_subclass_IN_SST	ENSG00000006715	chr7	rs6951464	0.01259185	AMR
AMR_subclass_IN_SST	ENSG00000006715	chr7	rs2392571	0.003177102	AMR
AMR_subclass_IN_SST	ENSG00000006715	chr7	rs2192681	0.02722541	AMR
AMR_subclass_IN_SST	ENSG00000006715	chr7	rs1019285	0.02996923	AMR
AMR_subclass_IN_SST	ENSG00000006715	chr7	rs10266609	0.03384315	AMR
AMR_subclass_IN_SST	ENSG00000006715	chr7	rs2392572	0.0837693	AMR
AMR_subclass_IN_SST	ENSG00000006715	chr7	rs4723755	0.05891988	AMR
AMR_subclass_IN_SST	ENSG00000006715	chr7	rs4574754	0.05930947	AMR
AMR_subclass_IN_SST	ENSG00000006715	chr7	rs11561859	0.001829118	AMR
AMR_subclass_IN_SST	ENSG00000006715	chr7	rs967022	0.01339346	AMR
AMR_subclass_IN_SST	ENSG00000006715	chr7	rs10228705	0.02441193	AMR
AMR_subclass_IN_SST	ENSG00000006715	chr7	rs187939159	-0.06171724	AMR
AMR_subclass_IN_SST	ENSG00000006715	chr7	rs145055335	-0.07478349	AMR
AMR_subclass_IN_SST	ENSG00000006715	chr7	rs28575681	0.037082	AMR
AMR_subclass_IN_SST	ENSG00000006715	chr7	rs62442568	-0.103679	AMR
AMR_subclass_IN_SST	ENSG00000006715	chr7	rs62442569	-0.05229252	AMR
AMR_subclass_IN_SST	ENSG00000006715	chr7	rs11760351	0.0587855	AMR
AMR_subclass_IN_SST	ENSG00000006715	chr7	rs7781415	-0.08137606	AMR
AMR_subclass_IN_SST	ENSG00000006715	chr7	rs62442581	-0.03569986	AMR
AMR_subclass_IN_SST	ENSG00000006715	chr7	rs147444900	-0.2794699	AMR
AMR_subclass_IN_SST	ENSG00000006715	chr7	rs12701653	0.01334832	AMR
AMR_subclass_IN_SST	ENSG00000006715	chr7	rs34705182	0.01101325	AMR
AMR_subclass_IN_SST	ENSG00000006715	chr7	rs17171458	0.001930537	AMR
AMR_subclass_IN_SST	ENSG00000006715	chr7	rs17171461	0.0003868922	AMR
AMR_subclass_IN_SST	ENSG00000006715	chr7	rs61246172	5.811039e-05	AMR
AMR_subclass_IN_SST	ENSG00000006715	chr7	rs113347199	0.03692722	AMR
AMR_subclass_IN_SST	ENSG00000006715	chr7	rs116876251	0.04548457	AMR
AMR_subclass_IN_SST	ENSG00000006715	chr7	rs117511477	-0.522894	AMR
AMR_subclass_IN_SST	ENSG00000006715	chr7	rs12672089	0.007860602	AMR
AMR_subclass_IN_SST	ENSG00000006715	chr7	rs12701692	0.01701158	AMR
AMR_subclass_IN_SST	ENSG00000006715	chr7	rs12216704	-0.03933521	AMR
AMR_subclass_IN_SST	ENSG00000006715	chr7	rs4723822	0.04388348	AMR
AMR_subclass_IN_SST	ENSG00000006715	chr7	rs12670510	0.04406606	AMR
AMR_subclass_IN_SST	ENSG00000006715	chr7	rs62442210	0.009694882	AMR
AMR_subclass_IN_SST	ENSG00000006715	chr7	rs953874	0.005937155	AMR
AMR_subclass_IN_SST	ENSG00000006715	chr7	rs200726371	0.08373594	AMR
AMR_subclass_IN_SST	ENSG00000006715	chr7	rs55917409	0.08080899	AMR
AMR_subclass_IN_SST	ENSG00000006715	chr7	rs4498449	0.004163164	AMR
AMR_subclass_IN_SST	ENSG00000006715	chr7	rs12701718	0.003927795	AMR
AMR_subclass_IN_SST	ENSG00000006715	chr7	rs75082513	0.3713244	AMR
AMR_subclass_IN_SST	ENSG00000006715	chr7	rs4072718	0.002499702	AMR
AMR_subclass_IN_SST	ENSG00000006715	chr7	rs34421793	0.001307207	AMR
AMR_subclass_IN_SST	ENSG00000006715	chr7	rs6949610	0.0005814535	AMR
AMR_subclass_IN_SST	ENSG00000006715	chr7	rs12669066	0.0002276752	AMR
AMR_subclass_IN_SST	ENSG00000006715	chr7	rs4549686	8.014594e-05	AMR
AMR_subclass_IN_SST	ENSG00000006715	chr7	rs12701720	2.576086e-05	AMR
AMR_subclass_IN_SST	ENSG00000006715	chr7	rs12701721	7.654643e-06	AMR
AMR_subclass_IN_SST	ENSG00000006715	chr7	rs4130698	2.123985e-06	AMR
AMR_subclass_IN_SST	ENSG00000006715	chr7	rs4723848	5.549143e-07	AMR
AMR_subclass_IN_SST	ENSG00000006715	chr7	rs12701725	1.374349e-07	AMR
AMR_subclass_IN_SST	ENSG00000006715	chr7	rs4236358	3.244892e-08	AMR
AMR_subclass_IN_SST	ENSG00000006715	chr7	rs6462905	0.005603091	AMR
AMR_subclass_IN_SST	ENSG00000006715	chr7	rs7806341	0.006355119	AMR
AMR_subclass_IN_SST	ENSG00000006715	chr7	rs7806608	0.006965096	AMR
AMR_subclass_IN_SST	ENSG00000006715	chr7	rs6462909	0.007205284	AMR
AMR_subclass_IN_SST	ENSG00000006715	chr7	rs60467141	0.00711246	AMR
AMR_subclass_IN_SST	ENSG00000006715	chr7	rs35354413	0.006824491	AMR
AMR_subclass_IN_SST	ENSG00000006715	chr7	rs4723851	0.006473399	AMR
AMR_subclass_IN_SST	ENSG00000006715	chr7	rs4723854	0.006131256	AMR
AMR_subclass_IN_SST	ENSG00000006715	chr7	rs62455931	0.02993363	AMR
AMR_subclass_IN_SST	ENSG00000006715	chr7	rs142798944	-0.0539458	AMR
AMR_subclass_IN_SST	ENSG00000006715	chr7	rs6953591	0.04959725	AMR
AMR_subclass_IN_SST	ENSG00000006715	chr7	rs73375632	0.1032231	AMR
AMR_subclass_IN_SST	ENSG00000006715	chr7	rs6462941	0.002641284	AMR
AMR_subclass_IN_SST	ENSG00000006715	chr7	rs145798419	0.0004960447	AMR
AMR_subclass_IN_SST	ENSG00000006715	chr7	rs10275323	-0.009032325	AMR
AMR_subclass_IN_SST	ENSG00000006715	chr7	rs10246887	-0.0203933	AMR
AMR_subclass_IN_SST	ENSG00000006715	chr7	rs13438365	-0.02295205	AMR
AMR_subclass_IN_SST	ENSG00000006715	chr7	rs28369508	-0.02225988	AMR
AMR_subclass_IN_SST	ENSG00000006715	chr7	rs13438032	-0.02095182	AMR
AMR_subclass_IN_SST	ENSG00000006715	chr7	rs76516478	-0.01983474	AMR
AMR_subclass_IN_SST	ENSG00000006715	chr7	rs6969532	-0.01898344	AMR
AMR_subclass_IN_SST	ENSG00000006715	chr7	rs6970005	-0.01834885	AMR
AMR_subclass_IN_SST	ENSG00000006715	chr7	rs4442036	-0.01788093	AMR
AMR_subclass_IN_SST	ENSG00000006715	chr7	rs4576335	-0.01752549	AMR
AMR_subclass_IN_SST	ENSG00000006715	chr7	rs10236094	-0.01722133	AMR
AMR_subclass_IN_SST	ENSG00000006715	chr7	rs74937850	-0.01691175	AMR
AMR_subclass_IN_SST	ENSG00000006715	chr7	rs10267798	-0.01655766	AMR
AMR_subclass_IN_SST	ENSG00000006715	chr7	rs10225234	-0.01614256	AMR
AMR_subclass_IN_SST	ENSG00000006715	chr7	rs7780842	-0.01566832	AMR
AMR_subclass_IN_SST	ENSG00000006715	chr7	rs7780717	-0.01514659	AMR
AMR_subclass_IN_SST	ENSG00000006715	chr7	rs7789960	-0.01459106	AMR
AMR_subclass_IN_SST	ENSG00000006715	chr7	rs145488208	-0.149588	AMR
AMR_subclass_IN_SST	ENSG00000006715	chr7	rs10248130	-0.0139806	AMR
AMR_subclass_IN_SST	ENSG00000006715	chr7	rs10236934	-0.01339676	AMR
AMR_subclass_IN_SST	ENSG00000006715	chr7	rs117351773	-0.0127959	AMR
AMR_subclass_IN_SST	ENSG00000006715	chr7	rs10231184	-0.1059394	AMR
AMR_subclass_IN_SST	ENSG00000007062	chr4	rs145514004	-0.03167364	AMR
AMR_subclass_IN_SST	ENSG00000007062	chr4	rs7661287	0.1103164	AMR
AMR_subclass_IN_SST	ENSG00000007062	chr4	rs2160043	0.08142742	AMR
AMR_subclass_IN_SST	ENSG00000007062	chr4	rs4508877	-0.10192732	AMR
AMR_subclass_IN_SST	ENSG00000007062	chr4	rs6828211	-0.30842815	AMR
AMR_subclass_IN_SST	ENSG00000007062	chr4	rs7669150	-0.23692669	AMR
AMR_subclass_IN_SST	ENSG00000007062	chr4	rs73232601	0.1125825	AMR
AMR_subclass_IN_SST	ENSG00000007062	chr4	rs11939747	-0.02822371	AMR
AMR_subclass_IN_SST	ENSG00000007062	chr4	rs11944589	-0.02689875	AMR
AMR_subclass_IN_SST	ENSG00000007516	chr16	rs79868981	0.030303648	AMR
AMR_subclass_IN_SST	ENSG00000007516	chr16	rs112108635	-0.015874999	AMR
AMR_subclass_IN_SST	ENSG00000007516	chr16	rs3897150	-0.090928634	AMR
AMR_subclass_IN_SST	ENSG00000007516	chr16	rs11248860	-0.115506548	AMR
AMR_subclass_IN_SST	ENSG00000007516	chr16	rs11641981	-0.010440834	AMR
AMR_subclass_IN_SST	ENSG00000007516	chr16	rs8058416	-0.034083268	AMR
AMR_subclass_IN_SST	ENSG00000007516	chr16	rs7193547	-0.034202901	AMR
AMR_subclass_IN_SST	ENSG00000007516	chr16	rs4984844	0.172216581	AMR
AMR_subclass_IN_SST	ENSG00000007516	chr16	rs9788829	-0.004182772	AMR
AMR_subclass_IN_SST	ENSG00000007516	chr16	rs7205059	-0.022501371	AMR
AMR_subclass_IN_SST	ENSG00000007516	chr16	rs9932983	-0.052176798	AMR
AMR_subclass_IN_SST	ENSG00000007516	chr16	rs9926962	-0.002832578	AMR
AMR_subclass_IN_SST	ENSG00000007516	chr16	rs9929264	-0.003310114	AMR
AMR_subclass_IN_SST	ENSG00000007516	chr16	rs9929803	-0.003212904	AMR
AMR_subclass_IN_SST	ENSG00000007516	chr16	rs9939694	-0.00279012	AMR
AMR_subclass_IN_SST	ENSG00000007516	chr16	rs9939766	-0.002246127	AMR
AMR_subclass_IN_SST	ENSG00000007516	chr16	rs9929893	-0.001696923	AMR
AMR_subclass_IN_SST	ENSG00000008283	chr17	rs9903476	-0.0566373646	AMR
AMR_subclass_IN_SST	ENSG00000008283	chr17	rs34740982	0.0021019579	AMR
AMR_subclass_IN_SST	ENSG00000008283	chr17	rs7207214	-0.0074030696	AMR
AMR_subclass_IN_SST	ENSG00000008283	chr17	rs72843173	-0.011145496	AMR
AMR_subclass_IN_SST	ENSG00000008283	chr17	rs72843182	-0.0134833498	AMR
AMR_subclass_IN_SST	ENSG00000008283	chr17	rs17548798	-0.0002402929	AMR
AMR_subclass_IN_SST	ENSG00000008283	chr17	rs7224059	-0.0004034065	AMR
AMR_subclass_IN_SST	ENSG00000008283	chr17	rs6504150	-0.0033996919	AMR
AMR_subclass_IN_SST	ENSG00000008283	chr17	rs7207663	-0.0003690204	AMR
AMR_subclass_IN_SST	ENSG00000008283	chr17	rs72843189	-0.0125405966	AMR
AMR_subclass_IN_SST	ENSG00000008283	chr17	rs9892875	-0.0032407372	AMR
AMR_subclass_IN_SST	ENSG00000008283	chr17	rs4968753	-0.0099227335	AMR
AMR_subclass_IN_SST	ENSG00000008283	chr17	rs7209469	-0.0102405629	AMR
AMR_subclass_IN_SST	ENSG00000008283	chr17	rs9908459	-0.010457367	AMR
AMR_subclass_IN_SST	ENSG00000008283	chr17	rs4387652	-0.0106324996	AMR
AMR_subclass_IN_SST	ENSG00000008283	chr17	rs17683399	-0.0107755484	AMR
AMR_subclass_IN_SST	ENSG00000008283	chr17	rs17683477	-0.0108912266	AMR
AMR_subclass_IN_SST	ENSG00000008283	chr17	rs1029883	-0.0109914707	AMR
AMR_subclass_IN_SST	ENSG00000008283	chr17	rs2440141	-0.0110900753	AMR
AMR_subclass_IN_SST	ENSG00000008283	chr17	rs2440142	-0.0111969998	AMR
AMR_subclass_IN_SST	ENSG00000008283	chr17	rs2447455	-0.0113164004	AMR
AMR_subclass_IN_SST	ENSG00000008283	chr17	rs72845216	-0.0099905242	AMR
AMR_subclass_IN_SST	ENSG00000008283	chr17	rs2927291	-0.0113455584	AMR
AMR_subclass_IN_SST	ENSG00000008283	chr17	rs2460110	-0.0115294001	AMR
AMR_subclass_IN_SST	ENSG00000008283	chr17	rs2460109	-0.0116884492	AMR
AMR_subclass_IN_SST	ENSG00000008283	chr17	rs1518772	-0.0118350744	AMR
AMR_subclass_IN_SST	ENSG00000008283	chr17	rs2218359	-0.012679304	AMR
AMR_subclass_IN_SST	ENSG00000008283	chr17	rs2440144	-0.0096638397	AMR
AMR_subclass_IN_SST	ENSG00000008283	chr17	rs2920444	-0.0109036278	AMR
AMR_subclass_IN_SST	ENSG00000008283	chr17	rs2460108	-0.0113498086	AMR
AMR_subclass_IN_SST	ENSG00000008283	chr17	rs1899634	-0.0114873539	AMR
AMR_subclass_IN_SST	ENSG00000008283	chr17	rs2447451	-0.0115392453	AMR
AMR_subclass_IN_SST	ENSG00000008283	chr17	rs2447452	-0.0115877133	AMR
AMR_subclass_IN_SST	ENSG00000008283	chr17	rs2429430	-0.0066360984	AMR
AMR_subclass_IN_SST	ENSG00000008283	chr17	rs1015760	-0.0106363045	AMR
AMR_subclass_IN_SST	ENSG00000008283	chr17	rs3809721	-0.0851341724	AMR
AMR_subclass_IN_SST	ENSG00000008283	chr17	rs1029764	-0.0806594512	AMR
AMR_subclass_IN_SST	ENSG00000008283	chr17	rs9893857	-0.0801148998	AMR
AMR_subclass_IN_SST	ENSG00000008283	chr17	rs2270133	-0.0794716186	AMR
AMR_subclass_IN_SST	ENSG00000008283	chr17	rs7224147	-0.0788378755	AMR
AMR_subclass_IN_SST	ENSG00000008283	chr17	rs9889828	-0.0524381471	AMR
AMR_subclass_IN_SST	ENSG00000008283	chr17	rs4968647	-0.0822712062	AMR
AMR_subclass_IN_SST	ENSG00000008283	chr17	rs10468560	-0.0183139041	AMR
AMR_subclass_IN_SST	ENSG00000008283	chr17	rs4313	-0.1016281554	AMR
AMR_subclass_IN_SST	ENSG00000008283	chr17	rs895380196	0.052092095	AMR
AMR_subclass_IN_SST	ENSG00000008294	chr17	rs72834156	-0.1495853	AMR
AMR_subclass_IN_SST	ENSG00000009307	chr1	rs17032011	-0.003184041	AMR
AMR_subclass_IN_SST	ENSG00000009307	chr1	rs10494164	-0.030397827	AMR
AMR_subclass_IN_SST	ENSG00000009307	chr1	rs78522870	0.012669931	AMR
AMR_subclass_IN_SST	ENSG00000009307	chr1	rs536368	0.021973112	AMR
AMR_subclass_IN_SST	ENSG00000009307	chr1	rs901137	0.300614453	AMR
AMR_subclass_IN_SST	ENSG00000009307	chr1	rs12741053	-0.046210621	AMR
AMR_subclass_IN_SST	ENSG00000009307	chr1	rs2179926	0.022547521	AMR
AMR_subclass_IN_SST	ENSG00000009307	chr1	rs11466102	-0.025665997	AMR
AMR_subclass_IN_SST	ENSG00000009307	chr1	rs79909222	-0.02851768	AMR
AMR_subclass_IN_SST	ENSG00000009307	chr1	rs4623700	-0.029097204	AMR
AMR_subclass_IN_SST	ENSG00000009307	chr1	rs4626883	-0.027986395	AMR
AMR_subclass_IN_SST	ENSG00000009307	chr1	rs10858073	-0.026170661	AMR
AMR_subclass_IN_SST	ENSG00000009307	chr1	rs12752458	-0.009933385	AMR
AMR_subclass_IN_SST	ENSG00000011021	chr1	rs1280977	0.011687037	AMR
AMR_subclass_IN_SST	ENSG00000011021	chr1	rs1280976	0.010292014	AMR
AMR_subclass_IN_SST	ENSG00000011021	chr1	rs72643298	0.033356196	AMR
AMR_subclass_IN_SST	ENSG00000011021	chr1	rs6689838	0.026132384	AMR
AMR_subclass_IN_SST	ENSG00000011021	chr1	rs11121669	0.006035217	AMR
AMR_subclass_IN_SST	ENSG00000011021	chr1	rs75805705	-0.111848102	AMR
AMR_subclass_IN_SST	ENSG00000011021	chr1	rs61775592	-0.206312407	AMR
AMR_subclass_IN_SST	ENSG00000011021	chr1	rs61560478	-0.018580234	AMR
AMR_subclass_IN_SST	ENSG00000011021	chr1	rs116224084	0.026602786	AMR
AMR_subclass_IN_SST	ENSG00000011021	chr1	rs61296989	0.025449313	AMR
AMR_subclass_IN_SST	ENSG00000011021	chr1	rs117944656	-0.471133353	AMR
AMR_subclass_IN_SST	ENSG00000011021	chr1	rs60693530	0.220306342	AMR
AMR_subclass_IN_SST	ENSG00000011021	chr1	rs12404709	0.266167248	AMR
AMR_subclass_IN_SST	ENSG00000011021	chr1	rs79854152	0.115145274	AMR
AMR_subclass_IN_SST	ENSG00000011021	chr1	rs3125818	-0.104409588	AMR
AMR_subclass_IN_SST	ENSG00000011021	chr1	rs12133335	-0.007703617	AMR
AMR_subclass_IN_SST	ENSG00000011021	chr1	rs59434666	-0.058793417	AMR
AMR_subclass_IN_SST	ENSG00000011021	chr1	rs79398623	-0.059748893	AMR
AMR_subclass_IN_SST	ENSG00000011021	chr1	rs78893952	-0.059330509	AMR
AMR_subclass_IN_SST	ENSG00000011021	chr1	rs56182507	-0.058187122	AMR
AMR_subclass_IN_SST	ENSG00000011021	chr1	rs76390929	-0.095063701	AMR
AMR_subclass_IN_SST	ENSG00000011021	chr1	rs1883573	-0.006416093	AMR
AMR_subclass_IN_SST	ENSG00000011021	chr1	rs9651118	-0.0413658	AMR
AMR_subclass_IN_SST	ENSG00000011021	chr1	rs7537714	0.101111396	AMR
AMR_subclass_IN_SST	ENSG00000011021	chr1	rs6701404	-0.015521581	AMR
AMR_subclass_IN_SST	ENSG00000011021	chr1	rs7511907	-0.00651033	AMR
AMR_subclass_IN_SST	ENSG00000011021	chr1	rs1201157	0.014088605	AMR
AMR_subclass_IN_SST	ENSG00000011021	chr1	rs6541035	0.007381899	AMR
AMR_subclass_IN_SST	ENSG00000011021	chr1	rs10864565	0.007772021	AMR
AMR_subclass_IN_SST	ENSG00000011021	chr1	rs10864566	0.006942467	AMR
AMR_subclass_IN_SST	ENSG00000011021	chr1	rs4846114	0.005708778	AMR
AMR_subclass_IN_SST	ENSG00000011021	chr1	rs12074347	0.082634916	AMR
AMR_subclass_IN_SST	ENSG00000011021	chr1	rs111943707	0.210212491	AMR
AMR_subclass_IN_SST	ENSG00000011021	chr1	rs61777490	-0.001650538	AMR
AMR_subclass_IN_SST	ENSG00000011258	chr17	rs12150329	-0.0007712735	AMR
AMR_subclass_IN_SST	ENSG00000011258	chr17	rs80239807	0.0615449193	AMR
AMR_subclass_IN_SST	ENSG00000011258	chr17	rs72832422	-0.1433381204	AMR
AMR_subclass_IN_SST	ENSG00000011258	chr17	rs2586456	0.128907048	AMR
AMR_subclass_IN_SST	ENSG00000011258	chr17	rs12449998	-0.0406431064	AMR
AMR_subclass_IN_SST	ENSG00000011258	chr17	rs76221971	-0.2839596303	AMR
AMR_subclass_IN_SST	ENSG00000011258	chr17	rs115848216	-0.0222197426	AMR
AMR_subclass_IN_SST	ENSG00000011258	chr17	rs8081182	0.0927346636	AMR
AMR_subclass_IN_SST	ENSG00000011258	chr17	rs56653881	-0.0121927999	AMR
AMR_subclass_IN_SST	ENSG00000011258	chr17	rs62062064	-0.0114272489	AMR
AMR_subclass_IN_SST	ENSG00000011258	chr17	rs17662433	-0.2102978192	AMR
AMR_subclass_IN_SST	ENSG00000011258	chr17	rs112577714	0.0317379552	AMR
AMR_subclass_IN_SST	ENSG00000011258	chr17	rs4794259	0.0330993327	AMR
AMR_subclass_IN_SST	ENSG00000011258	chr17	rs16950089	0.0973054916	AMR
AMR_subclass_IN_SST	ENSG00000011258	chr17	rs9905425	0.0587657433	AMR
AMR_subclass_IN_SST	ENSG00000011258	chr17	rs113751294	0.0944603104	AMR
AMR_subclass_IN_SST	ENSG00000011258	chr17	rs16950361	0.0871036065	AMR
AMR_subclass_IN_SST	ENSG00000011258	chr17	rs16950363	0.085198953	AMR
AMR_subclass_IN_SST	ENSG00000011258	chr17	rs7220115	0.0457965893	AMR
AMR_subclass_IN_SST	ENSG00000011275	chr7	rs4723976	0.001001686	AMR
AMR_subclass_IN_SST	ENSG00000011275	chr7	rs73305392	-0.137790601	AMR
AMR_subclass_IN_SST	ENSG00000011275	chr7	rs300535	-0.028263776	AMR
AMR_subclass_IN_SST	ENSG00000011275	chr7	rs10951718	0.029749729	AMR
AMR_subclass_IN_SST	ENSG00000011275	chr7	rs12669103	0.030239444	AMR
AMR_subclass_IN_SST	ENSG00000011275	chr7	rs60810442	0.029320196	AMR
AMR_subclass_IN_SST	ENSG00000011275	chr7	rs73328996	-0.080070434	AMR
AMR_subclass_IN_SST	ENSG00000011275	chr7	rs111705861	-0.079284708	AMR
AMR_subclass_IN_SST	ENSG00000011275	chr7	rs10239329	0.243626951	AMR
AMR_subclass_IN_SST	ENSG00000011275	chr7	rs61732321	0.057925609	AMR
AMR_subclass_IN_SST	ENSG00000011275	chr7	rs13235458	-0.007773122	AMR
AMR_subclass_IN_SST	ENSG00000011275	chr7	rs13223364	-0.007581007	AMR
AMR_subclass_IN_SST	ENSG00000011275	chr7	rs55833421	-0.049970735	AMR
AMR_subclass_IN_SST	ENSG00000011275	chr7	rs77938943	-0.045346908	AMR
AMR_subclass_IN_SST	ENSG00000011275	chr7	rs852479	0.005343737	AMR
AMR_subclass_IN_SST	ENSG00000011275	chr7	rs116947168	0.032578354	AMR
AMR_subclass_IN_SST	ENSG00000011275	chr7	rs148712951	-0.029148994	AMR
AMR_subclass_IN_SST	ENSG00000011275	chr7	rs76472186	0.01072611	AMR
AMR_subclass_IN_SST	ENSG00000011275	chr7	rs55678664	0.012116207	AMR
AMR_subclass_IN_SST	ENSG00000011275	chr7	rs79538028	0.011854376	AMR
AMR_subclass_IN_SST	ENSG00000011275	chr7	rs13222002	-0.007780552	AMR
AMR_subclass_IN_SST	ENSG00000011275	chr7	rs142931608	-0.013585116	AMR
AMR_subclass_IN_SST	ENSG00000011275	chr7	rs147347109	-0.013169617	AMR
AMR_subclass_IN_SST	ENSG00000011275	chr7	rs117403335	0.254975683	AMR
AMR_subclass_IN_SST	ENSG00000011426	chr7	rs7776612	-0.00907617	AMR
AMR_subclass_IN_SST	ENSG00000011426	chr7	rs2302527	0.003644802	AMR
AMR_subclass_IN_SST	ENSG00000011426	chr7	rs6957214	0.00382844	AMR
AMR_subclass_IN_SST	ENSG00000011426	chr7	rs2041632	0.004576143	AMR
AMR_subclass_IN_SST	ENSG00000011426	chr7	rs3801309	0.04156995	AMR
AMR_subclass_IN_SST	ENSG00000011426	chr7	rs28825163	0.041877751	AMR
AMR_subclass_IN_SST	ENSG00000011426	chr7	rs12535394	0.086811474	AMR
AMR_subclass_IN_SST	ENSG00000011426	chr7	rs6462676	0.040831259	AMR
AMR_subclass_IN_SST	ENSG00000012963	chr14	rs117744228	-0.1525980464	AMR
AMR_subclass_IN_SST	ENSG00000012963	chr14	rs11621207	-0.0069628254	AMR
AMR_subclass_IN_SST	ENSG00000012963	chr14	rs11621245	-0.0085443753	AMR
AMR_subclass_IN_SST	ENSG00000012963	chr14	rs78682977	-0.0086549717	AMR
AMR_subclass_IN_SST	ENSG00000012963	chr14	rs77816393	-0.0082872561	AMR
AMR_subclass_IN_SST	ENSG00000012963	chr14	rs11624953	-0.0081060655	AMR
AMR_subclass_IN_SST	ENSG00000012963	chr14	rs77269340	-0.0042999411	AMR
AMR_subclass_IN_SST	ENSG00000012963	chr14	rs11625904	-0.0079361169	AMR
AMR_subclass_IN_SST	ENSG00000012963	chr14	rs11626066	-0.0047929891	AMR
AMR_subclass_IN_SST	ENSG00000012963	chr14	rs34270042	-0.0081889811	AMR
AMR_subclass_IN_SST	ENSG00000012963	chr14	rs79213352	-0.0193758927	AMR
AMR_subclass_IN_SST	ENSG00000012963	chr14	rs75215137	-0.019372928	AMR
AMR_subclass_IN_SST	ENSG00000012963	chr14	rs76282236	-0.0179748657	AMR
AMR_subclass_IN_SST	ENSG00000012963	chr14	rs190178059	-0.0162934105	AMR
AMR_subclass_IN_SST	ENSG00000012963	chr14	rs182226670	-0.014635723	AMR
AMR_subclass_IN_SST	ENSG00000012963	chr14	rs77696761	-0.0049196502	AMR
AMR_subclass_IN_SST	ENSG00000012963	chr14	rs12431633	-0.3776326414	AMR
AMR_subclass_IN_SST	ENSG00000012963	chr14	rs75120135	0.0197425018	AMR
AMR_subclass_IN_SST	ENSG00000012963	chr14	rs8008517	-0.005535222	AMR
AMR_subclass_IN_SST	ENSG00000012963	chr14	rs8009910	-0.0059680446	AMR
AMR_subclass_IN_SST	ENSG00000012963	chr14	rs10144991	-0.0058267237	AMR
AMR_subclass_IN_SST	ENSG00000012963	chr14	rs61540072	0.102260865	AMR
AMR_subclass_IN_SST	ENSG00000012963	chr14	rs61975768	0.1662398878	AMR
AMR_subclass_IN_SST	ENSG00000012963	chr14	rs72697299	-0.0992901042	AMR
AMR_subclass_IN_SST	ENSG00000012963	chr14	rs7146689	-0.0672642558	AMR
AMR_subclass_IN_SST	ENSG00000012963	chr14	rs7142369	0.0184939957	AMR
AMR_subclass_IN_SST	ENSG00000012963	chr14	rs80019451	0.017769014	AMR
AMR_subclass_IN_SST	ENSG00000012963	chr14	rs7151686	0.0181518654	AMR
AMR_subclass_IN_SST	ENSG00000012963	chr14	rs7151562	0.0186098102	AMR
AMR_subclass_IN_SST	ENSG00000012963	chr14	rs1242099	-0.036517149	AMR
AMR_subclass_IN_SST	ENSG00000012963	chr14	rs1242097	-0.0357159032	AMR
AMR_subclass_IN_SST	ENSG00000012963	chr14	rs143211165	-0.0168330724	AMR
AMR_subclass_IN_SST	ENSG00000012963	chr14	rs151190557	-0.0160726607	AMR
AMR_subclass_IN_SST	ENSG00000012963	chr14	rs2295401	0.0008783751	AMR
AMR_subclass_IN_SST	ENSG00000012963	chr14	rs12435325	0.0739248731	AMR
AMR_subclass_IN_SST	ENSG00000012963	chr14	rs11160108	0.0420031413	AMR
AMR_subclass_IN_SST	ENSG00000012963	chr14	rs60005848	-0.0543889149	AMR
AMR_subclass_IN_SST	ENSG00000012963	chr14	rs10138580	-0.0774152085	AMR
AMR_subclass_IN_SST	ENSG00000012963	chr14	rs61377624	-0.0406991459	AMR
AMR_subclass_IN_SST	ENSG00000012963	chr14	rs12436182	0.0859218097	AMR
AMR_subclass_IN_SST	ENSG00000012963	chr14	rs12434083	0.0852318367	AMR
AMR_subclass_IN_SST	ENSG00000012963	chr14	rs59508125	-0.1041808054	AMR
AMR_subclass_IN_SST	ENSG00000012963	chr14	rs60792440	-0.1050189581	AMR
AMR_subclass_IN_SST	ENSG00000012963	chr14	rs10133592	-0.0257687441	AMR
AMR_subclass_IN_SST	ENSG00000012963	chr14	rs1012016	-0.0757383567	AMR
AMR_subclass_IN_SST	ENSG00000012963	chr14	rs74866924	-0.0074421438	AMR
AMR_subclass_IN_SST	ENSG00000012963	chr14	rs10142741	-0.0077235463	AMR
AMR_subclass_IN_SST	ENSG00000012963	chr14	rs8003508	-0.0293709388	AMR
AMR_subclass_IN_SST	ENSG00000012963	chr14	rs12433532	-0.0291946853	AMR
AMR_subclass_IN_SST	ENSG00000012963	chr14	rs11160159	-0.004638003	AMR
AMR_subclass_IN_SST	ENSG00000012963	chr14	rs11160161	-0.0398351747	AMR
AMR_subclass_IN_SST	ENSG00000012963	chr14	rs3790041	-0.0285228225	AMR
AMR_subclass_IN_SST	ENSG00000012963	chr14	rs59726758	-0.0022020606	AMR
AMR_subclass_IN_SST	ENSG00000012963	chr14	rs9972236	-0.0944447184	AMR
AMR_subclass_IN_SST	ENSG00000012963	chr14	rs45539232	-0.1851340353	AMR
AMR_subclass_IN_SST	ENSG00000013364	chr16	rs547043752	-0.009237766	AMR
AMR_subclass_IN_SST	ENSG00000013364	chr16	rs74017644	0.155409173	AMR
AMR_subclass_IN_SST	ENSG00000013364	chr16	rs3751847	-0.007798365	AMR
AMR_subclass_IN_SST	ENSG00000013364	chr16	rs3794703	-0.007628429	AMR
AMR_subclass_IN_SST	ENSG00000013573	chr12	rs80271585	-0.0514654987	AMR
AMR_subclass_IN_SST	ENSG00000013573	chr12	rs73089167	-0.0065578269	AMR
AMR_subclass_IN_SST	ENSG00000013573	chr12	rs10450691	0.004092873	AMR
AMR_subclass_IN_SST	ENSG00000013573	chr12	rs12321439	0.0040425489	AMR
AMR_subclass_IN_SST	ENSG00000013573	chr12	rs12372546	0.0044098066	AMR
AMR_subclass_IN_SST	ENSG00000013573	chr12	rs10771658	0.0177460094	AMR
AMR_subclass_IN_SST	ENSG00000013573	chr12	rs11050720	0.0011482053	AMR
AMR_subclass_IN_SST	ENSG00000013573	chr12	rs17519669	0.0003124289	AMR
AMR_subclass_IN_SST	ENSG00000013573	chr12	rs2351226	0.0384447665	AMR
AMR_subclass_IN_SST	ENSG00000013573	chr12	rs6487888	0.0381673813	AMR
AMR_subclass_IN_SST	ENSG00000013573	chr12	rs10843662	0.0015384475	AMR
AMR_subclass_IN_SST	ENSG00000013573	chr12	rs61673998	-0.1602552973	AMR
AMR_subclass_IN_SST	ENSG00000013573	chr12	rs7959063	-0.051755016	AMR
AMR_subclass_IN_SST	ENSG00000013573	chr12	rs61921073	0.0075721338	AMR
AMR_subclass_IN_SST	ENSG00000013573	chr12	rs12371494	0.0070895127	AMR
AMR_subclass_IN_SST	ENSG00000013573	chr12	rs12367036	0.0075727306	AMR
AMR_subclass_IN_SST	ENSG00000013573	chr12	rs11050935	0.0081015471	AMR
AMR_subclass_IN_SST	ENSG00000013573	chr12	rs61921136	0.0084581697	AMR
AMR_subclass_IN_SST	ENSG00000013573	chr12	rs812748	0.0145256545	AMR
AMR_subclass_IN_SST	ENSG00000013573	chr12	rs11051137	0.0295438851	AMR
AMR_subclass_IN_SST	ENSG00000013573	chr12	rs7971103	0.0011795167	AMR
AMR_subclass_IN_SST	ENSG00000013573	chr12	rs3741869	0.0004600657	AMR
AMR_subclass_IN_SST	ENSG00000013573	chr12	rs2193648	-0.1521356228	AMR
AMR_subclass_IN_SST	ENSG00000013573	chr12	rs4356315	-0.0332685177	AMR
AMR_subclass_IN_SST	ENSG00000013573	chr12	rs6487965	-0.0800007244	AMR
AMR_subclass_IN_SST	ENSG00000013573	chr12	rs6487970	-0.0790561004	AMR
AMR_subclass_IN_SST	ENSG00000013573	chr12	rs7297568	-0.0773489994	AMR
AMR_subclass_IN_SST	ENSG00000013573	chr12	rs3891006	-0.0759683069	AMR
AMR_subclass_IN_SST	ENSG00000013573	chr12	rs4931423	-0.0751037238	AMR
AMR_subclass_IN_SST	ENSG00000013573	chr12	rs4931424	-0.0203365262	AMR
AMR_subclass_IN_SST	ENSG00000013573	chr12	rs4931426	-0.0749019408	AMR
AMR_subclass_IN_SST	ENSG00000013573	chr12	rs7309520	-0.0362815768	AMR
AMR_subclass_IN_SST	ENSG00000013573	chr12	rs2005898	-0.0264518642	AMR
AMR_subclass_IN_SST	ENSG00000013573	chr12	rs3844572	-0.042558734	AMR
AMR_subclass_IN_SST	ENSG00000013573	chr12	rs7954014	-0.0086284289	AMR
AMR_subclass_IN_SST	ENSG00000013573	chr12	rs12812933	-0.0086309229	AMR
AMR_subclass_IN_SST	ENSG00000013573	chr12	rs12814016	-0.0079089925	AMR
AMR_subclass_IN_SST	ENSG00000013573	chr12	rs36008437	-0.0425692709	AMR
AMR_subclass_IN_SST	ENSG00000013573	chr12	rs11610957	-0.0222706837	AMR
AMR_subclass_IN_SST	ENSG00000013573	chr12	rs56109081	-0.0218488001	AMR
AMR_subclass_IN_SST	ENSG00000013573	chr12	rs76337568	0.0256593388	AMR
AMR_subclass_IN_SST	ENSG00000013573	chr12	rs75818799	0.0251391572	AMR
AMR_subclass_IN_SST	ENSG00000013573	chr12	rs17568263	0.0249310712	AMR
AMR_subclass_IN_SST	ENSG00000013573	chr12	rs113987763	0.0663522537	AMR
AMR_subclass_IN_SST	ENSG00000013573	chr12	rs78607366	-0.0755010797	AMR
AMR_subclass_IN_SST	ENSG00000013573	chr12	rs16919225	0.0407748918	AMR
AMR_subclass_IN_SST	ENSG00000013573	chr12	rs11051771	0.0064010883	AMR
AMR_subclass_IN_SST	ENSG00000013573	chr12	rs6488029	0.0063054423	AMR
AMR_subclass_IN_SST	ENSG00000013573	chr12	rs6488030	0.00533329	AMR
AMR_subclass_IN_SST	ENSG00000013573	chr12	rs7964444	0.0043239944	AMR
AMR_subclass_IN_SST	ENSG00000013573	chr12	rs10844111	0.0034681945	AMR
AMR_subclass_IN_SST	ENSG00000013573	chr12	rs10844112	0.0027331978	AMR
AMR_subclass_IN_SST	ENSG00000013573	chr12	rs7311149	0.2592741373	AMR
AMR_subclass_IN_SST	ENSG00000015532	chr17	rs4794045	0.055268473	AMR
AMR_subclass_IN_SST	ENSG00000015532	chr17	rs2072445	-0.022762793	AMR
AMR_subclass_IN_SST	ENSG00000015532	chr17	rs11651074	-0.296193235	AMR
AMR_subclass_IN_SST	ENSG00000015532	chr17	rs4794060	-0.02928558	AMR
AMR_subclass_IN_SST	ENSG00000015532	chr17	rs80152363	0.003538144	AMR
AMR_subclass_IN_SST	ENSG00000015532	chr17	rs1545271	0.04364982	AMR
AMR_subclass_IN_SST	ENSG00000015532	chr17	rs117543687	-0.003208491	AMR
AMR_subclass_IN_SST	ENSG00000015532	chr17	rs77544276	-0.003215952	AMR
AMR_subclass_IN_SST	ENSG00000015532	chr17	rs28480085	-0.006530802	AMR
AMR_subclass_IN_SST	ENSG00000015532	chr17	rs78684226	-0.005347157	AMR
AMR_subclass_IN_SST	ENSG00000015532	chr17	rs55962931	0.115545848	AMR
AMR_subclass_IN_SST	ENSG00000015532	chr17	rs16948487	-0.050690739	AMR
AMR_subclass_IN_SST	ENSG00000015532	chr17	rs16948490	-0.050341212	AMR
AMR_subclass_IN_SST	ENSG00000015532	chr17	rs33937843	-0.041248923	AMR
AMR_subclass_IN_SST	ENSG00000015532	chr17	rs3744536	-0.052849193	AMR
AMR_subclass_IN_SST	ENSG00000015532	chr17	rs34402373	0.095114711	AMR
AMR_subclass_IN_SST	ENSG00000015532	chr17	rs2696291	0.009046861	AMR
AMR_subclass_IN_SST	ENSG00000015532	chr17	rs6504646	-0.044424611	AMR
AMR_subclass_IN_SST	ENSG00000015532	chr17	rs12450098	-0.012167554	AMR
AMR_subclass_IN_SST	ENSG00000015532	chr17	rs4794128	-0.052006776	AMR
AMR_subclass_IN_SST	ENSG00000015532	chr17	rs732661	-0.17008804	AMR
AMR_subclass_IN_SST	ENSG00000015532	chr17	rs2526542	-0.034223486	AMR
AMR_subclass_IN_SST	ENSG00000015532	chr17	rs2526541	-0.008298403	AMR
AMR_subclass_IN_SST	ENSG00000015532	chr17	rs739992	0.060206529	AMR
AMR_subclass_IN_SST	ENSG00000015532	chr17	rs2526537	-0.078504853	AMR
AMR_subclass_IN_SST	ENSG00000015532	chr17	rs117262720	0.023502633	AMR
AMR_subclass_IN_SST	ENSG00000015532	chr17	rs9909987	0.003248166	AMR
AMR_subclass_IN_SST	ENSG00000015532	chr17	rs73347942	0.067276064	AMR
AMR_subclass_IN_SST	ENSG00000015532	chr17	rs6504659	-0.002995536	AMR
AMR_subclass_IN_SST	ENSG00000015532	chr17	rs6504660	-0.002616782	AMR
AMR_subclass_IN_SST	ENSG00000015532	chr17	rs76053544	-0.050991237	AMR
AMR_subclass_IN_SST	ENSG00000015532	chr17	rs3785910	-0.068858539	AMR
AMR_subclass_IN_SST	ENSG00000015532	chr17	rs4257246	-0.034484424	AMR
AMR_subclass_IN_SST	ENSG00000015532	chr17	rs72826432	0.002585709	AMR
AMR_subclass_IN_SST	ENSG00000015532	chr17	rs8073760	-0.063368847	AMR
AMR_subclass_IN_SST	ENSG00000015532	chr17	rs11652807	-0.014123964	AMR
AMR_subclass_IN_SST	ENSG00000015532	chr17	rs12936304	-0.019382336	AMR
AMR_subclass_IN_SST	ENSG00000015532	chr17	rs61711951	-0.061070358	AMR
AMR_subclass_IN_SST	ENSG00000015532	chr17	rs16949649	-0.019878341	AMR
AMR_subclass_IN_SST	ENSG00000015532	chr17	rs2302254	-0.047481598	AMR
AMR_subclass_IN_SST	ENSG00000015532	chr17	rs34666604	-0.04835228	AMR
AMR_subclass_IN_SST	ENSG00000015532	chr17	rs34214448	-0.019946747	AMR
AMR_subclass_IN_SST	ENSG00000015532	chr17	rs58429717	-0.061112626	AMR
AMR_subclass_IN_SST	ENSG00000015532	chr17	rs8074416	-0.04828525	AMR
AMR_subclass_IN_SST	ENSG00000015532	chr17	rs2041296	-0.048367084	AMR
AMR_subclass_IN_SST	ENSG00000015532	chr17	rs79758347	-0.29935817	AMR
AMR_subclass_IN_SST	ENSG00000019505	chr11	rs4755800	0.013265383	AMR
AMR_subclass_IN_SST	ENSG00000019505	chr11	rs61177388	-0.001810077	AMR
AMR_subclass_IN_SST	ENSG00000019505	chr11	rs7123698	-0.034588513	AMR
AMR_subclass_IN_SST	ENSG00000019505	chr11	rs7123765	-0.026783677	AMR
AMR_subclass_IN_SST	ENSG00000019505	chr11	rs2863182	-0.05781485	AMR
AMR_subclass_IN_SST	ENSG00000019505	chr11	rs7396488	0.095963715	AMR
AMR_subclass_IN_SST	ENSG00000019505	chr11	rs75237029	0.0253966	AMR
AMR_subclass_IN_SST	ENSG00000019505	chr11	rs75396247	0.02664283	AMR
AMR_subclass_IN_SST	ENSG00000019505	chr11	rs74365581	0.025037568	AMR
AMR_subclass_IN_SST	ENSG00000019505	chr11	rs17847253	0.048345312	AMR
AMR_subclass_IN_SST	ENSG00000020922	chr11	rs2605604	-0.067094724	AMR
AMR_subclass_IN_SST	ENSG00000020922	chr11	rs2608277	-0.038133248	AMR
AMR_subclass_IN_SST	ENSG00000020922	chr11	rs61904771	-0.017856362	AMR
AMR_subclass_IN_SST	ENSG00000020922	chr11	rs11607920	-0.017521101	AMR
AMR_subclass_IN_SST	ENSG00000020922	chr11	rs4753109	0.032522587	AMR
AMR_subclass_IN_SST	ENSG00000020922	chr11	rs66918645	-0.024289222	AMR
AMR_subclass_IN_SST	ENSG00000020922	chr11	rs66480929	-0.025218341	AMR
AMR_subclass_IN_SST	ENSG00000020922	chr11	rs9787791	-0.02337253	AMR
AMR_subclass_IN_SST	ENSG00000020922	chr11	rs1961012	0.001664926	AMR
AMR_subclass_IN_SST	ENSG00000020922	chr11	rs12420636	0.001678842	AMR
AMR_subclass_IN_SST	ENSG00000020922	chr11	rs7938136	0.039613691	AMR
AMR_subclass_IN_SST	ENSG00000020922	chr11	rs4753532	0.001132752	AMR
AMR_subclass_IN_SST	ENSG00000020922	chr11	rs140400821	-0.008807074	AMR
AMR_subclass_IN_SST	ENSG00000020922	chr11	rs116990596	-0.022900678	AMR
AMR_subclass_IN_SST	ENSG00000020922	chr11	rs141110775	-0.022335764	AMR
AMR_subclass_IN_SST	ENSG00000020922	chr11	rs149791167	0.011228263	AMR
AMR_subclass_IN_SST	ENSG00000020922	chr11	rs56108804	0.093979541	AMR
AMR_subclass_IN_SST	ENSG00000020922	chr11	rs3758787	0.008823897	AMR
AMR_subclass_IN_SST	ENSG00000020922	chr11	rs675478	0.104889848	AMR
AMR_subclass_IN_SST	ENSG00000020922	chr11	rs583534	0.008579485	AMR
AMR_subclass_IN_SST	ENSG00000020922	chr11	rs492073	0.00853187	AMR
AMR_subclass_IN_SST	ENSG00000020922	chr11	rs687109	0.088641783	AMR
AMR_subclass_IN_SST	ENSG00000020922	chr11	rs11020799	0.062597858	AMR
AMR_subclass_IN_SST	ENSG00000020922	chr11	rs571044	-0.013648548	AMR
AMR_subclass_IN_SST	ENSG00000020922	chr11	rs647249	-0.006308134	AMR
AMR_subclass_IN_SST	ENSG00000020922	chr11	rs628079	-0.006398678	AMR
AMR_subclass_IN_SST	ENSG00000020922	chr11	rs525921	-0.007364151	AMR
AMR_subclass_IN_SST	ENSG00000020922	chr11	rs587667	-0.049036983	AMR
AMR_subclass_IN_SST	ENSG00000020922	chr11	rs72965817	0.010769643	AMR
AMR_subclass_IN_SST	ENSG00000020922	chr11	rs542116	0.066104033	AMR
AMR_subclass_IN_SST	ENSG00000020922	chr11	rs11020876	-0.046811554	AMR
AMR_subclass_IN_SST	ENSG00000020922	chr11	rs11020877	-0.046943505	AMR
AMR_subclass_IN_SST	ENSG00000020922	chr11	rs55753121	-0.020531388	AMR
AMR_subclass_IN_SST	ENSG00000020922	chr11	rs59213639	-0.020499047	AMR
AMR_subclass_IN_SST	ENSG00000020922	chr11	rs78164056	-0.038483986	AMR
AMR_subclass_IN_SST	ENSG00000020922	chr11	rs4753650	-0.014278992	AMR
AMR_subclass_IN_SST	ENSG00000020922	chr11	rs684856	0.122607326	AMR
AMR_subclass_IN_SST	ENSG00000020922	chr11	rs77282531	0.065083988	AMR
AMR_subclass_IN_SST	ENSG00000020922	chr11	rs145910347	0.065655643	AMR
AMR_subclass_IN_SST	ENSG00000020922	chr11	rs560050	0.037500199	AMR
AMR_subclass_IN_SST	ENSG00000020922	chr11	rs475350	0.013330731	AMR
AMR_subclass_IN_SST	ENSG00000020922	chr11	rs550684	0.015128335	AMR
AMR_subclass_IN_SST	ENSG00000020922	chr11	rs474289	0.015686882	AMR
AMR_subclass_IN_SST	ENSG00000020922	chr11	rs485819	0.015081032	AMR
AMR_subclass_IN_SST	ENSG00000020922	chr11	rs483785	0.01392686	AMR
AMR_subclass_IN_SST	ENSG00000020922	chr11	rs490717	0.012602982	AMR
AMR_subclass_IN_SST	ENSG00000020922	chr11	rs145463779	0.064689615	AMR
AMR_subclass_IN_SST	ENSG00000022976	chr14	rs35168931	0.007426109	AMR
AMR_subclass_IN_SST	ENSG00000022976	chr14	rs7154985	-0.023211983	AMR
AMR_subclass_IN_SST	ENSG00000022976	chr14	rs7157325	0.031466282	AMR
AMR_subclass_IN_SST	ENSG00000022976	chr14	rs11625317	0.031506731	AMR
AMR_subclass_IN_SST	ENSG00000022976	chr14	rs74816366	-0.099086759	AMR
AMR_subclass_IN_SST	ENSG00000022976	chr14	rs77849782	0.06776429	AMR
AMR_subclass_IN_SST	ENSG00000022976	chr14	rs75989330	0.06686104	AMR
AMR_subclass_IN_SST	ENSG00000022976	chr14	rs1678006	0.051102625	AMR
AMR_subclass_IN_SST	ENSG00000022976	chr14	rs117798077	0.055694108	AMR
AMR_subclass_IN_SST	ENSG00000022976	chr14	rs140876765	0.078603122	AMR
AMR_subclass_IN_SST	ENSG00000022976	chr14	rs144692679	0.078192838	AMR
AMR_subclass_IN_SST	ENSG00000022976	chr14	rs45508291	-0.107958146	AMR
AMR_subclass_IN_SST	ENSG00000022976	chr14	rs10143246	0.018386718	AMR
AMR_subclass_IN_SST	ENSG00000022976	chr14	rs7152157	0.020184265	AMR
AMR_subclass_IN_SST	ENSG00000022976	chr14	rs144459172	-0.073447673	AMR
AMR_subclass_IN_SST	ENSG00000022976	chr14	rs56413146	0.032889532	AMR
AMR_subclass_IN_SST	ENSG00000022976	chr14	rs10146205	0.018541892	AMR
AMR_subclass_IN_SST	ENSG00000022976	chr14	rs11845676	0.015426712	AMR
AMR_subclass_IN_SST	ENSG00000022976	chr14	rs1190544	-0.022051066	AMR
AMR_subclass_IN_SST	ENSG00000022976	chr14	rs1190551	-0.022932978	AMR
AMR_subclass_IN_SST	ENSG00000022976	chr14	rs1190553	-0.022608425	AMR
AMR_subclass_IN_SST	ENSG00000022976	chr14	rs1190554	0.02185071	AMR
AMR_subclass_IN_SST	ENSG00000022976	chr14	rs4906205	0.021021222	AMR
AMR_subclass_IN_SST	ENSG00000022976	chr14	rs9743854	0.02019577	AMR
AMR_subclass_IN_SST	ENSG00000022976	chr14	rs77792730	0.144548694	AMR
AMR_subclass_IN_SST	ENSG00000022976	chr14	rs117849067	0.016159761	AMR
AMR_subclass_IN_SST	ENSG00000022976	chr14	rs11847381	0.046339571	AMR
AMR_subclass_IN_SST	ENSG00000022976	chr14	rs12884571	-0.021056548	AMR
AMR_subclass_IN_SST	ENSG00000022976	chr14	rs117897999	-0.028773566	AMR
AMR_subclass_IN_SST	ENSG00000022976	chr14	rs117475076	-0.028928836	AMR
AMR_subclass_IN_SST	ENSG00000022976	chr14	rs7152158	0.13810996	AMR
AMR_subclass_IN_SST	ENSG00000022976	chr14	rs4900558	0.064680776	AMR
AMR_subclass_IN_SST	ENSG00000022976	chr14	rs181226028	0.296819036	AMR
AMR_subclass_IN_SST	ENSG00000022976	chr14	rs1132350	0.307671965	AMR
AMR_subclass_IN_SST	ENSG00000022976	chr14	rs8176378	0.307542636	AMR
AMR_subclass_IN_SST	ENSG00000022976	chr14	rs8004470	0.196751254	AMR
AMR_subclass_IN_SST	ENSG00000022976	chr14	rs11627723	-0.083573453	AMR
AMR_subclass_IN_SST	ENSG00000022976	chr14	rs11628516	-0.103464642	AMR
AMR_subclass_IN_SST	ENSG00000022976	chr14	rs11628577	-0.087285695	AMR
AMR_subclass_IN_SST	ENSG00000022976	chr14	rs11628579	-0.086627317	AMR
AMR_subclass_IN_SST	ENSG00000022976	chr14	rs11628688	-0.084254762	AMR
AMR_subclass_IN_SST	ENSG00000022976	chr14	rs80005076	-0.081450437	AMR
AMR_subclass_IN_SST	ENSG00000022976	chr14	rs111616951	-0.078542559	AMR
AMR_subclass_IN_SST	ENSG00000022976	chr14	rs11623027	-0.045214004	AMR
AMR_subclass_IN_SST	ENSG00000024862	chr6	rs140540495	-0.0460206991	AMR
AMR_subclass_IN_SST	ENSG00000024862	chr6	rs6923270	0.2258926685	AMR
AMR_subclass_IN_SST	ENSG00000024862	chr6	rs4475339	0.0500235371	AMR
AMR_subclass_IN_SST	ENSG00000024862	chr6	rs6922771	0.0506811015	AMR
AMR_subclass_IN_SST	ENSG00000024862	chr6	rs4243452	0.0911003674	AMR
AMR_subclass_IN_SST	ENSG00000024862	chr6	rs35802975	0.0038538206	AMR
AMR_subclass_IN_SST	ENSG00000024862	chr6	rs1188855	0.0254743903	AMR
AMR_subclass_IN_SST	ENSG00000024862	chr6	rs73566885	-0.0036782735	AMR
AMR_subclass_IN_SST	ENSG00000024862	chr6	rs4507608	-0.002205989	AMR
AMR_subclass_IN_SST	ENSG00000024862	chr6	rs11961816	-0.0008492128	AMR
AMR_subclass_IN_SST	ENSG00000024862	chr6	rs75033259	-0.3533823573	AMR
AMR_subclass_IN_SST	ENSG00000024862	chr6	rs9373231	-0.1663388751	AMR
AMR_subclass_IN_SST	ENSG00000024862	chr6	rs17068393	-0.0896421163	AMR
AMR_subclass_IN_SST	ENSG00000024862	chr6	rs73566503	0.2217756281	AMR
AMR_subclass_IN_SST	ENSG00000024862	chr6	rs111601375	0.2211054728	AMR
AMR_subclass_IN_SST	ENSG00000024862	chr6	rs145924060	-0.0528824667	AMR
AMR_subclass_IN_SST	ENSG00000026652	chr6	rs791184	0.005553085	AMR
AMR_subclass_IN_SST	ENSG00000026652	chr6	rs791186	0.005497501	AMR
AMR_subclass_IN_SST	ENSG00000026652	chr6	rs62440924	0.03063125	AMR
AMR_subclass_IN_SST	ENSG00000026652	chr6	rs139463571	0.0625201	AMR
AMR_subclass_IN_SST	ENSG00000026652	chr6	rs791187	0.003636907	AMR
AMR_subclass_IN_SST	ENSG00000026652	chr6	rs16891266	-0.02963657	AMR
AMR_subclass_IN_SST	ENSG00000026652	chr6	rs77292105	0.01118243	AMR
AMR_subclass_IN_SST	ENSG00000026652	chr6	rs3119311	0.02229608	AMR
AMR_subclass_IN_SST	ENSG00000026652	chr6	rs412624	-0.0271015	AMR
AMR_subclass_IN_SST	ENSG00000026652	chr6	rs435421	-1.304249e-05	AMR
AMR_subclass_IN_SST	ENSG00000026652	chr6	rs10945673	0.004989399	AMR
AMR_subclass_IN_SST	ENSG00000026652	chr6	rs9347407	0.002075432	AMR
AMR_subclass_IN_SST	ENSG00000026652	chr6	rs9364559	0.01218131	AMR
AMR_subclass_IN_SST	ENSG00000026652	chr6	rs12175867	0.0199206	AMR
AMR_subclass_IN_SST	ENSG00000026652	chr6	rs35600881	0.02073696	AMR
AMR_subclass_IN_SST	ENSG00000026652	chr6	rs9355814	0.0838338	AMR
AMR_subclass_IN_SST	ENSG00000026652	chr6	rs9458010	-0.008729596	AMR
AMR_subclass_IN_SST	ENSG00000026652	chr6	rs4252078	-0.008411026	AMR
AMR_subclass_IN_SST	ENSG00000026652	chr6	rs1853018	-0.007852791	AMR
AMR_subclass_IN_SST	ENSG00000026652	chr6	rs1853017	-0.008402586	AMR
AMR_subclass_IN_SST	ENSG00000026652	chr6	rs4252087	-0.009043425	AMR
AMR_subclass_IN_SST	ENSG00000026652	chr6	rs62439805	-0.00969733	AMR
AMR_subclass_IN_SST	ENSG00000026652	chr6	rs2802353	0.02809649	AMR
AMR_subclass_IN_SST	ENSG00000026652	chr6	rs73017757	-0.02081098	AMR
AMR_subclass_IN_SST	ENSG00000026652	chr6	rs60897688	-0.02118623	AMR
AMR_subclass_IN_SST	ENSG00000026652	chr6	rs6917099	-0.02107815	AMR
AMR_subclass_IN_SST	ENSG00000026652	chr6	rs6923460	-0.02079721	AMR
AMR_subclass_IN_SST	ENSG00000026652	chr6	rs1937471	-0.0203728	AMR
AMR_subclass_IN_SST	ENSG00000026652	chr6	rs1937470	-0.01979905	AMR
AMR_subclass_IN_SST	ENSG00000026652	chr6	rs79177630	-0.0232538	AMR
AMR_subclass_IN_SST	ENSG00000026652	chr6	rs73017775	-0.01904925	AMR
AMR_subclass_IN_SST	ENSG00000026652	chr6	rs75391351	-0.02367149	AMR
AMR_subclass_IN_SST	ENSG00000026652	chr6	rs117053814	-0.02149835	AMR
AMR_subclass_IN_SST	ENSG00000026652	chr6	rs117298688	-0.01861761	AMR
AMR_subclass_IN_SST	ENSG00000026652	chr6	rs10214652	0.01448833	AMR
AMR_subclass_IN_SST	ENSG00000026652	chr6	rs9458066	-0.02174594	AMR
AMR_subclass_IN_SST	ENSG00000026652	chr6	rs148234538	0.1642078	AMR
AMR_subclass_IN_SST	ENSG00000026652	chr6	rs1247343	-0.03039492	AMR
AMR_subclass_IN_SST	ENSG00000026652	chr6	rs77422826	-0.02119615	AMR
AMR_subclass_IN_SST	ENSG00000026652	chr6	rs77749909	-0.02016004	AMR
AMR_subclass_IN_SST	ENSG00000026652	chr6	rs13204034	-0.07443394	AMR
AMR_subclass_IN_SST	ENSG00000026652	chr6	rs117954213	-0.05981806	AMR
AMR_subclass_IN_SST	ENSG00000026652	chr6	rs79919502	-0.06146275	AMR
AMR_subclass_IN_SST	ENSG00000026652	chr6	rs114275632	-0.06642152	AMR
AMR_subclass_IN_SST	ENSG00000026652	chr6	rs76210940	-0.06080807	AMR
AMR_subclass_IN_SST	ENSG00000026652	chr6	rs79025053	-0.3846988	AMR
AMR_subclass_IN_SST	ENSG00000026652	chr6	rs9456641	0.03154372	AMR
AMR_subclass_IN_SST	ENSG00000026652	chr6	rs9456642	0.02928651	AMR
AMR_subclass_IN_SST	ENSG00000026652	chr6	rs9458153	0.04446138	AMR
AMR_subclass_IN_SST	ENSG00000026652	chr6	rs3798935	0.04614865	AMR
AMR_subclass_IN_SST	ENSG00000026652	chr6	rs9458173	0.1619896	AMR
AMR_subclass_IN_SST	ENSG00000026652	chr6	rs12526859	0.08221468	AMR
AMR_subclass_IN_SST	ENSG00000026652	chr6	rs9458181	-0.100837	AMR
AMR_subclass_IN_SST	ENSG00000026652	chr6	rs6933430	-0.06541803	AMR
AMR_subclass_IN_SST	ENSG00000026652	chr6	rs6918480	-0.01915589	AMR
AMR_subclass_IN_SST	ENSG00000026652	chr6	rs6937678	-0.008182656	AMR
AMR_subclass_IN_SST	ENSG00000026652	chr6	rs9355344	-0.0171165	AMR
AMR_subclass_IN_SST	ENSG00000026652	chr6	rs181611739	0.1818807	AMR
AMR_subclass_IN_SST	ENSG00000026652	chr6	rs577876	-0.09474458	AMR
AMR_subclass_IN_SST	ENSG00000026652	chr6	rs4708919	0.07755688	AMR
AMR_subclass_IN_SST	ENSG00000026652	chr6	rs9355924	-0.02297047	AMR
AMR_subclass_IN_SST	ENSG00000026652	chr6	rs6455759	0.0005219026	AMR
AMR_subclass_IN_SST	ENSG00000026652	chr6	rs6923047	0.02036132	AMR
AMR_subclass_IN_SST	ENSG00000026652	chr6	rs2982906	0.2339524	AMR
AMR_subclass_IN_SST	ENSG00000026652	chr6	rs10806750	0.03284729	AMR
AMR_subclass_IN_SST	ENSG00000026652	chr6	rs11755949	0.03156041	AMR
AMR_subclass_IN_SST	ENSG00000026652	chr6	rs143854189	0.1316954	AMR
AMR_subclass_IN_SST	ENSG00000026652	chr6	rs57321208	-0.01609816	AMR
AMR_subclass_IN_SST	ENSG00000026652	chr6	rs4529278	-0.01612667	AMR
AMR_subclass_IN_SST	ENSG00000026652	chr6	rs13205685	-0.01494744	AMR
AMR_subclass_IN_SST	ENSG00000026652	chr6	rs76388920	0.3518246	AMR
AMR_subclass_IN_SST	ENSG00000026652	chr6	rs28678944	0.0714031	AMR
AMR_subclass_IN_SST	ENSG00000026652	chr6	rs60254676	0.07505774	AMR
AMR_subclass_IN_SST	ENSG00000026652	chr6	rs9346892	0.02640543	AMR
AMR_subclass_IN_SST	ENSG00000026652	chr6	rs11965957	0.02536987	AMR
AMR_subclass_IN_SST	ENSG00000026652	chr6	rs9458425	0.001211128	AMR
AMR_subclass_IN_SST	ENSG00000026652	chr6	rs1790000	0.01298728	AMR
AMR_subclass_IN_SST	ENSG00000026652	chr6	rs57244997	0.03696318	AMR
AMR_subclass_IN_SST	ENSG00000026652	chr6	rs73026573	0.03912481	AMR
AMR_subclass_IN_SST	ENSG00000026652	chr6	rs9458430	-0.002146489	AMR
AMR_subclass_IN_SST	ENSG00000026652	chr6	rs12201119	0.06920252	AMR
AMR_subclass_IN_SST	ENSG00000026652	chr6	rs28503735	0.03546932	AMR
AMR_subclass_IN_SST	ENSG00000029725	chr17	rs11655711	-0.033489519	AMR
AMR_subclass_IN_SST	ENSG00000029725	chr17	rs117538197	-0.300662068	AMR
AMR_subclass_IN_SST	ENSG00000029725	chr17	rs62066457	-0.006456413	AMR
AMR_subclass_IN_SST	ENSG00000029725	chr17	rs28649455	-0.240946206	AMR
AMR_subclass_IN_SST	ENSG00000029725	chr17	rs11868527	-0.054964139	AMR
AMR_subclass_IN_SST	ENSG00000029725	chr17	rs2326117	-0.054269348	AMR
AMR_subclass_IN_SST	ENSG00000029725	chr17	rs28365159	-0.044234764	AMR
AMR_subclass_IN_SST	ENSG00000029725	chr17	rs3169950	0.019683467	AMR
AMR_subclass_IN_SST	ENSG00000029725	chr17	rs1052748	0.010940241	AMR
AMR_subclass_IN_SST	ENSG00000029725	chr17	rs73341629	-0.074542682	AMR
AMR_subclass_IN_SST	ENSG00000029725	chr17	rs62073642	0.001334286	AMR
AMR_subclass_IN_SST	ENSG00000029725	chr17	rs16942615	0.010794617	AMR
AMR_subclass_IN_SST	ENSG00000029725	chr17	rs16942618	0.012529081	AMR
AMR_subclass_IN_SST	ENSG00000029725	chr17	rs4790719	0.012773251	AMR
AMR_subclass_IN_SST	ENSG00000029725	chr17	rs67501853	0.012138533	AMR
AMR_subclass_IN_SST	ENSG00000029725	chr17	rs4790722	0.011270815	AMR
AMR_subclass_IN_SST	ENSG00000029725	chr17	rs7216683	-0.090185259	AMR
AMR_subclass_IN_SST	ENSG00000029725	chr17	rs78324226	0.191071726	AMR
AMR_subclass_IN_SST	ENSG00000029725	chr17	rs148825870	0.012835176	AMR
AMR_subclass_IN_SST	ENSG00000029725	chr17	rs144384913	0.011571918	AMR
AMR_subclass_IN_SST	ENSG00000029725	chr17	rs8079643	-0.082644855	AMR
AMR_subclass_IN_SST	ENSG00000029725	chr17	rs11650692	-0.080815275	AMR
AMR_subclass_IN_SST	ENSG00000029725	chr17	rs1805435	-0.049104512	AMR
AMR_subclass_IN_SST	ENSG00000029725	chr17	rs8066805	-0.038928213	AMR
AMR_subclass_IN_SST	ENSG00000029725	chr17	rs6502861	-0.10086371	AMR
AMR_subclass_IN_SST	ENSG00000029725	chr17	rs28372907	-0.017750214	AMR
AMR_subclass_IN_SST	ENSG00000029725	chr17	rs60169688	-0.020181143	AMR
AMR_subclass_IN_SST	ENSG00000029725	chr17	rs12602566	-0.096999768	AMR
AMR_subclass_IN_SST	ENSG00000029725	chr17	rs12602960	-0.098107472	AMR
AMR_subclass_IN_SST	ENSG00000029725	chr17	rs9910769	-0.029748661	AMR
AMR_subclass_IN_SST	ENSG00000029725	chr17	rs142917798	0.294565297	AMR
AMR_subclass_IN_SST	ENSG00000029725	chr17	rs78436782	0.040279975	AMR
AMR_subclass_IN_SST	ENSG00000029725	chr17	rs76216256	0.039901377	AMR
AMR_subclass_IN_SST	ENSG00000029725	chr17	rs77053412	-0.184184727	AMR
AMR_subclass_IN_SST	ENSG00000029725	chr17	rs79482790	-0.256103631	AMR
AMR_subclass_IN_SST	ENSG00000029725	chr17	rs79022350	-0.254510536	AMR
AMR_subclass_IN_SST	ENSG00000029725	chr17	rs16955372	0.009603404	AMR
AMR_subclass_IN_SST	ENSG00000029725	chr17	rs75740064	0.074827967	AMR
AMR_subclass_IN_SST	ENSG00000029725	chr17	rs75792852	0.07769538	AMR
AMR_subclass_IN_SST	ENSG00000029725	chr17	rs34801843	0.294797989	AMR
AMR_subclass_IN_SST	ENSG00000029725	chr17	rs3744723	-0.094911946	AMR
AMR_subclass_IN_SST	ENSG00000029725	chr17	rs60433588	0.01975957	AMR
AMR_subclass_IN_SST	ENSG00000029725	chr17	rs740615	0.022628105	AMR
AMR_subclass_IN_SST	ENSG00000029725	chr17	rs9896088	0.047792763	AMR
AMR_subclass_IN_SST	ENSG00000029725	chr17	rs8075565	0.002251373	AMR
AMR_subclass_IN_SST	ENSG00000037474	chr5	rs2303711	-0.042468145	AMR
AMR_subclass_IN_SST	ENSG00000037474	chr5	rs6889694	-0.018681651	AMR
AMR_subclass_IN_SST	ENSG00000037474	chr5	rs6888601	-0.010760949	AMR
AMR_subclass_IN_SST	ENSG00000037474	chr5	rs2303707	-0.043562218	AMR
AMR_subclass_IN_SST	ENSG00000037474	chr5	rs6555402	-0.01121918	AMR
AMR_subclass_IN_SST	ENSG00000037474	chr5	rs1366297	-0.008721454	AMR
AMR_subclass_IN_SST	ENSG00000037474	chr5	rs3776439	-0.027356303	AMR
AMR_subclass_IN_SST	ENSG00000037474	chr5	rs1560146	-0.008326411	AMR
AMR_subclass_IN_SST	ENSG00000037474	chr5	rs3733776	-0.09402948	AMR
AMR_subclass_IN_SST	ENSG00000037474	chr5	rs3756429	-0.027261337	AMR
AMR_subclass_IN_SST	ENSG00000037474	chr5	rs3756427	-0.02670501	AMR
AMR_subclass_IN_SST	ENSG00000037474	chr5	rs7701663	-0.026352109	AMR
AMR_subclass_IN_SST	ENSG00000037474	chr5	rs3776435	-0.02617606	AMR
AMR_subclass_IN_SST	ENSG00000037474	chr5	rs3776434	-0.026098013	AMR
AMR_subclass_IN_SST	ENSG00000037474	chr5	rs3776433	-0.038204843	AMR
AMR_subclass_IN_SST	ENSG00000037474	chr5	rs2288443	-0.038939599	AMR
AMR_subclass_IN_SST	ENSG00000037474	chr5	rs2288446	-0.038563031	AMR
AMR_subclass_IN_SST	ENSG00000037474	chr5	rs3756424	-0.038094511	AMR
AMR_subclass_IN_SST	ENSG00000040199	chr16	rs61733123	-0.056479068	AMR
AMR_subclass_IN_SST	ENSG00000040199	chr16	rs73586368	-0.488888297	AMR
AMR_subclass_IN_SST	ENSG00000040199	chr16	rs1013982	-0.004618631	AMR
AMR_subclass_IN_SST	ENSG00000042286	chr10	rs7079157	-0.035201013	AMR
AMR_subclass_IN_SST	ENSG00000042286	chr10	rs78198774	-0.088978595	AMR
AMR_subclass_IN_SST	ENSG00000042286	chr10	rs4746906	0.07916947	AMR
AMR_subclass_IN_SST	ENSG00000042286	chr10	rs2894280	-0.102316645	AMR
AMR_subclass_IN_SST	ENSG00000042286	chr10	rs4746966	0.050396608	AMR
AMR_subclass_IN_SST	ENSG00000042286	chr10	rs6480442	-0.069533225	AMR
AMR_subclass_IN_SST	ENSG00000042286	chr10	rs15801	-0.032832997	AMR
AMR_subclass_IN_SST	ENSG00000042286	chr10	rs9971029	-0.033850027	AMR
AMR_subclass_IN_SST	ENSG00000042286	chr10	rs9971030	-0.029870925	AMR
AMR_subclass_IN_SST	ENSG00000042286	chr10	rs28391623	-0.016266151	AMR
AMR_subclass_IN_SST	ENSG00000042286	chr10	rs10823490	-0.03369733	AMR
AMR_subclass_IN_SST	ENSG00000042286	chr10	rs10823491	-0.033517056	AMR
AMR_subclass_IN_SST	ENSG00000042286	chr10	rs10999165	-0.033152234	AMR
AMR_subclass_IN_SST	ENSG00000042286	chr10	rs12774848	-0.007552799	AMR
AMR_subclass_IN_SST	ENSG00000042286	chr10	rs66821915	-0.066645574	AMR
AMR_subclass_IN_SST	ENSG00000042286	chr10	rs12412518	-0.010871289	AMR
AMR_subclass_IN_SST	ENSG00000042286	chr10	rs7078979	0.02208296	AMR
AMR_subclass_IN_SST	ENSG00000042286	chr10	rs1861520	0.00384217	AMR
AMR_subclass_IN_SST	ENSG00000042286	chr10	rs736189	0.003912444	AMR
AMR_subclass_IN_SST	ENSG00000042286	chr10	rs9663577	0.003540355	AMR
AMR_subclass_IN_SST	ENSG00000042317	chr14	rs113746910	-0.06843069	AMR
AMR_subclass_IN_SST	ENSG00000042317	chr14	rs35087365	-0.04373689	AMR
AMR_subclass_IN_SST	ENSG00000042317	chr14	rs113607748	0.2373586	AMR
AMR_subclass_IN_SST	ENSG00000042317	chr14	rs8019944	0.04293493	AMR
AMR_subclass_IN_SST	ENSG00000042317	chr14	rs2301123	0.04277444	AMR
AMR_subclass_IN_SST	ENSG00000042317	chr14	rs3850383	0.00268848	AMR
AMR_subclass_IN_SST	ENSG00000042317	chr14	rs2028501	0.002556733	AMR
AMR_subclass_IN_SST	ENSG00000042317	chr14	rs1441806	0.001411164	AMR
AMR_subclass_IN_SST	ENSG00000042317	chr14	rs1372357	0.0005888884	AMR
AMR_subclass_IN_SST	ENSG00000042317	chr14	rs7143688	0.0002057746	AMR
AMR_subclass_IN_SST	ENSG00000042317	chr14	rs989276	6.347236e-05	AMR
AMR_subclass_IN_SST	ENSG00000042317	chr14	rs2083644	1.78367e-05	AMR
AMR_subclass_IN_SST	ENSG00000042317	chr14	rs4899934	4.661533e-06	AMR
AMR_subclass_IN_SST	ENSG00000042317	chr14	rs7140644	1.149301e-06	AMR
AMR_subclass_IN_SST	ENSG00000042317	chr14	rs4899936	2.701037e-07	AMR
AMR_subclass_IN_SST	ENSG00000042317	chr14	rs4904413	6.098135e-08	AMR
AMR_subclass_IN_SST	ENSG00000042317	chr14	rs4899938	1.330571e-08	AMR
AMR_subclass_IN_SST	ENSG00000042317	chr14	rs4406998	2.81908e-09	AMR
AMR_subclass_IN_SST	ENSG00000042317	chr14	rs4904415	5.821767e-10	AMR
AMR_subclass_IN_SST	ENSG00000042317	chr14	rs4372618	1.17551e-10	AMR
AMR_subclass_IN_SST	ENSG00000042317	chr14	rs1596104	2.326673e-11	AMR
AMR_subclass_IN_SST	ENSG00000042317	chr14	rs1596103	4.523804e-12	AMR
AMR_subclass_IN_SST	ENSG00000042317	chr14	rs6574983	8.656067e-13	AMR
AMR_subclass_IN_SST	ENSG00000042317	chr14	rs6574984	1.631283e-13	AMR
AMR_subclass_IN_SST	ENSG00000042317	chr14	rs7150578	3.047176e-14	AMR
AMR_subclass_IN_SST	ENSG00000042317	chr14	rs12434568	5.593446e-15	AMR
AMR_subclass_IN_SST	ENSG00000042317	chr14	rs4611390	1.377491e-15	AMR
AMR_subclass_IN_SST	ENSG00000042317	chr14	rs4624104	4.174214e-17	AMR
AMR_subclass_IN_SST	ENSG00000042317	chr14	rs12884716	4.174214e-17	AMR
AMR_subclass_IN_SST	ENSG00000042317	chr14	rs12884888	4.174214e-17	AMR
AMR_subclass_IN_SST	ENSG00000042317	chr14	rs12885067	4.174214e-17	AMR
AMR_subclass_IN_SST	ENSG00000042317	chr14	rs77382318	-0.01165578	AMR
AMR_subclass_IN_SST	ENSG00000042317	chr14	rs35823815	0.1597853	AMR
AMR_subclass_IN_SST	ENSG00000042317	chr14	rs60503594	-0.1948287	AMR
AMR_subclass_IN_SST	ENSG00000042317	chr14	rs2297129	-0.04019524	AMR
AMR_subclass_IN_SST	ENSG00000042317	chr14	rs879932	-0.04057407	AMR
AMR_subclass_IN_SST	ENSG00000042317	chr14	rs8017689	-0.04145444	AMR
AMR_subclass_IN_SST	ENSG00000042317	chr14	rs28509444	-0.04239727	AMR
AMR_subclass_IN_SST	ENSG00000042317	chr14	rs10150594	-0.04329157	AMR
AMR_subclass_IN_SST	ENSG00000042317	chr14	rs73315977	-0.01032042	AMR
AMR_subclass_IN_SST	ENSG00000042317	chr14	rs73315980	-0.0125622	AMR
AMR_subclass_IN_SST	ENSG00000042317	chr14	rs74075973	-0.01382216	AMR
AMR_subclass_IN_SST	ENSG00000042317	chr14	rs73315985	-0.0138551	AMR
AMR_subclass_IN_SST	ENSG00000042317	chr14	rs144057974	-0.0130873	AMR
AMR_subclass_IN_SST	ENSG00000042317	chr14	rs73315992	-0.01180218	AMR
AMR_subclass_IN_SST	ENSG00000042317	chr14	rs111287142	-0.01014534	AMR
AMR_subclass_IN_SST	ENSG00000042317	chr14	rs7160717	-0.0332414	AMR
AMR_subclass_IN_SST	ENSG00000042317	chr14	rs2274735	-0.04462248	AMR
AMR_subclass_IN_SST	ENSG00000042317	chr14	rs10137803	-0.0445516	AMR
AMR_subclass_IN_SST	ENSG00000042317	chr14	rs7142053	-0.04393806	AMR
AMR_subclass_IN_SST	ENSG00000042317	chr14	rs2116445	0.03023243	AMR
AMR_subclass_IN_SST	ENSG00000042317	chr14	rs12587589	0.08331604	AMR
AMR_subclass_IN_SST	ENSG00000042317	chr14	rs12587776	0.02492626	AMR
AMR_subclass_IN_SST	ENSG00000042317	chr14	rs17776366	0.005658408	AMR
AMR_subclass_IN_SST	ENSG00000042317	chr14	rs12879028	0.006294537	AMR
AMR_subclass_IN_SST	ENSG00000047188	chr5	rs147734841	-0.0571963	AMR
AMR_subclass_IN_SST	ENSG00000047188	chr5	rs10056847	0.0927513	AMR
AMR_subclass_IN_SST	ENSG00000047188	chr5	rs11241198	0.03652095	AMR
AMR_subclass_IN_SST	ENSG00000047188	chr5	rs2914186	-0.01249575	AMR
AMR_subclass_IN_SST	ENSG00000047188	chr5	rs2115212	-0.01263995	AMR
AMR_subclass_IN_SST	ENSG00000047188	chr5	rs2416320	-0.01254104	AMR
AMR_subclass_IN_SST	ENSG00000047188	chr5	rs2914176	-0.01213996	AMR
AMR_subclass_IN_SST	ENSG00000047188	chr5	rs140598700	-0.25691426	AMR
AMR_subclass_IN_SST	ENSG00000047188	chr5	rs296509	-0.01006058	AMR
AMR_subclass_IN_SST	ENSG00000047188	chr5	rs6894645	0.07617342	AMR
AMR_subclass_IN_SST	ENSG00000047579	chr6	rs2027491	0.055421676	AMR
AMR_subclass_IN_SST	ENSG00000047579	chr6	rs2027490	0.055426016	AMR
AMR_subclass_IN_SST	ENSG00000047579	chr6	rs12211166	-0.069727482	AMR
AMR_subclass_IN_SST	ENSG00000047579	chr6	rs794777	-0.038995342	AMR
AMR_subclass_IN_SST	ENSG00000047579	chr6	rs794778	-0.039917107	AMR
AMR_subclass_IN_SST	ENSG00000047579	chr6	rs794779	-0.040769279	AMR
AMR_subclass_IN_SST	ENSG00000047579	chr6	rs794782	-0.019404199	AMR
AMR_subclass_IN_SST	ENSG00000047579	chr6	rs794783	-0.040719351	AMR
AMR_subclass_IN_SST	ENSG00000047579	chr6	rs35192506	-0.21620712	AMR
AMR_subclass_IN_SST	ENSG00000047579	chr6	rs707833	0.005362782	AMR
AMR_subclass_IN_SST	ENSG00000047579	chr6	rs6459429	-0.012770933	AMR
AMR_subclass_IN_SST	ENSG00000047579	chr6	rs61259710	-0.010501151	AMR
AMR_subclass_IN_SST	ENSG00000047579	chr6	rs116325143	0.112522608	AMR
AMR_subclass_IN_SST	ENSG00000047579	chr6	rs17667167	-0.013927907	AMR
AMR_subclass_IN_SST	ENSG00000048544	chr6	rs56228155	0.029582739	AMR
AMR_subclass_IN_SST	ENSG00000048544	chr6	rs56094721	0.028493607	AMR
AMR_subclass_IN_SST	ENSG00000048544	chr6	rs11965261	0.02875122	AMR
AMR_subclass_IN_SST	ENSG00000048544	chr6	rs12215942	0.002558686	AMR
AMR_subclass_IN_SST	ENSG00000048544	chr6	rs9471695	-0.057063139	AMR
AMR_subclass_IN_SST	ENSG00000048544	chr6	rs9471696	-0.333283655	AMR
AMR_subclass_IN_SST	ENSG00000048544	chr6	rs116618466	0.014066468	AMR
AMR_subclass_IN_SST	ENSG00000048544	chr6	rs10807278	0.014271573	AMR
AMR_subclass_IN_SST	ENSG00000048544	chr6	rs73733113	-0.013635027	AMR
AMR_subclass_IN_SST	ENSG00000048544	chr6	rs6939563	-0.013867933	AMR
AMR_subclass_IN_SST	ENSG00000048544	chr6	rs28372713	-0.013270395	AMR
AMR_subclass_IN_SST	ENSG00000048544	chr6	rs74409825	0.086743884	AMR
AMR_subclass_IN_SST	ENSG00000048544	chr6	rs113734591	0.087239087	AMR
AMR_subclass_IN_SST	ENSG00000048544	chr6	rs74880783	0.085672105	AMR
AMR_subclass_IN_SST	ENSG00000048544	chr6	rs9471875	0.016706414	AMR
AMR_subclass_IN_SST	ENSG00000048544	chr6	rs6919841	0.030073003	AMR
AMR_subclass_IN_SST	ENSG00000048544	chr6	rs7749835	0.044598624	AMR
AMR_subclass_IN_SST	ENSG00000048544	chr6	rs6938784	0.045413687	AMR
AMR_subclass_IN_SST	ENSG00000048544	chr6	rs145777846	0.046389861	AMR
AMR_subclass_IN_SST	ENSG00000048544	chr6	rs72867536	-0.008504572	AMR
AMR_subclass_IN_SST	ENSG00000048544	chr6	rs3805931	0.048902128	AMR
AMR_subclass_IN_SST	ENSG00000048544	chr6	rs11754211	0.181321916	AMR
AMR_subclass_IN_SST	ENSG00000050748	chr5	rs17079284	0.040595528	AMR
AMR_subclass_IN_SST	ENSG00000050748	chr5	rs113311236	-0.080410715	AMR
AMR_subclass_IN_SST	ENSG00000050748	chr5	rs1961716	-0.173232055	AMR
AMR_subclass_IN_SST	ENSG00000050748	chr5	rs163497	0.067071689	AMR
AMR_subclass_IN_SST	ENSG00000050748	chr5	rs113220411	0.056153723	AMR
AMR_subclass_IN_SST	ENSG00000050748	chr5	rs72820692	0.006673677	AMR
AMR_subclass_IN_SST	ENSG00000050748	chr5	rs78707533	-0.123528	AMR
AMR_subclass_IN_SST	ENSG00000050748	chr5	rs79877996	-0.057271572	AMR
AMR_subclass_IN_SST	ENSG00000050748	chr5	rs74452694	-0.068216164	AMR
AMR_subclass_IN_SST	ENSG00000050748	chr5	rs76935490	-0.066234187	AMR
AMR_subclass_IN_SST	ENSG00000050748	chr5	rs6860158	-0.058101031	AMR
AMR_subclass_IN_SST	ENSG00000050748	chr5	rs57380196	-0.00632719	AMR
AMR_subclass_IN_SST	ENSG00000050748	chr5	rs113341439	-0.027171551	AMR
AMR_subclass_IN_SST	ENSG00000050748	chr5	rs112500613	0.020123864	AMR
AMR_subclass_IN_SST	ENSG00000050748	chr5	rs55800082	0.021281861	AMR
AMR_subclass_IN_SST	ENSG00000050748	chr5	rs112931304	0.020560661	AMR
AMR_subclass_IN_SST	ENSG00000050748	chr5	rs66685266	0.019396554	AMR
AMR_subclass_IN_SST	ENSG00000050748	chr5	rs55967209	0.018416795	AMR
AMR_subclass_IN_SST	ENSG00000050748	chr5	rs72807328	0.017729933	AMR
AMR_subclass_IN_SST	ENSG00000050748	chr5	rs60485189	0.017325574	AMR
AMR_subclass_IN_SST	ENSG00000050748	chr5	rs60716268	0.017173388	AMR
AMR_subclass_IN_SST	ENSG00000050748	chr5	rs55915939	0.017227336	AMR
AMR_subclass_IN_SST	ENSG00000050748	chr5	rs67832593	0.01741898	AMR
AMR_subclass_IN_SST	ENSG00000050748	chr5	rs58826518	0.017661825	AMR
AMR_subclass_IN_SST	ENSG00000050748	chr5	rs2291417	0.017865679	AMR
AMR_subclass_IN_SST	ENSG00000050748	chr5	rs66995745	0.017953235	AMR
AMR_subclass_IN_SST	ENSG00000050748	chr5	rs62406230	-0.302046171	AMR
AMR_subclass_IN_SST	ENSG00000050748	chr5	rs56092424	0.261493003	AMR
AMR_subclass_IN_SST	ENSG00000050748	chr5	rs72813729	0.122959304	AMR
AMR_subclass_IN_SST	ENSG00000050748	chr5	rs79606305	0.047892945	AMR
AMR_subclass_IN_SST	ENSG00000050748	chr5	rs12518000	0.071656233	AMR
AMR_subclass_IN_SST	ENSG00000050748	chr5	rs78789084	0.264011425	AMR
AMR_subclass_IN_SST	ENSG00000050748	chr5	rs115724314	0.021249592	AMR
AMR_subclass_IN_SST	ENSG00000050748	chr5	rs78871387	-0.004504796	AMR
AMR_subclass_IN_SST	ENSG00000050748	chr5	rs77523026	-0.003167928	AMR
AMR_subclass_IN_SST	ENSG00000050748	chr5	rs11750494	-0.020385896	AMR
AMR_subclass_IN_SST	ENSG00000050748	chr5	rs55773286	-0.245499367	AMR
AMR_subclass_IN_SST	ENSG00000050748	chr5	rs2028726	0.086803095	AMR
AMR_subclass_IN_SST	ENSG00000050748	chr5	rs116347724	-0.032748029	AMR
AMR_subclass_IN_SST	ENSG00000050748	chr5	rs12522221	0.194104359	AMR
AMR_subclass_IN_SST	ENSG00000050748	chr5	rs12516726	0.033254033	AMR
AMR_subclass_IN_SST	ENSG00000050748	chr5	rs13154847	0.004390528	AMR
AMR_subclass_IN_SST	ENSG00000050748	chr5	rs183486852	0.133705883	AMR
AMR_subclass_IN_SST	ENSG00000050748	chr5	rs11249703	0.021237285	AMR
AMR_subclass_IN_SST	ENSG00000050748	chr5	rs6893693	0.195369744	AMR
AMR_subclass_IN_SST	ENSG00000050748	chr5	rs7721160	0.111798939	AMR
AMR_subclass_IN_SST	ENSG00000050748	chr5	rs62406367	-0.053636479	AMR
AMR_subclass_IN_SST	ENSG00000050748	chr5	rs6601123	-0.137604463	AMR
AMR_subclass_IN_SST	ENSG00000050748	chr5	rs77668057	0.02314729	AMR
AMR_subclass_IN_SST	ENSG00000050748	chr5	rs57964752	0.023496149	AMR
AMR_subclass_IN_SST	ENSG00000050748	chr5	rs11960513	0.023507182	AMR
AMR_subclass_IN_SST	ENSG00000050748	chr5	rs117492574	0.075635036	AMR
AMR_subclass_IN_SST	ENSG00000050748	chr5	rs10078649	0.016336273	AMR
AMR_subclass_IN_SST	ENSG00000050748	chr5	rs10903254	-0.015009032	AMR
AMR_subclass_IN_SST	ENSG00000050748	chr5	rs10903255	-0.014750604	AMR
AMR_subclass_IN_SST	ENSG00000050748	chr5	rs62405476	0.058516597	AMR
AMR_subclass_IN_SST	ENSG00000050748	chr5	rs117482540	-0.080418571	AMR
AMR_subclass_IN_SST	ENSG00000050748	chr5	rs13189165	-0.227214533	AMR
AMR_subclass_IN_SST	ENSG00000050748	chr5	rs149762831	-0.081427172	AMR
AMR_subclass_IN_SST	ENSG00000050748	chr5	rs185229147	-0.080774959	AMR
AMR_subclass_IN_SST	ENSG00000050748	chr5	rs72816985	-0.008874242	AMR
AMR_subclass_IN_SST	ENSG00000050748	chr5	rs79839831	-0.143412718	AMR
AMR_subclass_IN_SST	ENSG00000050748	chr5	rs13187322	0.09035323	AMR
AMR_subclass_IN_SST	ENSG00000050748	chr5	rs73815129	0.022441252	AMR
AMR_subclass_IN_SST	ENSG00000050748	chr5	rs142672389	0.060603899	AMR
AMR_subclass_IN_SST	ENSG00000050748	chr5	rs138732229	0.021376691	AMR
AMR_subclass_IN_SST	ENSG00000050748	chr5	rs6881161	0.043753653	AMR
AMR_subclass_IN_SST	ENSG00000050748	chr5	rs6873527	0.037795692	AMR
AMR_subclass_IN_SST	ENSG00000050748	chr5	rs6601178	0.039163627	AMR
AMR_subclass_IN_SST	ENSG00000050748	chr5	rs2545073	0.070364051	AMR
AMR_subclass_IN_SST	ENSG00000051341	chr3	rs147202203	-0.116775	AMR
AMR_subclass_IN_SST	ENSG00000051341	chr3	rs112698424	-0.08790802	AMR
AMR_subclass_IN_SST	ENSG00000051341	chr3	rs73181934	-0.02043728	AMR
AMR_subclass_IN_SST	ENSG00000051341	chr3	rs56205540	-0.02196256	AMR
AMR_subclass_IN_SST	ENSG00000051341	chr3	rs73181935	-0.02263033	AMR
AMR_subclass_IN_SST	ENSG00000051341	chr3	rs79106162	-0.02264681	AMR
AMR_subclass_IN_SST	ENSG00000051341	chr3	rs73181943	-0.02244848	AMR
AMR_subclass_IN_SST	ENSG00000051341	chr3	rs139130253	-0.02222384	AMR
AMR_subclass_IN_SST	ENSG00000051341	chr3	rs115945657	-0.02199924	AMR
AMR_subclass_IN_SST	ENSG00000051341	chr3	rs9829072	0.09428779	AMR
AMR_subclass_IN_SST	ENSG00000051341	chr3	rs140650610	-0.02176197	AMR
AMR_subclass_IN_SST	ENSG00000051341	chr3	rs73181947	-0.0215374	AMR
AMR_subclass_IN_SST	ENSG00000051341	chr3	rs73181949	-0.02131077	AMR
AMR_subclass_IN_SST	ENSG00000051341	chr3	rs114056568	-0.0210994	AMR
AMR_subclass_IN_SST	ENSG00000051341	chr3	rs73183711	-0.02090789	AMR
AMR_subclass_IN_SST	ENSG00000051341	chr3	rs73183712	-0.02073454	AMR
AMR_subclass_IN_SST	ENSG00000051341	chr3	rs73183713	-0.02057509	AMR
AMR_subclass_IN_SST	ENSG00000051341	chr3	rs73183714	-0.02042535	AMR
AMR_subclass_IN_SST	ENSG00000051341	chr3	rs73183717	-0.02028214	AMR
AMR_subclass_IN_SST	ENSG00000051341	chr3	rs73183720	-0.02014262	AMR
AMR_subclass_IN_SST	ENSG00000051341	chr3	rs73183725	-0.02000296	AMR
AMR_subclass_IN_SST	ENSG00000051341	chr3	rs73183729	-0.0198574	AMR
AMR_subclass_IN_SST	ENSG00000051341	chr3	rs7650069	-0.01969822	AMR
AMR_subclass_IN_SST	ENSG00000051341	chr3	rs6778859	0.01780018	AMR
AMR_subclass_IN_SST	ENSG00000051341	chr3	rs56384839	-0.01952278	AMR
AMR_subclass_IN_SST	ENSG00000051341	chr3	rs75542933	-0.02884324	AMR
AMR_subclass_IN_SST	ENSG00000051341	chr3	rs470647	-0.008619734	AMR
AMR_subclass_IN_SST	ENSG00000051341	chr3	rs588620	-0.009205279	AMR
AMR_subclass_IN_SST	ENSG00000051341	chr3	rs470699	-0.009488564	AMR
AMR_subclass_IN_SST	ENSG00000051341	chr3	rs617332	-0.009340913	AMR
AMR_subclass_IN_SST	ENSG00000051341	chr3	rs9833801	-0.008985594	AMR
AMR_subclass_IN_SST	ENSG00000051341	chr3	rs1720662	-0.008617434	AMR
AMR_subclass_IN_SST	ENSG00000051341	chr3	rs636934	-0.008334857	AMR
AMR_subclass_IN_SST	ENSG00000051341	chr3	rs1688674	-0.008169818	AMR
AMR_subclass_IN_SST	ENSG00000051341	chr3	rs112110166	-0.08058585	AMR
AMR_subclass_IN_SST	ENSG00000051341	chr3	rs111542653	-0.08138092	AMR
AMR_subclass_IN_SST	ENSG00000051341	chr3	rs9848328	-0.06771541	AMR
AMR_subclass_IN_SST	ENSG00000051341	chr3	rs3845852	-0.002687717	AMR
AMR_subclass_IN_SST	ENSG00000051341	chr3	rs3914737	-0.002261108	AMR
AMR_subclass_IN_SST	ENSG00000051341	chr3	rs60648200	-0.03491011	AMR
AMR_subclass_IN_SST	ENSG00000051341	chr3	rs7641749	-0.008503829	AMR
AMR_subclass_IN_SST	ENSG00000051341	chr3	rs338971	8.683158e-05	AMR
AMR_subclass_IN_SST	ENSG00000051341	chr3	rs234996	0.000344601	AMR
AMR_subclass_IN_SST	ENSG00000051341	chr3	rs338957	0.03808507	AMR
AMR_subclass_IN_SST	ENSG00000051341	chr3	rs339003	0.008623465	AMR
AMR_subclass_IN_SST	ENSG00000051341	chr3	rs338982	0.008532949	AMR
AMR_subclass_IN_SST	ENSG00000051341	chr3	rs338997	0.008512659	AMR
AMR_subclass_IN_SST	ENSG00000051341	chr3	rs1699956	0.008482767	AMR
AMR_subclass_IN_SST	ENSG00000051341	chr3	rs338967	0.001147603	AMR
AMR_subclass_IN_SST	ENSG00000051341	chr3	rs6800080	0.001703921	AMR
AMR_subclass_IN_SST	ENSG00000051341	chr3	rs2127024	0.008147366	AMR
AMR_subclass_IN_SST	ENSG00000051341	chr3	rs16832303	0.2092239	AMR
AMR_subclass_IN_SST	ENSG00000051341	chr3	rs1522357	0.02315673	AMR
AMR_subclass_IN_SST	ENSG00000051341	chr3	rs524026	0.1001937	AMR
AMR_subclass_IN_SST	ENSG00000051341	chr3	rs541818	0.002099273	AMR
AMR_subclass_IN_SST	ENSG00000051341	chr3	rs6778684	0.0408225	AMR
AMR_subclass_IN_SST	ENSG00000051341	chr3	rs575913	0.06266027	AMR
AMR_subclass_IN_SST	ENSG00000051341	chr3	rs61796946	-0.05759992	AMR
AMR_subclass_IN_SST	ENSG00000051341	chr3	rs502643	0.009245356	AMR
AMR_subclass_IN_SST	ENSG00000051341	chr3	rs11719994	0.0004013074	AMR
AMR_subclass_IN_SST	ENSG00000051341	chr3	rs7636922	-0.004000545	AMR
AMR_subclass_IN_SST	ENSG00000051341	chr3	rs6808258	-0.02637004	AMR
AMR_subclass_IN_SST	ENSG00000052723	chr1	rs4446967	0.001639889	AMR
AMR_subclass_IN_SST	ENSG00000052723	chr1	rs7512608	0.009940316	AMR
AMR_subclass_IN_SST	ENSG00000052723	chr1	rs1321110	0.285197288	AMR
AMR_subclass_IN_SST	ENSG00000052723	chr1	rs76170137	0.183312402	AMR
AMR_subclass_IN_SST	ENSG00000052723	chr1	rs12758323	0.031428569	AMR
AMR_subclass_IN_SST	ENSG00000052723	chr1	rs12744662	0.031216194	AMR
AMR_subclass_IN_SST	ENSG00000053900	chr4	rs13119139	-0.018527993	AMR
AMR_subclass_IN_SST	ENSG00000053900	chr4	rs4386589	-0.063751488	AMR
AMR_subclass_IN_SST	ENSG00000053900	chr4	rs77516568	-0.014838679	AMR
AMR_subclass_IN_SST	ENSG00000053900	chr4	rs115650862	-0.014820907	AMR
AMR_subclass_IN_SST	ENSG00000053900	chr4	rs77252157	0.007289737	AMR
AMR_subclass_IN_SST	ENSG00000053900	chr4	rs1852525	0.015828941	AMR
AMR_subclass_IN_SST	ENSG00000053900	chr4	rs13130781	-0.022542463	AMR
AMR_subclass_IN_SST	ENSG00000053900	chr4	rs17407728	-0.016022828	AMR
AMR_subclass_IN_SST	ENSG00000053900	chr4	rs17479714	-0.127121327	AMR
AMR_subclass_IN_SST	ENSG00000053900	chr4	rs17838934	0.059532019	AMR
AMR_subclass_IN_SST	ENSG00000053900	chr4	rs73252506	0.06008674	AMR
AMR_subclass_IN_SST	ENSG00000053900	chr4	rs12641682	0.060013481	AMR
AMR_subclass_IN_SST	ENSG00000053900	chr4	rs113421989	0.059279149	AMR
AMR_subclass_IN_SST	ENSG00000053900	chr4	rs73252517	-0.17068133	AMR
AMR_subclass_IN_SST	ENSG00000053900	chr4	rs28612433	-0.040513122	AMR
AMR_subclass_IN_SST	ENSG00000053900	chr4	rs3796780	-0.036037002	AMR
AMR_subclass_IN_SST	ENSG00000053900	chr4	rs11544126	-0.03588767	AMR
AMR_subclass_IN_SST	ENSG00000053900	chr4	rs12508686	-0.010313783	AMR
AMR_subclass_IN_SST	ENSG00000053900	chr4	rs10012973	-0.010641816	AMR
AMR_subclass_IN_SST	ENSG00000053900	chr4	rs9990598	-0.010460061	AMR
AMR_subclass_IN_SST	ENSG00000053900	chr4	rs10939050	-0.010044141	AMR
AMR_subclass_IN_SST	ENSG00000053900	chr4	rs2671451	0.069578262	AMR
AMR_subclass_IN_SST	ENSG00000053900	chr4	rs59984145	0.084893783	AMR
AMR_subclass_IN_SST	ENSG00000053900	chr4	rs315688	0.085438313	AMR
AMR_subclass_IN_SST	ENSG00000053900	chr4	rs316770	0.06729411	AMR
AMR_subclass_IN_SST	ENSG00000053900	chr4	rs78282106	0.020061622	AMR
AMR_subclass_IN_SST	ENSG00000053900	chr4	rs75677491	0.018617006	AMR
AMR_subclass_IN_SST	ENSG00000053900	chr4	rs6832141	-0.00325948	AMR
AMR_subclass_IN_SST	ENSG00000053900	chr4	rs922054	-0.032732109	AMR
AMR_subclass_IN_SST	ENSG00000053900	chr4	rs7670749	-0.052811461	AMR
AMR_subclass_IN_SST	ENSG00000053900	chr4	rs2240997	0.03024539	AMR
AMR_subclass_IN_SST	ENSG00000053900	chr4	rs142517958	-0.092610378	AMR
AMR_subclass_IN_SST	ENSG00000053900	chr4	rs141687951	-0.102691079	AMR
AMR_subclass_IN_SST	ENSG00000053900	chr4	rs13113428	-0.113673109	AMR
AMR_subclass_IN_SST	ENSG00000053900	chr4	rs2063534	-0.041502399	AMR
AMR_subclass_IN_SST	ENSG00000053900	chr4	rs2063445	0.114347126	AMR
AMR_subclass_IN_SST	ENSG00000053900	chr4	rs116801458	-0.009603585	AMR
AMR_subclass_IN_SST	ENSG00000053900	chr4	rs76575959	-0.010653398	AMR
AMR_subclass_IN_SST	ENSG00000053900	chr4	rs10939109	-0.009678969	AMR
AMR_subclass_IN_SST	ENSG00000057468	chr1	rs277390	0.006239477	AMR
AMR_subclass_IN_SST	ENSG00000057468	chr1	rs277363	0.002335807	AMR
AMR_subclass_IN_SST	ENSG00000057468	chr1	rs17096320	-0.02564715	AMR
AMR_subclass_IN_SST	ENSG00000057468	chr1	rs79297754	-0.02755663	AMR
AMR_subclass_IN_SST	ENSG00000057468	chr1	rs12065324	-0.0280503	AMR
AMR_subclass_IN_SST	ENSG00000057468	chr1	rs11487929	-0.03002796	AMR
AMR_subclass_IN_SST	ENSG00000057468	chr1	rs78952971	-0.02665674	AMR
AMR_subclass_IN_SST	ENSG00000057468	chr1	rs28817923	-0.02669883	AMR
AMR_subclass_IN_SST	ENSG00000057468	chr1	rs17096355	-0.02624406	AMR
AMR_subclass_IN_SST	ENSG00000057468	chr1	rs945795	-0.1193854	AMR
AMR_subclass_IN_SST	ENSG00000057468	chr1	rs1249662	-0.1191712	AMR
AMR_subclass_IN_SST	ENSG00000057468	chr1	rs1739902	-0.0358238	AMR
AMR_subclass_IN_SST	ENSG00000057468	chr1	rs211737	-0.08661656	AMR
AMR_subclass_IN_SST	ENSG00000057468	chr1	rs211723	-0.08723777	AMR
AMR_subclass_IN_SST	ENSG00000057468	chr1	rs1770513	0.01407593	AMR
AMR_subclass_IN_SST	ENSG00000057468	chr1	rs1146592	0.0545489	AMR
AMR_subclass_IN_SST	ENSG00000057468	chr1	rs1146593	0.05595092	AMR
AMR_subclass_IN_SST	ENSG00000057468	chr1	rs28602663	0.06943474	AMR
AMR_subclass_IN_SST	ENSG00000057468	chr1	rs4949879	0.07129539	AMR
AMR_subclass_IN_SST	ENSG00000057468	chr1	rs61799988	0.03790948	AMR
AMR_subclass_IN_SST	ENSG00000057468	chr1	rs147371126	0.01879141	AMR
AMR_subclass_IN_SST	ENSG00000057468	chr1	rs1146632	0.01762441	AMR
AMR_subclass_IN_SST	ENSG00000057468	chr1	rs1146634	0.01830647	AMR
AMR_subclass_IN_SST	ENSG00000057468	chr1	rs1146636	0.01864994	AMR
AMR_subclass_IN_SST	ENSG00000057468	chr1	rs12093623	0.04634824	AMR
AMR_subclass_IN_SST	ENSG00000057468	chr1	rs1146637	0.0186525	AMR
AMR_subclass_IN_SST	ENSG00000057468	chr1	rs1146643	0.01848768	AMR
AMR_subclass_IN_SST	ENSG00000057468	chr1	rs1146644	0.01824503	AMR
AMR_subclass_IN_SST	ENSG00000057468	chr1	rs1812589	0.03822874	AMR
AMR_subclass_IN_SST	ENSG00000057468	chr1	rs5745363	0.01952716	AMR
AMR_subclass_IN_SST	ENSG00000057468	chr1	rs10873726	0.1115888	AMR
AMR_subclass_IN_SST	ENSG00000057468	chr1	rs10782559	0.1121512	AMR
AMR_subclass_IN_SST	ENSG00000057468	chr1	rs5745390	0.01869427	AMR
AMR_subclass_IN_SST	ENSG00000057468	chr1	rs2172508	0.02540518	AMR
AMR_subclass_IN_SST	ENSG00000057468	chr1	rs11161792	0.02398843	AMR
AMR_subclass_IN_SST	ENSG00000057468	chr1	rs147756915	0.01881263	AMR
AMR_subclass_IN_SST	ENSG00000057468	chr1	rs7523573	0.005189476	AMR
AMR_subclass_IN_SST	ENSG00000057468	chr1	rs5745550	0.01654381	AMR
AMR_subclass_IN_SST	ENSG00000057468	chr1	rs289695	-0.1301	AMR
AMR_subclass_IN_SST	ENSG00000057468	chr1	rs1251575	-0.006631705	AMR
AMR_subclass_IN_SST	ENSG00000057468	chr1	rs55951085	-0.02005306	AMR
AMR_subclass_IN_SST	ENSG00000057468	chr1	rs289689	-0.005653939	AMR
AMR_subclass_IN_SST	ENSG00000057468	chr1	rs289688	-0.005906349	AMR
AMR_subclass_IN_SST	ENSG00000057468	chr1	rs74501836	-0.04982271	AMR
AMR_subclass_IN_SST	ENSG00000057468	chr1	rs12064344	-0.01682759	AMR
AMR_subclass_IN_SST	ENSG00000057468	chr1	rs1486931	-0.01845312	AMR
AMR_subclass_IN_SST	ENSG00000057468	chr1	rs76058167	-0.08702058	AMR
AMR_subclass_IN_SST	ENSG00000057468	chr1	rs10873871	-0.01701543	AMR
AMR_subclass_IN_SST	ENSG00000057468	chr1	rs2992635	-0.1452939	AMR
AMR_subclass_IN_SST	ENSG00000057468	chr1	rs536811	-0.09413344	AMR
AMR_subclass_IN_SST	ENSG00000057468	chr1	rs72675952	-0.2114598	AMR
AMR_subclass_IN_SST	ENSG00000057468	chr1	rs572200	-0.0341418	AMR
AMR_subclass_IN_SST	ENSG00000057468	chr1	rs486115	-0.07934488	AMR
AMR_subclass_IN_SST	ENSG00000057468	chr1	rs10782612	0.004265807	AMR
AMR_subclass_IN_SST	ENSG00000057468	chr1	rs6664579	-0.01153079	AMR
AMR_subclass_IN_SST	ENSG00000057468	chr1	rs147728319	-0.2191872	AMR
AMR_subclass_IN_SST	ENSG00000057468	chr1	rs17099004	0.104726	AMR
AMR_subclass_IN_SST	ENSG00000057468	chr1	rs149478845	0.0008943242	AMR
AMR_subclass_IN_SST	ENSG00000057468	chr1	rs114991306	-0.03247172	AMR
AMR_subclass_IN_SST	ENSG00000057468	chr1	rs116172763	-0.03182818	AMR
AMR_subclass_IN_SST	ENSG00000057468	chr1	rs12137581	-0.007817767	AMR
AMR_subclass_IN_SST	ENSG00000057468	chr1	rs12742374	-0.006758193	AMR
AMR_subclass_IN_SST	ENSG00000057468	chr1	rs2201848	4.926996e-05	AMR
AMR_subclass_IN_SST	ENSG00000057468	chr1	rs12410542	0.01754061	AMR
AMR_subclass_IN_SST	ENSG00000057468	chr1	rs11162204	0.03406847	AMR
AMR_subclass_IN_SST	ENSG00000057468	chr1	rs10873910	0.0336941	AMR
AMR_subclass_IN_SST	ENSG00000057468	chr1	rs114901274	0.3024207	AMR
AMR_subclass_IN_SST	ENSG00000058453	chr1	rs9442228	-0.13646932	AMR
AMR_subclass_IN_SST	ENSG00000058453	chr1	rs12731347	0.13608281	AMR
AMR_subclass_IN_SST	ENSG00000058453	chr1	rs149271318	0.24949752	AMR
AMR_subclass_IN_SST	ENSG00000058453	chr1	rs58297688	0.02169142	AMR
AMR_subclass_IN_SST	ENSG00000060237	chr12	rs76444570	-0.078382998	AMR
AMR_subclass_IN_SST	ENSG00000060237	chr12	rs115299927	-0.074876823	AMR
AMR_subclass_IN_SST	ENSG00000060237	chr12	rs12822449	-0.137644782	AMR
AMR_subclass_IN_SST	ENSG00000060237	chr12	rs78464347	-0.058026768	AMR
AMR_subclass_IN_SST	ENSG00000060237	chr12	rs12321262	0.033313498	AMR
AMR_subclass_IN_SST	ENSG00000060237	chr12	rs76259965	-0.015038115	AMR
AMR_subclass_IN_SST	ENSG00000060237	chr12	rs77602122	0.036335524	AMR
AMR_subclass_IN_SST	ENSG00000060237	chr12	rs74055587	0.123600263	AMR
AMR_subclass_IN_SST	ENSG00000060237	chr12	rs10505717	0.007583964	AMR
AMR_subclass_IN_SST	ENSG00000060237	chr12	rs2291920	0.013036015	AMR
AMR_subclass_IN_SST	ENSG00000060237	chr12	rs112847418	-0.216830229	AMR
AMR_subclass_IN_SST	ENSG00000060237	chr12	rs77320964	0.013225957	AMR
AMR_subclass_IN_SST	ENSG00000060237	chr12	rs518685	0.026956377	AMR
AMR_subclass_IN_SST	ENSG00000060237	chr12	rs2284329	-0.002994623	AMR
AMR_subclass_IN_SST	ENSG00000060237	chr12	rs2284330	-0.002951705	AMR
AMR_subclass_IN_SST	ENSG00000060237	chr12	rs533572	-0.015406778	AMR
AMR_subclass_IN_SST	ENSG00000060237	chr12	rs2300125	0.069855168	AMR
AMR_subclass_IN_SST	ENSG00000060237	chr12	rs11061978	0.047208997	AMR
AMR_subclass_IN_SST	ENSG00000060237	chr12	rs10848574	0.015328794	AMR
AMR_subclass_IN_SST	ENSG00000060237	chr12	rs77747027	0.599690354	AMR
AMR_subclass_IN_SST	ENSG00000060237	chr12	rs2300131	-0.013893678	AMR
AMR_subclass_IN_SST	ENSG00000060237	chr12	rs4980909	0.156400649	AMR
AMR_subclass_IN_SST	ENSG00000060237	chr12	rs11063040	0.016914117	AMR
AMR_subclass_IN_SST	ENSG00000060237	chr12	rs117033854	0.015417338	AMR
AMR_subclass_IN_SST	ENSG00000060237	chr12	rs7315649	0.087088403	AMR
AMR_subclass_IN_SST	ENSG00000060237	chr12	rs12370101	0.007410033	AMR
AMR_subclass_IN_SST	ENSG00000060237	chr12	rs11063119	-0.07956101	AMR
AMR_subclass_IN_SST	ENSG00000060237	chr12	rs73590340	-0.080114984	AMR
AMR_subclass_IN_SST	ENSG00000060237	chr12	rs7970529	-0.07776282	AMR
AMR_subclass_IN_SST	ENSG00000060237	chr12	rs10849066	-0.20321773	AMR
AMR_subclass_IN_SST	ENSG00000060237	chr12	rs67875567	-0.024361583	AMR
AMR_subclass_IN_SST	ENSG00000060237	chr12	rs2005842	-0.027169591	AMR
AMR_subclass_IN_SST	ENSG00000060237	chr12	rs2075027	-0.026312624	AMR
AMR_subclass_IN_SST	ENSG00000060237	chr12	rs7970599	-0.035550258	AMR
AMR_subclass_IN_SST	ENSG00000060237	chr12	rs148132269	0.056109323	AMR
AMR_subclass_IN_SST	ENSG00000060237	chr12	rs2279018	-0.078761725	AMR
AMR_subclass_IN_SST	ENSG00000060237	chr12	rs78376876	0.079000119	AMR
AMR_subclass_IN_SST	ENSG00000060237	chr12	rs78871596	-0.109447579	AMR
AMR_subclass_IN_SST	ENSG00000060237	chr12	rs144982417	0.003850713	AMR
AMR_subclass_IN_SST	ENSG00000060237	chr12	rs55763859	0.165768334	AMR
AMR_subclass_IN_SST	ENSG00000060237	chr12	rs76518828	0.002390774	AMR
AMR_subclass_IN_SST	ENSG00000060237	chr12	rs75785593	0.001046718	AMR
AMR_subclass_IN_SST	ENSG00000060237	chr12	rs79052876	0.000348945	AMR
AMR_subclass_IN_SST	ENSG00000060237	chr12	rs146345688	-0.083964831	AMR
AMR_subclass_IN_SST	ENSG00000060237	chr12	rs116846970	-0.298139296	AMR
AMR_subclass_IN_SST	ENSG00000060237	chr12	rs1870203	0.032677391	AMR
AMR_subclass_IN_SST	ENSG00000060237	chr12	rs73039187	0.228959959	AMR
AMR_subclass_IN_SST	ENSG00000060237	chr12	rs7137188	0.049118334	AMR
AMR_subclass_IN_SST	ENSG00000060237	chr12	rs11064541	-0.044223611	AMR
AMR_subclass_IN_SST	ENSG00000060237	chr12	rs11064547	-0.04477	AMR
AMR_subclass_IN_SST	ENSG00000060237	chr12	rs11064550	-0.044810787	AMR
AMR_subclass_IN_SST	ENSG00000060237	chr12	rs7298133	-0.044602965	AMR
AMR_subclass_IN_SST	ENSG00000060237	chr12	rs11064562	-0.044316635	AMR
AMR_subclass_IN_SST	ENSG00000060237	chr12	rs7966395	-0.04404075	AMR
AMR_subclass_IN_SST	ENSG00000060237	chr12	rs16931965	-0.046387588	AMR
AMR_subclass_IN_SST	ENSG00000060237	chr12	rs61559199	-0.025183297	AMR
AMR_subclass_IN_SST	ENSG00000060237	chr12	rs10849573	-0.046934595	AMR
AMR_subclass_IN_SST	ENSG00000060237	chr12	rs6489760	-0.045627689	AMR
AMR_subclass_IN_SST	ENSG00000060237	chr12	rs880054	-0.003676419	AMR
AMR_subclass_IN_SST	ENSG00000060237	chr12	rs10849577	-0.043968089	AMR
AMR_subclass_IN_SST	ENSG00000060237	chr12	rs10744727	0.024065175	AMR
AMR_subclass_IN_SST	ENSG00000060237	chr12	rs2301881	-0.042380851	AMR
AMR_subclass_IN_SST	ENSG00000060237	chr12	rs2286026	0.020984968	AMR
AMR_subclass_IN_SST	ENSG00000060237	chr12	rs7963551	-0.040887204	AMR
AMR_subclass_IN_SST	ENSG00000060237	chr12	rs76529811	-0.039200861	AMR
AMR_subclass_IN_SST	ENSG00000060237	chr12	rs10849592	-0.037486967	AMR
AMR_subclass_IN_SST	ENSG00000060237	chr12	rs145415428	-0.034034771	AMR
AMR_subclass_IN_SST	ENSG00000060237	chr12	rs10849596	-0.035119021	AMR
AMR_subclass_IN_SST	ENSG00000060237	chr12	rs11064604	-0.036502835	AMR
AMR_subclass_IN_SST	ENSG00000060237	chr12	rs10849598	-0.038082754	AMR
AMR_subclass_IN_SST	ENSG00000060237	chr12	rs10849599	-0.039921905	AMR
AMR_subclass_IN_SST	ENSG00000060237	chr12	rs61917206	0.111002433	AMR
AMR_subclass_IN_SST	ENSG00000060237	chr12	rs12227136	-0.005617247	AMR
AMR_subclass_IN_SST	ENSG00000060237	chr12	rs12812965	0.022047715	AMR
AMR_subclass_IN_SST	ENSG00000060237	chr12	rs59462516	0.021380732	AMR
AMR_subclass_IN_SST	ENSG00000060237	chr12	rs78523146	0.00708674	AMR
AMR_subclass_IN_SST	ENSG00000060237	chr12	rs36011250	0.019963765	AMR
AMR_subclass_IN_SST	ENSG00000060237	chr12	rs61918736	0.017918604	AMR
AMR_subclass_IN_SST	ENSG00000060237	chr12	rs11061648	0.075932544	AMR
AMR_subclass_IN_SST	ENSG00000060237	chr12	rs73041037	0.041937475	AMR
AMR_subclass_IN_SST	ENSG00000060237	chr12	rs144547299	-0.210210683	AMR
AMR_subclass_IN_SST	ENSG00000060237	chr12	rs12303454	-0.228000136	AMR
AMR_subclass_IN_SST	ENSG00000060237	chr12	rs7133689	-0.056230073	AMR
AMR_subclass_IN_SST	ENSG00000060237	chr12	rs7311422	-0.002471973	AMR
AMR_subclass_IN_SST	ENSG00000060237	chr12	rs144166911	0.1637767	AMR
AMR_subclass_IN_SST	ENSG00000060237	chr12	rs61912203	0.063091008	AMR
AMR_subclass_IN_SST	ENSG00000060237	chr12	rs74750890	-0.09880829	AMR
AMR_subclass_IN_SST	ENSG00000060237	chr12	rs117794646	-0.097475139	AMR
AMR_subclass_IN_SST	ENSG00000060237	chr12	rs10848524	0.094075701	AMR
AMR_subclass_IN_SST	ENSG00000060237	chr12	rs10773965	0.014234227	AMR
AMR_subclass_IN_SST	ENSG00000060237	chr12	rs56975960	-0.233605645	AMR
AMR_subclass_IN_SST	ENSG00000060237	chr12	rs75819571	0.006254156	AMR
AMR_subclass_IN_SST	ENSG00000060237	chr12	rs7137757	-0.01769256	AMR
AMR_subclass_IN_SST	ENSG00000060237	chr12	rs75695718	0.04928181	AMR
AMR_subclass_IN_SST	ENSG00000060237	chr12	rs12827147	-0.035129532	AMR
AMR_subclass_IN_SST	ENSG00000060237	chr12	rs4765645	-0.068711484	AMR
AMR_subclass_IN_SST	ENSG00000060237	chr12	rs4765646	-0.034174919	AMR
AMR_subclass_IN_SST	ENSG00000060237	chr12	rs10774003	-0.010819866	AMR
AMR_subclass_IN_SST	ENSG00000060237	chr12	rs1990233	-0.04542717	AMR
AMR_subclass_IN_SST	ENSG00000061794	chr12	rs7297278	0.07947175	AMR
AMR_subclass_IN_SST	ENSG00000061794	chr12	rs7297183	0.08219386	AMR
AMR_subclass_IN_SST	ENSG00000061794	chr12	rs4931542	0.08398594	AMR
AMR_subclass_IN_SST	ENSG00000061794	chr12	rs4931544	0.08401339	AMR
AMR_subclass_IN_SST	ENSG00000061794	chr12	rs4930988	0.08322847	AMR
AMR_subclass_IN_SST	ENSG00000061794	chr12	rs10843004	0.08247173	AMR
AMR_subclass_IN_SST	ENSG00000061794	chr12	rs4931548	0.08189984	AMR
AMR_subclass_IN_SST	ENSG00000061794	chr12	rs12319771	-0.005926542	AMR
AMR_subclass_IN_SST	ENSG00000061794	chr12	rs12307753	-0.008418421	AMR
AMR_subclass_IN_SST	ENSG00000061794	chr12	rs11049189	-0.00884598	AMR
AMR_subclass_IN_SST	ENSG00000061794	chr12	rs11049190	-0.007710152	AMR
AMR_subclass_IN_SST	ENSG00000061794	chr12	rs12321559	-0.005903854	AMR
AMR_subclass_IN_SST	ENSG00000061794	chr12	rs11049191	-0.004100615	AMR
AMR_subclass_IN_SST	ENSG00000061794	chr12	rs12309621	-0.002633266	AMR
AMR_subclass_IN_SST	ENSG00000061794	chr12	rs12303411	-0.001582664	AMR
AMR_subclass_IN_SST	ENSG00000061794	chr12	rs12298197	-0.0008978884	AMR
AMR_subclass_IN_SST	ENSG00000061794	chr12	rs35886124	-0.0004839159	AMR
AMR_subclass_IN_SST	ENSG00000061794	chr12	rs9804951	-0.000249034	AMR
AMR_subclass_IN_SST	ENSG00000061794	chr12	rs9804757	-0.0001229026	AMR
AMR_subclass_IN_SST	ENSG00000061794	chr12	rs9804794	-5.838436e-05	AMR
AMR_subclass_IN_SST	ENSG00000061794	chr12	rs9804792	-2.678478e-05	AMR
AMR_subclass_IN_SST	ENSG00000062485	chr12	rs7979557	0.0007313052	AMR
AMR_subclass_IN_SST	ENSG00000062485	chr12	rs7302469	0.0012414092	AMR
AMR_subclass_IN_SST	ENSG00000062485	chr12	rs7972297	0.0364315344	AMR
AMR_subclass_IN_SST	ENSG00000062485	chr12	rs7962135	0.0358619743	AMR
AMR_subclass_IN_SST	ENSG00000062485	chr12	rs4759143	0.0001241612	AMR
AMR_subclass_IN_SST	ENSG00000062485	chr12	rs11171442	0.0345356409	AMR
AMR_subclass_IN_SST	ENSG00000062485	chr12	rs11171443	0.0100250412	AMR
AMR_subclass_IN_SST	ENSG00000062485	chr12	rs4759177	0.2067467895	AMR
AMR_subclass_IN_SST	ENSG00000062485	chr12	rs10876843	-0.0303306644	AMR
AMR_subclass_IN_SST	ENSG00000062485	chr12	rs10783766	-0.0303742948	AMR
AMR_subclass_IN_SST	ENSG00000062485	chr12	rs11171645	-0.0977283715	AMR
AMR_subclass_IN_SST	ENSG00000062485	chr12	rs77843020	-0.0979552498	AMR
AMR_subclass_IN_SST	ENSG00000062485	chr12	rs4479028	0.0084277227	AMR
AMR_subclass_IN_SST	ENSG00000062485	chr12	rs12578705	-0.041667315	AMR
AMR_subclass_IN_SST	ENSG00000062485	chr12	rs12828668	-0.0632693158	AMR
AMR_subclass_IN_SST	ENSG00000062485	chr12	rs1136082	0.0171925564	AMR
AMR_subclass_IN_SST	ENSG00000062485	chr12	rs2101718	0.0174413578	AMR
AMR_subclass_IN_SST	ENSG00000062485	chr12	rs2069398	-0.0709749922	AMR
AMR_subclass_IN_SST	ENSG00000062485	chr12	rs76167224	-0.0041345795	AMR
AMR_subclass_IN_SST	ENSG00000062485	chr12	rs117236658	-0.0016445301	AMR
AMR_subclass_IN_SST	ENSG00000062485	chr12	rs11831042	-0.0618591738	AMR
AMR_subclass_IN_SST	ENSG00000062485	chr12	rs7975238	0.0138061834	AMR
AMR_subclass_IN_SST	ENSG00000062485	chr12	rs113859179	-0.0314137178	AMR
AMR_subclass_IN_SST	ENSG00000062485	chr12	rs111584215	-0.0024268297	AMR
AMR_subclass_IN_SST	ENSG00000062485	chr12	rs112055513	-0.3667651135	AMR
AMR_subclass_IN_SST	ENSG00000062485	chr12	rs77740732	-0.0563030889	AMR
AMR_subclass_IN_SST	ENSG00000062485	chr12	rs11171956	-0.0998936769	AMR
AMR_subclass_IN_SST	ENSG00000062485	chr12	rs12809466	0.1264210181	AMR
AMR_subclass_IN_SST	ENSG00000062485	chr12	rs34522994	0.1259007179	AMR
AMR_subclass_IN_SST	ENSG00000062485	chr12	rs10876938	0.0892919144	AMR
AMR_subclass_IN_SST	ENSG00000062485	chr12	rs77235310	0.0820950549	AMR
AMR_subclass_IN_SST	ENSG00000062485	chr12	rs4759272	-0.163751498	AMR
AMR_subclass_IN_SST	ENSG00000062485	chr12	rs35937600	-0.0352199625	AMR
AMR_subclass_IN_SST	ENSG00000062485	chr12	rs3759135	-0.0052299114	AMR
AMR_subclass_IN_SST	ENSG00000062485	chr12	rs183546570	-0.0050513378	AMR
AMR_subclass_IN_SST	ENSG00000062485	chr12	rs73118432	-0.3777925756	AMR
AMR_subclass_IN_SST	ENSG00000062485	chr12	rs324011	-0.0750367583	AMR
AMR_subclass_IN_SST	ENSG00000062485	chr12	rs73118440	-0.2840702318	AMR
AMR_subclass_IN_SST	ENSG00000062485	chr12	rs73120065	0.0377753141	AMR
AMR_subclass_IN_SST	ENSG00000063177	chr19	rs11671132	-0.0121155843	AMR
AMR_subclass_IN_SST	ENSG00000063177	chr19	rs57483655	-0.2703401526	AMR
AMR_subclass_IN_SST	ENSG00000063177	chr19	rs118148734	0.3561234747	AMR
AMR_subclass_IN_SST	ENSG00000063177	chr19	rs117498809	0.3555029695	AMR
AMR_subclass_IN_SST	ENSG00000063177	chr19	rs78386829	-0.0747673856	AMR
AMR_subclass_IN_SST	ENSG00000063177	chr19	rs75673708	-0.0723848416	AMR
AMR_subclass_IN_SST	ENSG00000063177	chr19	rs111074823	-0.111793042	AMR
AMR_subclass_IN_SST	ENSG00000063177	chr19	rs78056566	0.0010821966	AMR
AMR_subclass_IN_SST	ENSG00000063177	chr19	rs2386983	-0.005852501	AMR
AMR_subclass_IN_SST	ENSG00000063177	chr19	rs10404719	-0.0065167299	AMR
AMR_subclass_IN_SST	ENSG00000063177	chr19	rs10405965	-0.0055025812	AMR
AMR_subclass_IN_SST	ENSG00000063177	chr19	rs34798742	-0.004587723	AMR
AMR_subclass_IN_SST	ENSG00000063177	chr19	rs11083914	-0.0116876722	AMR
AMR_subclass_IN_SST	ENSG00000063177	chr19	rs11083915	-0.0117353826	AMR
AMR_subclass_IN_SST	ENSG00000063177	chr19	rs251697	-0.0112374686	AMR
AMR_subclass_IN_SST	ENSG00000063177	chr19	rs12462811	-0.0055304006	AMR
AMR_subclass_IN_SST	ENSG00000063177	chr19	rs175628	-0.0747463787	AMR
AMR_subclass_IN_SST	ENSG00000063177	chr19	rs274896	-0.007339985	AMR
AMR_subclass_IN_SST	ENSG00000063177	chr19	rs2015209	-0.0385668486	AMR
AMR_subclass_IN_SST	ENSG00000063177	chr19	rs2015216	-0.038546326	AMR
AMR_subclass_IN_SST	ENSG00000063177	chr19	rs55684312	-0.0797922281	AMR
AMR_subclass_IN_SST	ENSG00000063177	chr19	rs10418189	-0.0353385496	AMR
AMR_subclass_IN_SST	ENSG00000063177	chr19	rs10423446	-0.1312031603	AMR
AMR_subclass_IN_SST	ENSG00000063177	chr19	rs1799279	-0.0691755172	AMR
AMR_subclass_IN_SST	ENSG00000063177	chr19	rs3760797	0.1854213188	AMR
AMR_subclass_IN_SST	ENSG00000063177	chr19	rs56359636	-0.0060229468	AMR
AMR_subclass_IN_SST	ENSG00000063177	chr19	rs79700483	-0.002724675	AMR
AMR_subclass_IN_SST	ENSG00000063177	chr19	rs9676465	-0.0008242019	AMR
AMR_subclass_IN_SST	ENSG00000063177	chr19	rs7249118	0.0822914521	AMR
AMR_subclass_IN_SST	ENSG00000063177	chr19	rs28439983	-0.1368614228	AMR
AMR_subclass_IN_SST	ENSG00000063177	chr19	rs12975040	-0.0133579795	AMR
AMR_subclass_IN_SST	ENSG00000063177	chr19	rs12975086	-0.0126897152	AMR
AMR_subclass_IN_SST	ENSG00000063177	chr19	rs116867738	0.1323169865	AMR
AMR_subclass_IN_SST	ENSG00000063177	chr19	rs78783295	-0.0960429759	AMR
AMR_subclass_IN_SST	ENSG00000063177	chr19	rs57625989	0.0288155856	AMR
AMR_subclass_IN_SST	ENSG00000063177	chr19	rs61515781	0.1422993533	AMR
AMR_subclass_IN_SST	ENSG00000063177	chr19	rs74592015	-0.2757538406	AMR
AMR_subclass_IN_SST	ENSG00000063177	chr19	rs7252656	-0.1139381333	AMR
AMR_subclass_IN_SST	ENSG00000063177	chr19	rs35538484	-0.0587408415	AMR
AMR_subclass_IN_SST	ENSG00000063660	chr2	rs78129476	0.003898732	AMR
AMR_subclass_IN_SST	ENSG00000063660	chr2	rs10190781	-0.04139233	AMR
AMR_subclass_IN_SST	ENSG00000063660	chr2	rs71428439	-0.1487189	AMR
AMR_subclass_IN_SST	ENSG00000063660	chr2	rs12469469	-0.04157659	AMR
AMR_subclass_IN_SST	ENSG00000063660	chr2	rs35328490	-0.06216405	AMR
AMR_subclass_IN_SST	ENSG00000063660	chr2	rs4372899	0.0247078	AMR
AMR_subclass_IN_SST	ENSG00000063660	chr2	rs11681793	0.08443979	AMR
AMR_subclass_IN_SST	ENSG00000063660	chr2	rs78557056	-0.01809615	AMR
AMR_subclass_IN_SST	ENSG00000063660	chr2	rs13005508	0.09756234	AMR
AMR_subclass_IN_SST	ENSG00000063660	chr2	rs2975792	-0.005872928	AMR
AMR_subclass_IN_SST	ENSG00000063660	chr2	rs114534643	-0.1223087	AMR
AMR_subclass_IN_SST	ENSG00000063660	chr2	rs77697330	-0.03172809	AMR
AMR_subclass_IN_SST	ENSG00000063660	chr2	rs74002591	-0.005907406	AMR
AMR_subclass_IN_SST	ENSG00000063660	chr2	rs16843303	-0.01884758	AMR
AMR_subclass_IN_SST	ENSG00000063660	chr2	rs61748659	-0.4776941	AMR
AMR_subclass_IN_SST	ENSG00000063660	chr2	rs11678750	0.002119528	AMR
AMR_subclass_IN_SST	ENSG00000063660	chr2	rs3755324	0.003709396	AMR
AMR_subclass_IN_SST	ENSG00000063660	chr2	rs11675957	0.007958308	AMR
AMR_subclass_IN_SST	ENSG00000063660	chr2	rs12619677	0.002671692	AMR
AMR_subclass_IN_SST	ENSG00000063660	chr2	rs60515663	0.001322484	AMR
AMR_subclass_IN_SST	ENSG00000063660	chr2	rs12474449	0.0005401987	AMR
AMR_subclass_IN_SST	ENSG00000063660	chr2	rs6733962	0.0001930073	AMR
AMR_subclass_IN_SST	ENSG00000063660	chr2	rs62186408	6.248821e-05	AMR
AMR_subclass_IN_SST	ENSG00000063660	chr2	rs12612578	1.875889e-05	AMR
AMR_subclass_IN_SST	ENSG00000063660	chr2	rs11884197	5.304569e-06	AMR
AMR_subclass_IN_SST	ENSG00000063660	chr2	rs56061376	1.428996e-06	AMR
AMR_subclass_IN_SST	ENSG00000063660	chr2	rs62186421	3.698123e-07	AMR
AMR_subclass_IN_SST	ENSG00000063660	chr2	rs12619620	9.252653e-08	AMR
AMR_subclass_IN_SST	ENSG00000064225	chr3	rs7634548	-0.008808311	AMR
AMR_subclass_IN_SST	ENSG00000064225	chr3	rs6439979	-0.006035398	AMR
AMR_subclass_IN_SST	ENSG00000064225	chr3	rs2873012	-0.006144805	AMR
AMR_subclass_IN_SST	ENSG00000064225	chr3	rs278364	0.066914337	AMR
AMR_subclass_IN_SST	ENSG00000064225	chr3	rs278371	0.1024809	AMR
AMR_subclass_IN_SST	ENSG00000064225	chr3	rs1666310	0.084800972	AMR
AMR_subclass_IN_SST	ENSG00000064225	chr3	rs2439237	-0.038126462	AMR
AMR_subclass_IN_SST	ENSG00000064225	chr3	rs9852889	0.019243309	AMR
AMR_subclass_IN_SST	ENSG00000064225	chr3	rs9842226	0.019415503	AMR
AMR_subclass_IN_SST	ENSG00000064225	chr3	rs2470835	-0.016334324	AMR
AMR_subclass_IN_SST	ENSG00000064225	chr3	rs77289783	-0.016534944	AMR
AMR_subclass_IN_SST	ENSG00000064225	chr3	rs60736707	0.007119734	AMR
AMR_subclass_IN_SST	ENSG00000064225	chr3	rs76869612	-0.474859109	AMR
AMR_subclass_IN_SST	ENSG00000064655	chr20	rs148240568	-0.088741805	AMR
AMR_subclass_IN_SST	ENSG00000064655	chr20	rs117322060	-0.090125219	AMR
AMR_subclass_IN_SST	ENSG00000064655	chr20	rs74686260	-0.089755518	AMR
AMR_subclass_IN_SST	ENSG00000064655	chr20	rs117655145	-0.007916156	AMR
AMR_subclass_IN_SST	ENSG00000064655	chr20	rs58847090	-0.005314455	AMR
AMR_subclass_IN_SST	ENSG00000064655	chr20	rs6066138	0.013834617	AMR
AMR_subclass_IN_SST	ENSG00000064655	chr20	rs6063046	0.014398483	AMR
AMR_subclass_IN_SST	ENSG00000064655	chr20	rs6066149	0.084848654	AMR
AMR_subclass_IN_SST	ENSG00000064655	chr20	rs59791349	0.10305037	AMR
AMR_subclass_IN_SST	ENSG00000064655	chr20	rs6063050	0.085371059	AMR
AMR_subclass_IN_SST	ENSG00000065621	chr10	rs7088041	-0.04136389	AMR
AMR_subclass_IN_SST	ENSG00000065621	chr10	rs7894798	-0.017781539	AMR
AMR_subclass_IN_SST	ENSG00000065621	chr10	rs10883923	0.007414852	AMR
AMR_subclass_IN_SST	ENSG00000065621	chr10	rs4918059	0.009009053	AMR
AMR_subclass_IN_SST	ENSG00000065621	chr10	rs4918060	0.009436564	AMR
AMR_subclass_IN_SST	ENSG00000065621	chr10	rs4918061	0.009061021	AMR
AMR_subclass_IN_SST	ENSG00000065621	chr10	rs10748853	0.008436468	AMR
AMR_subclass_IN_SST	ENSG00000065621	chr10	rs10748854	0.007858377	AMR
AMR_subclass_IN_SST	ENSG00000065621	chr10	rs12412379	0.00741585	AMR
AMR_subclass_IN_SST	ENSG00000065621	chr10	rs66718336	0.007105243	AMR
AMR_subclass_IN_SST	ENSG00000065621	chr10	rs34228257	0.006889305	AMR
AMR_subclass_IN_SST	ENSG00000065621	chr10	rs7910755	0.0067213	AMR
AMR_subclass_IN_SST	ENSG00000065621	chr10	rs10748855	0.006556451	AMR
AMR_subclass_IN_SST	ENSG00000065621	chr10	rs7087004	-0.00635828	AMR
AMR_subclass_IN_SST	ENSG00000065621	chr10	rs1005113	0.00610174	AMR
AMR_subclass_IN_SST	ENSG00000065621	chr10	rs911547	0.017381304	AMR
AMR_subclass_IN_SST	ENSG00000065621	chr10	rs11818388	-0.009806933	AMR
AMR_subclass_IN_SST	ENSG00000065621	chr10	rs73331554	-0.028908315	AMR
AMR_subclass_IN_SST	ENSG00000065621	chr10	rs7901021	-0.014645517	AMR
AMR_subclass_IN_SST	ENSG00000065621	chr10	rs11191927	-0.052531066	AMR
AMR_subclass_IN_SST	ENSG00000065621	chr10	rs1147611	-0.060123689	AMR
AMR_subclass_IN_SST	ENSG00000065621	chr10	rs641071	-0.060018693	AMR
AMR_subclass_IN_SST	ENSG00000065621	chr10	rs568526	-0.084845468	AMR
AMR_subclass_IN_SST	ENSG00000065621	chr10	rs276215	-0.029519565	AMR
AMR_subclass_IN_SST	ENSG00000065621	chr10	rs11192013	-0.029588123	AMR
AMR_subclass_IN_SST	ENSG00000065621	chr10	rs10883993	-0.029279104	AMR
AMR_subclass_IN_SST	ENSG00000065621	chr10	rs280836	0.029956045	AMR
AMR_subclass_IN_SST	ENSG00000065621	chr10	rs12766817	-0.132046719	AMR
AMR_subclass_IN_SST	ENSG00000065911	chr2	rs546576	0.2854965345	AMR
AMR_subclass_IN_SST	ENSG00000065911	chr2	rs75267473	-0.2733721446	AMR
AMR_subclass_IN_SST	ENSG00000065911	chr2	rs1320374	-0.0252658242	AMR
AMR_subclass_IN_SST	ENSG00000065911	chr2	rs4346412	-0.0260248339	AMR
AMR_subclass_IN_SST	ENSG00000065911	chr2	rs12472502	-0.0063184449	AMR
AMR_subclass_IN_SST	ENSG00000065911	chr2	rs111833974	0.0183505673	AMR
AMR_subclass_IN_SST	ENSG00000065911	chr2	rs13027816	-0.0049249525	AMR
AMR_subclass_IN_SST	ENSG00000065911	chr2	rs2421584	-0.0139352099	AMR
AMR_subclass_IN_SST	ENSG00000065911	chr2	rs2421586	-0.0055037926	AMR
AMR_subclass_IN_SST	ENSG00000065911	chr2	rs7574268	-0.0049394566	AMR
AMR_subclass_IN_SST	ENSG00000065911	chr2	rs13006598	-0.0521359242	AMR
AMR_subclass_IN_SST	ENSG00000065911	chr2	rs831538	-0.0066043629	AMR
AMR_subclass_IN_SST	ENSG00000065911	chr2	rs77943387	0.1229794876	AMR
AMR_subclass_IN_SST	ENSG00000065911	chr2	rs79214029	-0.3512046586	AMR
AMR_subclass_IN_SST	ENSG00000065911	chr2	rs10196755	-0.1717277912	AMR
AMR_subclass_IN_SST	ENSG00000065911	chr2	rs831529	-0.0020521908	AMR
AMR_subclass_IN_SST	ENSG00000065911	chr2	rs831547	-0.007178443	AMR
AMR_subclass_IN_SST	ENSG00000065911	chr2	rs940297	-0.0028639515	AMR
AMR_subclass_IN_SST	ENSG00000065911	chr2	rs940298	-0.003060465	AMR
AMR_subclass_IN_SST	ENSG00000065911	chr2	rs940299	-0.0072671966	AMR
AMR_subclass_IN_SST	ENSG00000065911	chr2	rs940300	-0.0069335524	AMR
AMR_subclass_IN_SST	ENSG00000065911	chr2	rs940301	-0.0029588975	AMR
AMR_subclass_IN_SST	ENSG00000065911	chr2	rs7564379	-0.0028529897	AMR
AMR_subclass_IN_SST	ENSG00000065911	chr2	rs1464690	-0.0027033491	AMR
AMR_subclass_IN_SST	ENSG00000065911	chr2	rs11126422	-0.0366295904	AMR
AMR_subclass_IN_SST	ENSG00000065911	chr2	rs10198145	-0.107960912	AMR
AMR_subclass_IN_SST	ENSG00000065911	chr2	rs11683567	-0.7188629791	AMR
AMR_subclass_IN_SST	ENSG00000065911	chr2	rs547108083	-0.1384037457	AMR
AMR_subclass_IN_SST	ENSG00000065911	chr2	rs11126425	0.0053299924	AMR
AMR_subclass_IN_SST	ENSG00000065911	chr2	rs7602215	0.0010911797	AMR
AMR_subclass_IN_SST	ENSG00000065911	chr2	rs11126428	-0.0084730435	AMR
AMR_subclass_IN_SST	ENSG00000065911	chr2	rs3755441	0.1014611869	AMR
AMR_subclass_IN_SST	ENSG00000065911	chr2	rs3815241	0.2088189346	AMR
AMR_subclass_IN_SST	ENSG00000065911	chr2	rs77706750	-0.3582166802	AMR
AMR_subclass_IN_SST	ENSG00000065911	chr2	rs2077600	0.0421049926	AMR
AMR_subclass_IN_SST	ENSG00000065911	chr2	rs7574100	0.0132382451	AMR
AMR_subclass_IN_SST	ENSG00000065911	chr2	rs3913433	0.0061578189	AMR
AMR_subclass_IN_SST	ENSG00000065911	chr2	rs3913432	0.0060504155	AMR
AMR_subclass_IN_SST	ENSG00000065911	chr2	rs4852340	0.0145188284	AMR
AMR_subclass_IN_SST	ENSG00000065911	chr2	rs10170357	0.0007549985	AMR
AMR_subclass_IN_SST	ENSG00000065911	chr2	rs4853049	0.0002214689	AMR
AMR_subclass_IN_SST	ENSG00000065911	chr2	rs7566005	0.0308471816	AMR
AMR_subclass_IN_SST	ENSG00000065911	chr2	rs4853084	0.0279031641	AMR
AMR_subclass_IN_SST	ENSG00000065911	chr2	rs6546946	0.047708159	AMR
AMR_subclass_IN_SST	ENSG00000065911	chr2	rs6546951	0.0581564514	AMR
AMR_subclass_IN_SST	ENSG00000065911	chr2	rs3821313	-0.0424220704	AMR
AMR_subclass_IN_SST	ENSG00000065911	chr2	rs2075285	0.0568456209	AMR
AMR_subclass_IN_SST	ENSG00000065911	chr2	rs78026849	0.0715262443	AMR
AMR_subclass_IN_SST	ENSG00000065911	chr2	rs10203484	-0.0215612409	AMR
AMR_subclass_IN_SST	ENSG00000066739	chr14	rs1187729	0.008975216	AMR
AMR_subclass_IN_SST	ENSG00000066739	chr14	rs45526637	-0.130138203	AMR
AMR_subclass_IN_SST	ENSG00000066739	chr14	rs78689696	-0.263699629	AMR
AMR_subclass_IN_SST	ENSG00000066739	chr14	rs12886991	-0.007627408	AMR
AMR_subclass_IN_SST	ENSG00000066739	chr14	rs17310190	0.191208818	AMR
AMR_subclass_IN_SST	ENSG00000066739	chr14	rs1041008	-0.015000994	AMR
AMR_subclass_IN_SST	ENSG00000066739	chr14	rs74076130	-0.081930902	AMR
AMR_subclass_IN_SST	ENSG00000066739	chr14	rs60476292	-0.080952891	AMR
AMR_subclass_IN_SST	ENSG00000067141	chr15	rs12101432	-0.08836254	AMR
AMR_subclass_IN_SST	ENSG00000067141	chr15	rs11630852	-0.02208762	AMR
AMR_subclass_IN_SST	ENSG00000067141	chr15	rs11854909	0.19435	AMR
AMR_subclass_IN_SST	ENSG00000067141	chr15	rs11856466	0.0004293848	AMR
AMR_subclass_IN_SST	ENSG00000067141	chr15	rs4625692	0.01569958	AMR
AMR_subclass_IN_SST	ENSG00000067141	chr15	rs8038411	0.0002613614	AMR
AMR_subclass_IN_SST	ENSG00000067141	chr15	rs2169952	5.327416e-05	AMR
AMR_subclass_IN_SST	ENSG00000067141	chr15	rs8027745	0.02370346	AMR
AMR_subclass_IN_SST	ENSG00000067141	chr15	rs8032565	0.02604438	AMR
AMR_subclass_IN_SST	ENSG00000067141	chr15	rs11639277	0.02606276	AMR
AMR_subclass_IN_SST	ENSG00000067141	chr15	rs145892374	0.02478395	AMR
AMR_subclass_IN_SST	ENSG00000067141	chr15	rs146698249	0.02345226	AMR
AMR_subclass_IN_SST	ENSG00000067141	chr15	rs145756278	0.02242152	AMR
AMR_subclass_IN_SST	ENSG00000067141	chr15	rs77688257	0.02151501	AMR
AMR_subclass_IN_SST	ENSG00000067141	chr15	rs60856646	0.02937271	AMR
AMR_subclass_IN_SST	ENSG00000067334	chr1	rs41424849	-0.2018748	AMR
AMR_subclass_IN_SST	ENSG00000067334	chr1	rs11164862	0.05896712	AMR
AMR_subclass_IN_SST	ENSG00000067334	chr1	rs12091867	0.09411132	AMR
AMR_subclass_IN_SST	ENSG00000067334	chr1	rs6604038	0.0009264501	AMR
AMR_subclass_IN_SST	ENSG00000067334	chr1	rs4990227	0.0002926463	AMR
AMR_subclass_IN_SST	ENSG00000067334	chr1	rs6677751	6.204819e-05	AMR
AMR_subclass_IN_SST	ENSG00000067334	chr1	rs2749728	-0.03815848	AMR
AMR_subclass_IN_SST	ENSG00000067334	chr1	rs77023480	-0.261448	AMR
AMR_subclass_IN_SST	ENSG00000067334	chr1	rs6657230	0.09726771	AMR
AMR_subclass_IN_SST	ENSG00000067334	chr1	rs75081640	-0.1040845	AMR
AMR_subclass_IN_SST	ENSG00000067334	chr1	rs532024	0.02939593	AMR
AMR_subclass_IN_SST	ENSG00000067334	chr1	rs670254	0.03096529	AMR
AMR_subclass_IN_SST	ENSG00000067334	chr1	rs114583184	-0.106154	AMR
AMR_subclass_IN_SST	ENSG00000067334	chr1	rs1536260	0.2647853	AMR
AMR_subclass_IN_SST	ENSG00000067334	chr1	rs78331472	-0.0311804	AMR
AMR_subclass_IN_SST	ENSG00000067334	chr1	rs80042347	0.5756799	AMR
AMR_subclass_IN_SST	ENSG00000067334	chr1	rs116539394	-0.1072899	AMR
AMR_subclass_IN_SST	ENSG00000067334	chr1	rs113649701	0.142229	AMR
AMR_subclass_IN_SST	ENSG00000067334	chr1	rs74101658	-0.1466279	AMR
AMR_subclass_IN_SST	ENSG00000067334	chr1	rs74101664	-0.14412	AMR
AMR_subclass_IN_SST	ENSG00000067334	chr1	rs907784	-0.2601754	AMR
AMR_subclass_IN_SST	ENSG00000067334	chr1	rs6541393	-0.06062741	AMR
AMR_subclass_IN_SST	ENSG00000067334	chr1	rs10782965	-0.06055528	AMR
AMR_subclass_IN_SST	ENSG00000067334	chr1	rs12138994	0.05053422	AMR
AMR_subclass_IN_SST	ENSG00000067334	chr1	rs71652543	-0.1372835	AMR
AMR_subclass_IN_SST	ENSG00000067334	chr1	rs76561922	-0.138586	AMR
AMR_subclass_IN_SST	ENSG00000067334	chr1	rs12097812	-0.0002233659	AMR
AMR_subclass_IN_SST	ENSG00000067334	chr1	rs113246279	0.1723607	AMR
AMR_subclass_IN_SST	ENSG00000067334	chr1	rs140045371	-0.1393611	AMR
AMR_subclass_IN_SST	ENSG00000067334	chr1	rs77102649	-0.01603378	AMR
AMR_subclass_IN_SST	ENSG00000067334	chr1	rs554931	0.0486439	AMR
AMR_subclass_IN_SST	ENSG00000067334	chr1	rs483904	0.04785676	AMR
AMR_subclass_IN_SST	ENSG00000067334	chr1	rs66515264	0.02294914	AMR
AMR_subclass_IN_SST	ENSG00000067334	chr1	rs4147808	-0.07604798	AMR
AMR_subclass_IN_SST	ENSG00000067334	chr1	rs72962308	0.006704808	AMR
AMR_subclass_IN_SST	ENSG00000067334	chr1	rs78905824	-0.06015443	AMR
AMR_subclass_IN_SST	ENSG00000067334	chr1	rs3789693	-0.05743651	AMR
AMR_subclass_IN_SST	ENSG00000067334	chr1	rs3789687	0.08627498	AMR
AMR_subclass_IN_SST	ENSG00000067334	chr1	rs10782980	0.02241311	AMR
AMR_subclass_IN_SST	ENSG00000067334	chr1	rs4148057	-0.060309	AMR
AMR_subclass_IN_SST	ENSG00000067334	chr1	rs77344366	-0.05532913	AMR
AMR_subclass_IN_SST	ENSG00000067334	chr1	rs1578535	0.01466581	AMR
AMR_subclass_IN_SST	ENSG00000067334	chr1	rs2762509	0.01481619	AMR
AMR_subclass_IN_SST	ENSG00000067334	chr1	rs957334	0.08779909	AMR
AMR_subclass_IN_SST	ENSG00000067334	chr1	rs68169338	-0.033942	AMR
AMR_subclass_IN_SST	ENSG00000067334	chr1	rs17402483	-0.2492919	AMR
AMR_subclass_IN_SST	ENSG00000067334	chr1	rs72970574	0.004212212	AMR
AMR_subclass_IN_SST	ENSG00000067334	chr1	rs4373771	0.04264728	AMR
AMR_subclass_IN_SST	ENSG00000067334	chr1	rs55966239	-0.04238073	AMR
AMR_subclass_IN_SST	ENSG00000067334	chr1	rs841353	-0.0006827782	AMR
AMR_subclass_IN_SST	ENSG00000067334	chr1	rs11165206	-0.03548799	AMR
AMR_subclass_IN_SST	ENSG00000067334	chr1	rs61773233	0.001852838	AMR
AMR_subclass_IN_SST	ENSG00000067334	chr1	rs841329	0.02914473	AMR
AMR_subclass_IN_SST	ENSG00000067334	chr1	rs12132188	-0.2026467	AMR
AMR_subclass_IN_SST	ENSG00000067334	chr1	rs12125133	0.1684533	AMR
AMR_subclass_IN_SST	ENSG00000067334	chr1	rs4847362	0.05898708	AMR
AMR_subclass_IN_SST	ENSG00000067334	chr1	rs859111	-0.01257337	AMR
AMR_subclass_IN_SST	ENSG00000067334	chr1	rs859110	-0.04145986	AMR
AMR_subclass_IN_SST	ENSG00000067334	chr1	rs72718226	-0.2994291	AMR
AMR_subclass_IN_SST	ENSG00000067334	chr1	rs11165260	-0.05011182	AMR
AMR_subclass_IN_SST	ENSG00000067334	chr1	rs7552892	0.03785648	AMR
AMR_subclass_IN_SST	ENSG00000067334	chr1	rs12033639	0.0363215	AMR
AMR_subclass_IN_SST	ENSG00000067334	chr1	rs7537099	-0.08191559	AMR
AMR_subclass_IN_SST	ENSG00000067533	chr1	rs148269230	0.0616538	AMR
AMR_subclass_IN_SST	ENSG00000067533	chr1	rs3753592	-0.01222474	AMR
AMR_subclass_IN_SST	ENSG00000067533	chr1	rs946213	-0.11321202	AMR
AMR_subclass_IN_SST	ENSG00000067533	chr1	rs10863387	-0.0316711	AMR
AMR_subclass_IN_SST	ENSG00000067533	chr1	rs56238934	-0.11311429	AMR
AMR_subclass_IN_SST	ENSG00000067533	chr1	rs116811962	0.08835668	AMR
AMR_subclass_IN_SST	ENSG00000067533	chr1	rs28641887	0.01000791	AMR
AMR_subclass_IN_SST	ENSG00000068383	chr10	rs11101578	0.13086937	AMR
AMR_subclass_IN_SST	ENSG00000068383	chr10	rs7095632	0.06427686	AMR
AMR_subclass_IN_SST	ENSG00000069998	chr22	rs9605048	-0.27424688	AMR
AMR_subclass_IN_SST	ENSG00000069998	chr22	rs202018641	0.03469522	AMR
AMR_subclass_IN_SST	ENSG00000069998	chr22	rs5992600	0.00711121	AMR
AMR_subclass_IN_SST	ENSG00000069998	chr22	rs3815480	0.04549294	AMR
AMR_subclass_IN_SST	ENSG00000069998	chr22	rs1034859	0.0407591	AMR
AMR_subclass_IN_SST	ENSG00000069998	chr22	rs5746407	-0.00703783	AMR
AMR_subclass_IN_SST	ENSG00000069998	chr22	rs5747180	-0.01454501	AMR
AMR_subclass_IN_SST	ENSG00000069998	chr22	rs62238766	-0.42415013	AMR
AMR_subclass_IN_SST	ENSG00000069998	chr22	rs73151024	0.0645533	AMR
AMR_subclass_IN_SST	ENSG00000069998	chr22	rs5992999	-0.04152319	AMR
AMR_subclass_IN_SST	ENSG00000070371	chr22	rs61351296	0.0240800409	AMR
AMR_subclass_IN_SST	ENSG00000070371	chr22	rs73382872	0.0236701049	AMR
AMR_subclass_IN_SST	ENSG00000070371	chr22	rs2518866	0.0387786372	AMR
AMR_subclass_IN_SST	ENSG00000070371	chr22	rs2793058	0.0385516837	AMR
AMR_subclass_IN_SST	ENSG00000070371	chr22	rs2518855	0.0991817363	AMR
AMR_subclass_IN_SST	ENSG00000070371	chr22	rs11703596	0.0387595619	AMR
AMR_subclass_IN_SST	ENSG00000070371	chr22	rs11704438	0.1968884788	AMR
AMR_subclass_IN_SST	ENSG00000070371	chr22	rs112641399	0.104466679	AMR
AMR_subclass_IN_SST	ENSG00000070371	chr22	rs111235086	0.0546259015	AMR
AMR_subclass_IN_SST	ENSG00000070371	chr22	rs9617787	-0.0027151902	AMR
AMR_subclass_IN_SST	ENSG00000070371	chr22	rs73379864	-0.0040947421	AMR
AMR_subclass_IN_SST	ENSG00000070371	chr22	rs61705732	-0.0013745349	AMR
AMR_subclass_IN_SST	ENSG00000070371	chr22	rs111845194	-0.0035255308	AMR
AMR_subclass_IN_SST	ENSG00000070371	chr22	rs111235941	-0.0013193358	AMR
AMR_subclass_IN_SST	ENSG00000070371	chr22	rs7289881	-0.0016330149	AMR
AMR_subclass_IN_SST	ENSG00000070371	chr22	rs9618552	-0.0029426125	AMR
AMR_subclass_IN_SST	ENSG00000070371	chr22	rs12165598	-0.0012613615	AMR
AMR_subclass_IN_SST	ENSG00000070371	chr22	rs57142678	-0.0017325841	AMR
AMR_subclass_IN_SST	ENSG00000070371	chr22	rs9618557	-0.002723257	AMR
AMR_subclass_IN_SST	ENSG00000070371	chr22	rs9306219	-0.0014382733	AMR
AMR_subclass_IN_SST	ENSG00000070371	chr22	rs7286556	-0.001795215	AMR
AMR_subclass_IN_SST	ENSG00000070371	chr22	rs9617791	-0.002622872	AMR
AMR_subclass_IN_SST	ENSG00000070371	chr22	rs9618565	-0.0012564459	AMR
AMR_subclass_IN_SST	ENSG00000070371	chr22	rs9618566	-0.0013094918	AMR
AMR_subclass_IN_SST	ENSG00000070371	chr22	rs9618569	-0.0023295668	AMR
AMR_subclass_IN_SST	ENSG00000070371	chr22	rs9617792	-0.0016405005	AMR
AMR_subclass_IN_SST	ENSG00000070371	chr22	rs58675694	-0.0004982779	AMR
AMR_subclass_IN_SST	ENSG00000070371	chr22	rs5746737	-0.0672800342	AMR
AMR_subclass_IN_SST	ENSG00000070371	chr22	rs9618572	-0.0006070331	AMR
AMR_subclass_IN_SST	ENSG00000070371	chr22	rs885975	-0.0484886493	AMR
AMR_subclass_IN_SST	ENSG00000070371	chr22	rs12628083	-0.0004098162	AMR
AMR_subclass_IN_SST	ENSG00000070371	chr22	rs5748240	-0.0277857834	AMR
AMR_subclass_IN_SST	ENSG00000070371	chr22	rs115260338	0.0575942586	AMR
AMR_subclass_IN_SST	ENSG00000070371	chr22	rs56832505	-0.0534012554	AMR
AMR_subclass_IN_SST	ENSG00000070371	chr22	rs6518586	-0.0440856253	AMR
AMR_subclass_IN_SST	ENSG00000070371	chr22	rs12158214	-0.0852378899	AMR
AMR_subclass_IN_SST	ENSG00000070371	chr22	rs7287604	-0.0594725384	AMR
AMR_subclass_IN_SST	ENSG00000070371	chr22	rs7290448	-0.0597094214	AMR
AMR_subclass_IN_SST	ENSG00000070371	chr22	rs35678306	-0.058885097	AMR
AMR_subclass_IN_SST	ENSG00000070371	chr22	rs2075507	-0.0633459846	AMR
AMR_subclass_IN_SST	ENSG00000070371	chr22	rs1544325	-0.0224131948	AMR
AMR_subclass_IN_SST	ENSG00000070371	chr22	rs3819619	-0.0188704377	AMR
AMR_subclass_IN_SST	ENSG00000070371	chr22	rs419135	-0.0170055343	AMR
AMR_subclass_IN_SST	ENSG00000070371	chr22	rs406086	-0.039809527	AMR
AMR_subclass_IN_SST	ENSG00000070371	chr22	rs34909867	0.0844641157	AMR
AMR_subclass_IN_SST	ENSG00000070371	chr22	rs9606294	0.0048185467	AMR
AMR_subclass_IN_SST	ENSG00000070778	chr14	rs10142853	-0.007601094	AMR
AMR_subclass_IN_SST	ENSG00000070778	chr14	rs79897955	0.014821754	AMR
AMR_subclass_IN_SST	ENSG00000070778	chr14	rs17259779	-0.136562451	AMR
AMR_subclass_IN_SST	ENSG00000070778	chr14	rs1745633	-0.09001148	AMR
AMR_subclass_IN_SST	ENSG00000070778	chr14	rs450711	-0.053429903	AMR
AMR_subclass_IN_SST	ENSG00000070778	chr14	rs12586804	0.053538319	AMR
AMR_subclass_IN_SST	ENSG00000070778	chr14	rs35562822	-0.095297926	AMR
AMR_subclass_IN_SST	ENSG00000070778	chr14	rs11627010	0.04264232	AMR
AMR_subclass_IN_SST	ENSG00000070778	chr14	rs10133117	-0.008849257	AMR
AMR_subclass_IN_SST	ENSG00000070778	chr14	rs35905894	0.103514488	AMR
AMR_subclass_IN_SST	ENSG00000070778	chr14	rs78717262	-0.03141003	AMR
AMR_subclass_IN_SST	ENSG00000070778	chr14	rs4899971	-0.043148594	AMR
AMR_subclass_IN_SST	ENSG00000070778	chr14	rs139701236	-0.00385636	AMR
AMR_subclass_IN_SST	ENSG00000072135	chr2	rs80194915	0.1511838716	AMR
AMR_subclass_IN_SST	ENSG00000072135	chr2	rs79780193	-0.1703474524	AMR
AMR_subclass_IN_SST	ENSG00000072135	chr2	rs117627976	-0.1079752767	AMR
AMR_subclass_IN_SST	ENSG00000072135	chr2	rs10928906	-0.0045515572	AMR
AMR_subclass_IN_SST	ENSG00000072135	chr2	rs1540552	-0.0953101752	AMR
AMR_subclass_IN_SST	ENSG00000072135	chr2	rs2897531	-0.0961693006	AMR
AMR_subclass_IN_SST	ENSG00000072135	chr2	rs7580443	-0.0989035097	AMR
AMR_subclass_IN_SST	ENSG00000072135	chr2	rs78285316	-0.2680810276	AMR
AMR_subclass_IN_SST	ENSG00000072135	chr2	rs10185238	0.0489882628	AMR
AMR_subclass_IN_SST	ENSG00000072135	chr2	rs10176477	0.0487342218	AMR
AMR_subclass_IN_SST	ENSG00000072135	chr2	rs11680033	-0.4110175492	AMR
AMR_subclass_IN_SST	ENSG00000072135	chr2	rs7576934	-0.0427168517	AMR
AMR_subclass_IN_SST	ENSG00000072135	chr2	rs9636234	0.0540249994	AMR
AMR_subclass_IN_SST	ENSG00000072135	chr2	rs9646707	0.022645453	AMR
AMR_subclass_IN_SST	ENSG00000072135	chr2	rs1597908	0.0231250041	AMR
AMR_subclass_IN_SST	ENSG00000072135	chr2	rs150620698	0.0083166114	AMR
AMR_subclass_IN_SST	ENSG00000072135	chr2	rs144308882	0.0435000968	AMR
AMR_subclass_IN_SST	ENSG00000072135	chr2	rs4662660	0.0162245677	AMR
AMR_subclass_IN_SST	ENSG00000072135	chr2	rs4662983	0.0158016484	AMR
AMR_subclass_IN_SST	ENSG00000072135	chr2	rs114970275	0.0187396727	AMR
AMR_subclass_IN_SST	ENSG00000072135	chr2	rs55702504	-0.3092857642	AMR
AMR_subclass_IN_SST	ENSG00000072135	chr2	rs74969871	0.0605178783	AMR
AMR_subclass_IN_SST	ENSG00000072135	chr2	rs77471008	0.0603675603	AMR
AMR_subclass_IN_SST	ENSG00000072135	chr2	rs34077899	-0.0178900403	AMR
AMR_subclass_IN_SST	ENSG00000072135	chr2	rs13025546	-0.0189716467	AMR
AMR_subclass_IN_SST	ENSG00000072135	chr2	rs10180706	-0.0010456906	AMR
AMR_subclass_IN_SST	ENSG00000072135	chr2	rs4528710	-0.036378211	AMR
AMR_subclass_IN_SST	ENSG00000072135	chr2	rs7570987	-0.0173213825	AMR
AMR_subclass_IN_SST	ENSG00000072135	chr2	rs4417668	-0.0017881128	AMR
AMR_subclass_IN_SST	ENSG00000072135	chr2	rs71422832	-0.0145859959	AMR
AMR_subclass_IN_SST	ENSG00000072135	chr2	rs144210908	-0.6135261522	AMR
AMR_subclass_IN_SST	ENSG00000072135	chr2	rs6431128	-0.0386393593	AMR
AMR_subclass_IN_SST	ENSG00000072135	chr2	rs4643482	-0.0005461505	AMR
AMR_subclass_IN_SST	ENSG00000072135	chr2	rs10198100	-0.1091342163	AMR
AMR_subclass_IN_SST	ENSG00000072135	chr2	rs148034763	-0.2272694798	AMR
AMR_subclass_IN_SST	ENSG00000072135	chr2	rs115680186	-0.0415873608	AMR
AMR_subclass_IN_SST	ENSG00000072135	chr2	rs10197547	-0.0416059187	AMR
AMR_subclass_IN_SST	ENSG00000072135	chr2	rs10197652	-0.0373464226	AMR
AMR_subclass_IN_SST	ENSG00000072135	chr2	rs116821968	-0.2151492146	AMR
AMR_subclass_IN_SST	ENSG00000072135	chr2	rs7584282	0.0034902402	AMR
AMR_subclass_IN_SST	ENSG00000072135	chr2	rs150058028	0.0967085378	AMR
AMR_subclass_IN_SST	ENSG00000072135	chr2	rs7579742	0.2863687411	AMR
AMR_subclass_IN_SST	ENSG00000072135	chr2	rs76945758	0.1803941636	AMR
AMR_subclass_IN_SST	ENSG00000072135	chr2	rs78697236	0.0695697472	AMR
AMR_subclass_IN_SST	ENSG00000072135	chr2	rs12621168	-0.0498315628	AMR
AMR_subclass_IN_SST	ENSG00000072135	chr2	rs4266055	-0.0490199349	AMR
AMR_subclass_IN_SST	ENSG00000072135	chr2	rs114834882	0.0267185923	AMR
AMR_subclass_IN_SST	ENSG00000072135	chr2	rs116736317	0.0297965547	AMR
AMR_subclass_IN_SST	ENSG00000072135	chr2	rs7422145	-0.1135694852	AMR
AMR_subclass_IN_SST	ENSG00000072135	chr2	rs186584665	0.028685317	AMR
AMR_subclass_IN_SST	ENSG00000072135	chr2	rs140865823	0.0261891216	AMR
AMR_subclass_IN_SST	ENSG00000072135	chr2	rs141476729	0.0235667189	AMR
AMR_subclass_IN_SST	ENSG00000072135	chr2	rs116578046	0.0210438336	AMR
AMR_subclass_IN_SST	ENSG00000072422	chr10	rs78025156	0.004759045	AMR
AMR_subclass_IN_SST	ENSG00000072422	chr10	rs1459730	-0.010643942	AMR
AMR_subclass_IN_SST	ENSG00000072422	chr10	rs78776747	-0.011139629	AMR
AMR_subclass_IN_SST	ENSG00000072422	chr10	rs11816516	-0.075282165	AMR
AMR_subclass_IN_SST	ENSG00000072422	chr10	rs10994482	-0.125149589	AMR
AMR_subclass_IN_SST	ENSG00000072422	chr10	rs7920875	0.056800522	AMR
AMR_subclass_IN_SST	ENSG00000072422	chr10	rs9414745	0.168379713	AMR
AMR_subclass_IN_SST	ENSG00000072422	chr10	rs9415615	0.167859468	AMR
AMR_subclass_IN_SST	ENSG00000072422	chr10	rs142105464	-0.26150384	AMR
AMR_subclass_IN_SST	ENSG00000072422	chr10	rs7920892	0.067153586	AMR
AMR_subclass_IN_SST	ENSG00000072422	chr10	rs1961464	-0.005804758	AMR
AMR_subclass_IN_SST	ENSG00000072422	chr10	rs7900782	-0.138634353	AMR
AMR_subclass_IN_SST	ENSG00000072422	chr10	rs7897389	-0.049210976	AMR
AMR_subclass_IN_SST	ENSG00000072422	chr10	rs2650716	-0.041765971	AMR
AMR_subclass_IN_SST	ENSG00000072422	chr10	rs16916751	0.081397351	AMR
AMR_subclass_IN_SST	ENSG00000073060	chr12	rs60571579	0.0157037255	AMR
AMR_subclass_IN_SST	ENSG00000073060	chr12	rs60890562	0.0185483409	AMR
AMR_subclass_IN_SST	ENSG00000073060	chr12	rs61735933	0.019900469	AMR
AMR_subclass_IN_SST	ENSG00000073060	chr12	rs77819225	0.0196789592	AMR
AMR_subclass_IN_SST	ENSG00000073060	chr12	rs80104576	0.0186536193	AMR
AMR_subclass_IN_SST	ENSG00000073060	chr12	rs79613417	0.0174140775	AMR
AMR_subclass_IN_SST	ENSG00000073060	chr12	rs77493190	0.0162187595	AMR
AMR_subclass_IN_SST	ENSG00000073060	chr12	rs57024764	0.0151396989	AMR
AMR_subclass_IN_SST	ENSG00000073060	chr12	rs11833681	0.0141795055	AMR
AMR_subclass_IN_SST	ENSG00000073060	chr12	rs11834622	0.036111216	AMR
AMR_subclass_IN_SST	ENSG00000073060	chr12	rs11057650	0.0404957549	AMR
AMR_subclass_IN_SST	ENSG00000073060	chr12	rs12303278	0.0367214619	AMR
AMR_subclass_IN_SST	ENSG00000073060	chr12	rs10846752	-0.0023683616	AMR
AMR_subclass_IN_SST	ENSG00000073060	chr12	rs4765620	-0.030709761	AMR
AMR_subclass_IN_SST	ENSG00000073060	chr12	rs4765622	-0.0926210061	AMR
AMR_subclass_IN_SST	ENSG00000073060	chr12	rs138394211	0.0464939452	AMR
AMR_subclass_IN_SST	ENSG00000073060	chr12	rs12371384	-0.0466343088	AMR
AMR_subclass_IN_SST	ENSG00000073060	chr12	rs7955201	0.0108966658	AMR
AMR_subclass_IN_SST	ENSG00000073060	chr12	rs4765218	0.010614847	AMR
AMR_subclass_IN_SST	ENSG00000073060	chr12	rs7970937	0.0001489579	AMR
AMR_subclass_IN_SST	ENSG00000073060	chr12	rs7980011	0.1530792859	AMR
AMR_subclass_IN_SST	ENSG00000073060	chr12	rs9988951	0.0573667149	AMR
AMR_subclass_IN_SST	ENSG00000073060	chr12	rs12309267	0.0580341741	AMR
AMR_subclass_IN_SST	ENSG00000073060	chr12	rs12306023	0.0578986363	AMR
AMR_subclass_IN_SST	ENSG00000073060	chr12	rs11058156	0.0569337053	AMR
AMR_subclass_IN_SST	ENSG00000073060	chr12	rs12821238	0.0524373084	AMR
AMR_subclass_IN_SST	ENSG00000073060	chr12	rs10846929	0.1271826679	AMR
AMR_subclass_IN_SST	ENSG00000073060	chr12	rs117537439	-0.0207577292	AMR
AMR_subclass_IN_SST	ENSG00000073060	chr12	rs2345560	-0.0201025434	AMR
AMR_subclass_IN_SST	ENSG00000073060	chr12	rs78509086	-0.0240398019	AMR
AMR_subclass_IN_SST	ENSG00000073060	chr12	rs75194002	-0.0258425998	AMR
AMR_subclass_IN_SST	ENSG00000073060	chr12	rs4534646	-0.0257636378	AMR
AMR_subclass_IN_SST	ENSG00000073060	chr12	rs79402795	-0.0237855378	AMR
AMR_subclass_IN_SST	ENSG00000073849	chr3	rs78134259	-0.0217634684	AMR
AMR_subclass_IN_SST	ENSG00000073849	chr3	rs61209278	0.0287727246	AMR
AMR_subclass_IN_SST	ENSG00000073849	chr3	rs3821753	-0.0667737986	AMR
AMR_subclass_IN_SST	ENSG00000073849	chr3	rs3774056	-0.0417702674	AMR
AMR_subclass_IN_SST	ENSG00000073849	chr3	rs4686751	-0.0229839929	AMR
AMR_subclass_IN_SST	ENSG00000073849	chr3	rs974385	-0.0053890491	AMR
AMR_subclass_IN_SST	ENSG00000073849	chr3	rs4686759	0.0369496251	AMR
AMR_subclass_IN_SST	ENSG00000073849	chr3	rs6779222	-0.0061153821	AMR
AMR_subclass_IN_SST	ENSG00000073849	chr3	rs73062035	-0.0425122437	AMR
AMR_subclass_IN_SST	ENSG00000073849	chr3	rs56285733	-0.0279495287	AMR
AMR_subclass_IN_SST	ENSG00000073849	chr3	rs3935196	0.0030762834	AMR
AMR_subclass_IN_SST	ENSG00000073849	chr3	rs73066098	0.1520941987	AMR
AMR_subclass_IN_SST	ENSG00000073849	chr3	rs11926439	-0.0072479824	AMR
AMR_subclass_IN_SST	ENSG00000073849	chr3	rs73183847	-0.0162274008	AMR
AMR_subclass_IN_SST	ENSG00000073849	chr3	rs9878325	0.0392891789	AMR
AMR_subclass_IN_SST	ENSG00000073849	chr3	rs9860827	0.0385498521	AMR
AMR_subclass_IN_SST	ENSG00000073849	chr3	rs4438644	-0.0256936578	AMR
AMR_subclass_IN_SST	ENSG00000073849	chr3	rs9879899	0.0122551028	AMR
AMR_subclass_IN_SST	ENSG00000073849	chr3	rs7626301	-0.0311930952	AMR
AMR_subclass_IN_SST	ENSG00000073849	chr3	rs60693099	-0.0314806939	AMR
AMR_subclass_IN_SST	ENSG00000073849	chr3	rs60531302	-0.0324037153	AMR
AMR_subclass_IN_SST	ENSG00000073849	chr3	rs2217113	0.0656113405	AMR
AMR_subclass_IN_SST	ENSG00000073849	chr3	rs5030081	-0.0201116512	AMR
AMR_subclass_IN_SST	ENSG00000073849	chr3	rs5030082	-0.0200723215	AMR
AMR_subclass_IN_SST	ENSG00000073849	chr3	rs9819878	-0.0103550156	AMR
AMR_subclass_IN_SST	ENSG00000073849	chr3	rs166481	-0.0135514464	AMR
AMR_subclass_IN_SST	ENSG00000073849	chr3	rs80033799	-0.0593602857	AMR
AMR_subclass_IN_SST	ENSG00000073849	chr3	rs145173505	-0.0563925928	AMR
AMR_subclass_IN_SST	ENSG00000073849	chr3	rs11712615	0.0072754459	AMR
AMR_subclass_IN_SST	ENSG00000073849	chr3	rs11707306	0.0107190109	AMR
AMR_subclass_IN_SST	ENSG00000073849	chr3	rs11920799	-0.0598711673	AMR
AMR_subclass_IN_SST	ENSG00000073849	chr3	rs79428487	0.0103280809	AMR
AMR_subclass_IN_SST	ENSG00000073849	chr3	rs56259362	-0.0819466688	AMR
AMR_subclass_IN_SST	ENSG00000073849	chr3	rs6801612	-0.071865183	AMR
AMR_subclass_IN_SST	ENSG00000073849	chr3	rs13327772	0.0361473337	AMR
AMR_subclass_IN_SST	ENSG00000073849	chr3	rs28366037	-0.1840675814	AMR
AMR_subclass_IN_SST	ENSG00000073849	chr3	rs1468906	-0.1611085925	AMR
AMR_subclass_IN_SST	ENSG00000073849	chr3	rs73187748	0.3117776131	AMR
AMR_subclass_IN_SST	ENSG00000073849	chr3	rs6766574	-0.0025957766	AMR
AMR_subclass_IN_SST	ENSG00000073849	chr3	rs3888059	-0.0376167005	AMR
AMR_subclass_IN_SST	ENSG00000073849	chr3	rs6786531	0.0198595921	AMR
AMR_subclass_IN_SST	ENSG00000073849	chr3	rs16861432	0.1662724025	AMR
AMR_subclass_IN_SST	ENSG00000073849	chr3	rs3954172	-0.0044763202	AMR
AMR_subclass_IN_SST	ENSG00000073849	chr3	rs4012164	-0.0048826823	AMR
AMR_subclass_IN_SST	ENSG00000073849	chr3	rs4686839	-0.0053339677	AMR
AMR_subclass_IN_SST	ENSG00000073849	chr3	rs7617652	-0.0691526966	AMR
AMR_subclass_IN_SST	ENSG00000073849	chr3	rs6780016	-0.0696169628	AMR
AMR_subclass_IN_SST	ENSG00000073849	chr3	rs3914010	0.0220502428	AMR
AMR_subclass_IN_SST	ENSG00000073849	chr3	rs145093429	-0.4252163785	AMR
AMR_subclass_IN_SST	ENSG00000073849	chr3	rs142825120	-0.0005096297	AMR
AMR_subclass_IN_SST	ENSG00000073849	chr3	rs6444222	-0.0134369517	AMR
AMR_subclass_IN_SST	ENSG00000073849	chr3	rs67915186	0.1234911432	AMR
AMR_subclass_IN_SST	ENSG00000073849	chr3	rs13082286	-0.0219915954	AMR
AMR_subclass_IN_SST	ENSG00000073849	chr3	rs545772214	0.11957103	AMR
AMR_subclass_IN_SST	ENSG00000073849	chr3	rs12496206	0.1130499625	AMR
AMR_subclass_IN_SST	ENSG00000073849	chr3	rs192310037	0.014134267	AMR
AMR_subclass_IN_SST	ENSG00000073849	chr3	rs77185279	0.2317069454	AMR
AMR_subclass_IN_SST	ENSG00000073849	chr3	rs17728084	-0.1629772457	AMR
AMR_subclass_IN_SST	ENSG00000073849	chr3	rs78651329	0.1567726491	AMR
AMR_subclass_IN_SST	ENSG00000073849	chr3	rs73184633	-0.2125430501	AMR
AMR_subclass_IN_SST	ENSG00000073849	chr3	rs73184639	-0.2127824897	AMR
AMR_subclass_IN_SST	ENSG00000073849	chr3	rs112039267	-0.3095756539	AMR
AMR_subclass_IN_SST	ENSG00000073849	chr3	rs75789810	0.0907150675	AMR
AMR_subclass_IN_SST	ENSG00000073849	chr3	rs2590443	0.0450827307	AMR
AMR_subclass_IN_SST	ENSG00000073849	chr3	rs75417675	0.0894017138	AMR
AMR_subclass_IN_SST	ENSG00000073849	chr3	rs77472525	0.017956198	AMR
AMR_subclass_IN_SST	ENSG00000073849	chr3	rs77846345	0.0179478713	AMR
AMR_subclass_IN_SST	ENSG00000073849	chr3	rs78018877	0.0165133962	AMR
AMR_subclass_IN_SST	ENSG00000073849	chr3	rs12638462	0.0264593914	AMR
AMR_subclass_IN_SST	ENSG00000073849	chr3	rs59129875	0.0140274762	AMR
AMR_subclass_IN_SST	ENSG00000074621	chr15	rs8031047	-0.002988465	AMR
AMR_subclass_IN_SST	ENSG00000074621	chr15	rs2946660	0.005380838	AMR
AMR_subclass_IN_SST	ENSG00000074621	chr15	rs2946659	0.01920444	AMR
AMR_subclass_IN_SST	ENSG00000074621	chr15	rs61385438	-0.1868249	AMR
AMR_subclass_IN_SST	ENSG00000074621	chr15	rs111854125	-0.4962745	AMR
AMR_subclass_IN_SST	ENSG00000074621	chr15	rs756625	-0.018016	AMR
AMR_subclass_IN_SST	ENSG00000074621	chr15	rs626947	-0.001904065	AMR
AMR_subclass_IN_SST	ENSG00000074621	chr15	rs593544	-0.005063255	AMR
AMR_subclass_IN_SST	ENSG00000074621	chr15	rs74718703	-0.007960047	AMR
AMR_subclass_IN_SST	ENSG00000074621	chr15	rs600210	-0.009234278	AMR
AMR_subclass_IN_SST	ENSG00000074621	chr15	rs613892	-0.008915417	AMR
AMR_subclass_IN_SST	ENSG00000074621	chr15	rs600663	-0.007628685	AMR
AMR_subclass_IN_SST	ENSG00000074621	chr15	rs59352968	-0.005977797	AMR
AMR_subclass_IN_SST	ENSG00000074621	chr15	rs77365136	-0.004359364	AMR
AMR_subclass_IN_SST	ENSG00000074621	chr15	rs4492993	-0.002981583	AMR
AMR_subclass_IN_SST	ENSG00000074621	chr15	rs352469	-0.001920579	AMR
AMR_subclass_IN_SST	ENSG00000074621	chr15	rs352467	-0.001168812	AMR
AMR_subclass_IN_SST	ENSG00000074621	chr15	rs352466	-0.0006740888	AMR
AMR_subclass_IN_SST	ENSG00000074621	chr15	rs2456005	0.0003696109	AMR
AMR_subclass_IN_SST	ENSG00000074621	chr15	rs374004	0.0001933126	AMR
AMR_subclass_IN_SST	ENSG00000074621	chr15	rs2456008	9.675669e-05	AMR
AMR_subclass_IN_SST	ENSG00000074621	chr15	rs410380	4.649094e-05	AMR
AMR_subclass_IN_SST	ENSG00000074621	chr15	rs415081	2.1508e-05	AMR
AMR_subclass_IN_SST	ENSG00000074621	chr15	rs7178215	9.606355e-06	AMR
AMR_subclass_IN_SST	ENSG00000074621	chr15	rs4776687	4.152673e-06	AMR
AMR_subclass_IN_SST	ENSG00000074621	chr15	rs352482	1.741386e-06	AMR
AMR_subclass_IN_SST	ENSG00000074621	chr15	rs352481	7.098378e-07	AMR
AMR_subclass_IN_SST	ENSG00000074621	chr15	rs352478	2.817961e-07	AMR
AMR_subclass_IN_SST	ENSG00000074621	chr15	rs352474	1.091348e-07	AMR
AMR_subclass_IN_SST	ENSG00000074621	chr15	rs352472	4.129692e-08	AMR
AMR_subclass_IN_SST	ENSG00000074621	chr15	rs1369158	1.529011e-08	AMR
AMR_subclass_IN_SST	ENSG00000074621	chr15	rs8027241	5.546279e-09	AMR
AMR_subclass_IN_SST	ENSG00000074621	chr15	rs12907191	1.97334e-09	AMR
AMR_subclass_IN_SST	ENSG00000074621	chr15	rs366744	6.894125e-10	AMR
AMR_subclass_IN_SST	ENSG00000074621	chr15	rs78431447	-0.02223979	AMR
AMR_subclass_IN_SST	ENSG00000075399	chr16	rs13330619	0.004508789	AMR
AMR_subclass_IN_SST	ENSG00000075399	chr16	rs61356367	0.123444989	AMR
AMR_subclass_IN_SST	ENSG00000075399	chr16	rs141987787	0.041592353	AMR
AMR_subclass_IN_SST	ENSG00000075399	chr16	rs79763192	0.100539671	AMR
AMR_subclass_IN_SST	ENSG00000075413	chr14	rs56077261	0.13450183	AMR
AMR_subclass_IN_SST	ENSG00000075413	chr14	rs4900574	0.0167509	AMR
AMR_subclass_IN_SST	ENSG00000075413	chr14	rs72708893	0.02351113	AMR
AMR_subclass_IN_SST	ENSG00000075413	chr14	rs11625172	-0.10253757	AMR
AMR_subclass_IN_SST	ENSG00000075413	chr14	rs12885714	-0.0247826	AMR
AMR_subclass_IN_SST	ENSG00000075413	chr14	rs2246490	0.05115685	AMR
AMR_subclass_IN_SST	ENSG00000075413	chr14	rs55723020	0.06607836	AMR
AMR_subclass_IN_SST	ENSG00000075413	chr14	rs11626787	0.0667852	AMR
AMR_subclass_IN_SST	ENSG00000075413	chr14	rs879552	0.01713846	AMR
AMR_subclass_IN_SST	ENSG00000075413	chr14	rs28650964	-0.02773917	AMR
AMR_subclass_IN_SST	ENSG00000075415	chr12	rs57126916	0.200517713	AMR
AMR_subclass_IN_SST	ENSG00000075415	chr12	rs12228916	0.0429079868	AMR
AMR_subclass_IN_SST	ENSG00000075415	chr12	rs11109146	0.0387691991	AMR
AMR_subclass_IN_SST	ENSG00000075415	chr12	rs11109148	0.0007053785	AMR
AMR_subclass_IN_SST	ENSG00000075415	chr12	rs11109154	0.0036369075	AMR
AMR_subclass_IN_SST	ENSG00000075415	chr12	rs73371015	0.0059381838	AMR
AMR_subclass_IN_SST	ENSG00000075415	chr12	rs73371023	0.0074316562	AMR
AMR_subclass_IN_SST	ENSG00000075415	chr12	rs55677820	0.0086452437	AMR
AMR_subclass_IN_SST	ENSG00000075415	chr12	rs2024461	-0.1053048396	AMR
AMR_subclass_IN_SST	ENSG00000075415	chr12	rs11109201	0.125891766	AMR
AMR_subclass_IN_SST	ENSG00000075415	chr12	rs10860242	0.0703158806	AMR
AMR_subclass_IN_SST	ENSG00000075415	chr12	rs78329242	-0.0515963914	AMR
AMR_subclass_IN_SST	ENSG00000075415	chr12	rs80104891	-0.0473560312	AMR
AMR_subclass_IN_SST	ENSG00000075415	chr12	rs79931796	-0.0221745098	AMR
AMR_subclass_IN_SST	ENSG00000075415	chr12	rs2216015	0.1262468472	AMR
AMR_subclass_IN_SST	ENSG00000075415	chr12	rs77561654	0.0640781115	AMR
AMR_subclass_IN_SST	ENSG00000075415	chr12	rs12822420	0.0528158767	AMR
AMR_subclass_IN_SST	ENSG00000075415	chr12	rs61931647	-0.0660910516	AMR
AMR_subclass_IN_SST	ENSG00000075415	chr12	rs74697053	0.2187781328	AMR
AMR_subclass_IN_SST	ENSG00000075415	chr12	rs1842328	0.1354486422	AMR
AMR_subclass_IN_SST	ENSG00000075415	chr12	rs11610571	-0.0181429794	AMR
AMR_subclass_IN_SST	ENSG00000075415	chr12	rs17028059	0.2934961233	AMR
AMR_subclass_IN_SST	ENSG00000075415	chr12	rs112336232	-0.1046137311	AMR
AMR_subclass_IN_SST	ENSG00000075415	chr12	rs75243798	-0.1125448786	AMR
AMR_subclass_IN_SST	ENSG00000075415	chr12	rs113006558	0.0199030517	AMR
AMR_subclass_IN_SST	ENSG00000075415	chr12	rs68020060	0.0854099083	AMR
AMR_subclass_IN_SST	ENSG00000075415	chr12	rs67518715	0.0162370369	AMR
AMR_subclass_IN_SST	ENSG00000075415	chr12	rs76535965	-0.3108451935	AMR
AMR_subclass_IN_SST	ENSG00000075415	chr12	rs7953913	-0.3087548332	AMR
AMR_subclass_IN_SST	ENSG00000075415	chr12	rs75045441	0.0470555121	AMR
AMR_subclass_IN_SST	ENSG00000075415	chr12	rs78254283	-0.4715739396	AMR
AMR_subclass_IN_SST	ENSG00000075415	chr12	rs60408399	-0.0612933335	AMR
AMR_subclass_IN_SST	ENSG00000075415	chr12	rs79768291	-0.0616291864	AMR
AMR_subclass_IN_SST	ENSG00000075415	chr12	rs7133144	-0.0616728802	AMR
AMR_subclass_IN_SST	ENSG00000075415	chr12	rs78469022	-0.0617326035	AMR
AMR_subclass_IN_SST	ENSG00000075415	chr12	rs75258356	-0.0619107488	AMR
AMR_subclass_IN_SST	ENSG00000075415	chr12	rs34672053	-0.1313207475	AMR
AMR_subclass_IN_SST	ENSG00000075415	chr12	rs7974948	-0.0571871011	AMR
AMR_subclass_IN_SST	ENSG00000075415	chr12	rs2288721	0.2760355934	AMR
AMR_subclass_IN_SST	ENSG00000075415	chr12	rs11611528	-0.0429122028	AMR
AMR_subclass_IN_SST	ENSG00000075415	chr12	rs61577963	0.2206661472	AMR
AMR_subclass_IN_SST	ENSG00000075415	chr12	rs80115411	0.0456062221	AMR
AMR_subclass_IN_SST	ENSG00000075415	chr12	rs73139165	-0.3733851555	AMR
AMR_subclass_IN_SST	ENSG00000075415	chr12	rs200783	-0.0415367119	AMR
AMR_subclass_IN_SST	ENSG00000075415	chr12	rs75142458	-0.1012132577	AMR
AMR_subclass_IN_SST	ENSG00000075415	chr12	rs10860379	0.0094492473	AMR
AMR_subclass_IN_SST	ENSG00000075415	chr12	rs12425690	0.0085146368	AMR
AMR_subclass_IN_SST	ENSG00000075415	chr12	rs11109664	0.0069150524	AMR
AMR_subclass_IN_SST	ENSG00000075415	chr12	rs2544100	-0.0197566224	AMR
AMR_subclass_IN_SST	ENSG00000075415	chr12	rs113301127	0.0555619847	AMR
AMR_subclass_IN_SST	ENSG00000075415	chr12	rs10431449	-0.0421418032	AMR
AMR_subclass_IN_SST	ENSG00000075415	chr12	rs2372732	-0.0605489691	AMR
AMR_subclass_IN_SST	ENSG00000075415	chr12	rs11614229	-0.0501732543	AMR
AMR_subclass_IN_SST	ENSG00000075415	chr12	rs79924955	0.0540890284	AMR
AMR_subclass_IN_SST	ENSG00000075415	chr12	rs11832302	0.0632012485	AMR
AMR_subclass_IN_SST	ENSG00000075415	chr12	rs79212189	-0.297520146	AMR
AMR_subclass_IN_SST	ENSG00000075415	chr12	rs2638561	0.1293221132	AMR
AMR_subclass_IN_SST	ENSG00000075415	chr12	rs2251945	0.1268181589	AMR
AMR_subclass_IN_SST	ENSG00000075415	chr12	rs117641553	-0.2982755116	AMR
AMR_subclass_IN_SST	ENSG00000075415	chr12	rs10860416	0.0221677316	AMR
AMR_subclass_IN_SST	ENSG00000075415	chr12	rs9805135	0.0019990579	AMR
AMR_subclass_IN_SST	ENSG00000075415	chr12	rs1912862	0.0539708861	AMR
AMR_subclass_IN_SST	ENSG00000075415	chr12	rs113286495	-0.2217259422	AMR
AMR_subclass_IN_SST	ENSG00000075415	chr12	rs1511963	-0.0076593363	AMR
AMR_subclass_IN_SST	ENSG00000075415	chr12	rs12581077	-0.1372946618	AMR
AMR_subclass_IN_SST	ENSG00000075415	chr12	rs10860453	-0.0529554532	AMR
AMR_subclass_IN_SST	ENSG00000075415	chr12	rs10860458	-0.0179869792	AMR
AMR_subclass_IN_SST	ENSG00000075415	chr12	rs10745858	-0.0568931129	AMR
AMR_subclass_IN_SST	ENSG00000075415	chr12	rs10777998	-0.0486563689	AMR
AMR_subclass_IN_SST	ENSG00000075415	chr12	rs10735367	-0.0160114738	AMR
AMR_subclass_IN_SST	ENSG00000075415	chr12	rs3851625	-0.012420421	AMR
AMR_subclass_IN_SST	ENSG00000075415	chr12	rs77015286	0.0112191823	AMR
AMR_subclass_IN_SST	ENSG00000075415	chr12	rs77840265	0.0122571266	AMR
AMR_subclass_IN_SST	ENSG00000077147	chr10	rs79328313	0.02762738	AMR
AMR_subclass_IN_SST	ENSG00000077147	chr10	rs3827857	0.11758467	AMR
AMR_subclass_IN_SST	ENSG00000077147	chr10	rs80254417	-0.0716108	AMR
AMR_subclass_IN_SST	ENSG00000077147	chr10	rs77182070	0.01358008	AMR
AMR_subclass_IN_SST	ENSG00000077147	chr10	rs10882811	0.0421371	AMR
AMR_subclass_IN_SST	ENSG00000077147	chr10	rs2031329	0.04307066	AMR
AMR_subclass_IN_SST	ENSG00000077147	chr10	rs10882817	0.04376982	AMR
AMR_subclass_IN_SST	ENSG00000077147	chr10	rs10128106	0.04382468	AMR
AMR_subclass_IN_SST	ENSG00000077147	chr10	rs2861555	0.09679285	AMR
AMR_subclass_IN_SST	ENSG00000077147	chr10	rs72824468	0.05392652	AMR
AMR_subclass_IN_SST	ENSG00000077254	chr1	rs666514	0.0157769961	AMR
AMR_subclass_IN_SST	ENSG00000077254	chr1	rs9651206	-0.0289232406	AMR
AMR_subclass_IN_SST	ENSG00000077254	chr1	rs12090791	0.2360155314	AMR
AMR_subclass_IN_SST	ENSG00000077254	chr1	rs139860878	-0.1629807399	AMR
AMR_subclass_IN_SST	ENSG00000077254	chr1	rs75809912	-0.0582750338	AMR
AMR_subclass_IN_SST	ENSG00000077254	chr1	rs138668675	-0.0057809743	AMR
AMR_subclass_IN_SST	ENSG00000077254	chr1	rs199688	0.0301043864	AMR
AMR_subclass_IN_SST	ENSG00000077254	chr1	rs41292250	-0.0422733645	AMR
AMR_subclass_IN_SST	ENSG00000077254	chr1	rs61782873	-0.041796923	AMR
AMR_subclass_IN_SST	ENSG00000077254	chr1	rs61782874	-0.0269653857	AMR
AMR_subclass_IN_SST	ENSG00000077254	chr1	rs61782876	-0.0760351349	AMR
AMR_subclass_IN_SST	ENSG00000077254	chr1	rs12401794	0.0033230011	AMR
AMR_subclass_IN_SST	ENSG00000077254	chr1	rs12403340	0.0025835246	AMR
AMR_subclass_IN_SST	ENSG00000077254	chr1	rs6670216	0.0015015391	AMR
AMR_subclass_IN_SST	ENSG00000077254	chr1	rs12071267	0.1187732503	AMR
AMR_subclass_IN_SST	ENSG00000077254	chr1	rs11162330	0.160998914	AMR
AMR_subclass_IN_SST	ENSG00000077254	chr1	rs10493605	-0.0489035786	AMR
AMR_subclass_IN_SST	ENSG00000077254	chr1	rs1498407	0.1883638972	AMR
AMR_subclass_IN_SST	ENSG00000077254	chr1	rs1498401	-0.0746470641	AMR
AMR_subclass_IN_SST	ENSG00000077254	chr1	rs12034899	-0.0410292643	AMR
AMR_subclass_IN_SST	ENSG00000077254	chr1	rs72932451	-0.0426319151	AMR
AMR_subclass_IN_SST	ENSG00000077254	chr1	rs6695572	-0.0601574025	AMR
AMR_subclass_IN_SST	ENSG00000077254	chr1	rs6698295	-0.0623698494	AMR
AMR_subclass_IN_SST	ENSG00000077254	chr1	rs12039708	-0.0646002786	AMR
AMR_subclass_IN_SST	ENSG00000077254	chr1	rs4431892	-0.1258721428	AMR
AMR_subclass_IN_SST	ENSG00000077254	chr1	rs7536307	-0.0001661254	AMR
AMR_subclass_IN_SST	ENSG00000077254	chr1	rs10873946	-0.128206092	AMR
AMR_subclass_IN_SST	ENSG00000077254	chr1	rs71641308	-0.0030023607	AMR
AMR_subclass_IN_SST	ENSG00000077254	chr1	rs35535570	-0.0010658977	AMR
AMR_subclass_IN_SST	ENSG00000077254	chr1	rs76684082	0.008744965	AMR
AMR_subclass_IN_SST	ENSG00000077254	chr1	rs75054962	0.0088173321	AMR
AMR_subclass_IN_SST	ENSG00000077254	chr1	rs34517439	-0.3475095489	AMR
AMR_subclass_IN_SST	ENSG00000077254	chr1	rs74225876	0.0064750684	AMR
AMR_subclass_IN_SST	ENSG00000077254	chr1	rs17101250	0.0796481463	AMR
AMR_subclass_IN_SST	ENSG00000077254	chr1	rs17101276	0.08032455	AMR
AMR_subclass_IN_SST	ENSG00000077254	chr1	rs80246841	0.0787025965	AMR
AMR_subclass_IN_SST	ENSG00000077254	chr1	rs17101281	0.0765777902	AMR
AMR_subclass_IN_SST	ENSG00000077254	chr1	rs2057424	-0.0298283757	AMR
AMR_subclass_IN_SST	ENSG00000077254	chr1	rs2057423	-0.0291082821	AMR
AMR_subclass_IN_SST	ENSG00000077254	chr1	rs114905278	-0.3556909314	AMR
AMR_subclass_IN_SST	ENSG00000077254	chr1	rs3766333	-0.2500447926	AMR
AMR_subclass_IN_SST	ENSG00000077254	chr1	rs3766331	-0.0166402493	AMR
AMR_subclass_IN_SST	ENSG00000077254	chr1	rs78547233	-0.0144110672	AMR
AMR_subclass_IN_SST	ENSG00000077254	chr1	rs75478789	-0.1151858763	AMR
AMR_subclass_IN_SST	ENSG00000077254	chr1	rs273241	-0.0198359606	AMR
AMR_subclass_IN_SST	ENSG00000077254	chr1	rs6665701	0.2097687822	AMR
AMR_subclass_IN_SST	ENSG00000077254	chr1	rs58509995	0.1551511192	AMR
AMR_subclass_IN_SST	ENSG00000077254	chr1	rs2767487	0.0460297718	AMR
AMR_subclass_IN_SST	ENSG00000077943	chr10	rs12251455	0.0821314711	AMR
AMR_subclass_IN_SST	ENSG00000077943	chr10	rs11259298	0.0507085453	AMR
AMR_subclass_IN_SST	ENSG00000077943	chr10	rs11818253	0.0508420397	AMR
AMR_subclass_IN_SST	ENSG00000077943	chr10	rs12355520	0.0533940414	AMR
AMR_subclass_IN_SST	ENSG00000077943	chr10	rs4631774	0.0272854902	AMR
AMR_subclass_IN_SST	ENSG00000077943	chr10	rs58020142	0.0184317458	AMR
AMR_subclass_IN_SST	ENSG00000077943	chr10	rs4483481	-0.0054925199	AMR
AMR_subclass_IN_SST	ENSG00000077943	chr10	rs4317884	-0.0054251151	AMR
AMR_subclass_IN_SST	ENSG00000077943	chr10	rs11259435	-0.0063111494	AMR
AMR_subclass_IN_SST	ENSG00000077943	chr10	rs72774347	-0.0972896575	AMR
AMR_subclass_IN_SST	ENSG00000077943	chr10	rs3763782	-0.0972112577	AMR
AMR_subclass_IN_SST	ENSG00000077943	chr10	rs10752350	-0.0892450128	AMR
AMR_subclass_IN_SST	ENSG00000077943	chr10	rs7074808	-0.0369930816	AMR
AMR_subclass_IN_SST	ENSG00000077943	chr10	rs11259537	-0.060045503	AMR
AMR_subclass_IN_SST	ENSG00000077943	chr10	rs149905644	-0.0037465688	AMR
AMR_subclass_IN_SST	ENSG00000077943	chr10	rs10906860	-0.0076229805	AMR
AMR_subclass_IN_SST	ENSG00000077943	chr10	rs116493061	-0.1383463592	AMR
AMR_subclass_IN_SST	ENSG00000077943	chr10	rs146109078	-0.137149599	AMR
AMR_subclass_IN_SST	ENSG00000077943	chr10	rs7099176	0.0079449962	AMR
AMR_subclass_IN_SST	ENSG00000077943	chr10	rs7080875	0.0077686075	AMR
AMR_subclass_IN_SST	ENSG00000077943	chr10	rs1878622	0.0078849891	AMR
AMR_subclass_IN_SST	ENSG00000077943	chr10	rs1878623	0.0079752574	AMR
AMR_subclass_IN_SST	ENSG00000077943	chr10	rs4750627	-0.029161023	AMR
AMR_subclass_IN_SST	ENSG00000077943	chr10	rs17156614	-0.0084936227	AMR
AMR_subclass_IN_SST	ENSG00000077943	chr10	rs78705533	-0.0042129393	AMR
AMR_subclass_IN_SST	ENSG00000077943	chr10	rs75302704	-0.0013715914	AMR
AMR_subclass_IN_SST	ENSG00000077943	chr10	rs11599544	-0.0035253572	AMR
AMR_subclass_IN_SST	ENSG00000077943	chr10	rs11593517	-0.0136985199	AMR
AMR_subclass_IN_SST	ENSG00000077943	chr10	rs12359262	-0.0126891141	AMR
AMR_subclass_IN_SST	ENSG00000077943	chr10	rs11598126	-0.1451120371	AMR
AMR_subclass_IN_SST	ENSG00000077943	chr10	rs11259676	-0.0608173012	AMR
AMR_subclass_IN_SST	ENSG00000077943	chr10	rs11259677	-0.0977230714	AMR
AMR_subclass_IN_SST	ENSG00000077943	chr10	rs932777	-0.156530744	AMR
AMR_subclass_IN_SST	ENSG00000077943	chr10	rs1341104	0.0294621372	AMR
AMR_subclass_IN_SST	ENSG00000077943	chr10	rs4748200	-0.0346699533	AMR
AMR_subclass_IN_SST	ENSG00000077943	chr10	rs192034996	-0.0162292812	AMR
AMR_subclass_IN_SST	ENSG00000077943	chr10	rs7074873	0.0017621161	AMR
AMR_subclass_IN_SST	ENSG00000077943	chr10	rs74127023	0.1061934753	AMR
AMR_subclass_IN_SST	ENSG00000077943	chr10	rs10159475	0.0402680733	AMR
AMR_subclass_IN_SST	ENSG00000077943	chr10	rs10082361	0.0008063663	AMR
AMR_subclass_IN_SST	ENSG00000077943	chr10	rs10082530	0.0003164539	AMR
AMR_subclass_IN_SST	ENSG00000077943	chr10	rs6602089	0.0001010621	AMR
AMR_subclass_IN_SST	ENSG00000077943	chr10	rs10508508	-0.0007417159	AMR
AMR_subclass_IN_SST	ENSG00000077943	chr10	rs11813302	-0.0669379811	AMR
AMR_subclass_IN_SST	ENSG00000077943	chr10	rs17138356	-0.0276230209	AMR
AMR_subclass_IN_SST	ENSG00000077943	chr10	rs17138377	-0.0290088349	AMR
AMR_subclass_IN_SST	ENSG00000077943	chr10	rs80166102	-0.0287903836	AMR
AMR_subclass_IN_SST	ENSG00000077943	chr10	rs75022996	-0.0277317991	AMR
AMR_subclass_IN_SST	ENSG00000077943	chr10	rs1556609	-0.0264949071	AMR
AMR_subclass_IN_SST	ENSG00000077943	chr10	rs12219697	-0.1384228187	AMR
AMR_subclass_IN_SST	ENSG00000077943	chr10	rs61372392	-0.1379042047	AMR
AMR_subclass_IN_SST	ENSG00000078140	chr4	rs13328049	-0.05224503	AMR
AMR_subclass_IN_SST	ENSG00000078140	chr4	rs73140550	0.08343128	AMR
AMR_subclass_IN_SST	ENSG00000078140	chr4	rs6851868	0.07065371	AMR
AMR_subclass_IN_SST	ENSG00000078140	chr4	rs78268309	0.006150696	AMR
AMR_subclass_IN_SST	ENSG00000078140	chr4	rs79237634	0.00435613	AMR
AMR_subclass_IN_SST	ENSG00000078140	chr4	rs79892702	0.00229709	AMR
AMR_subclass_IN_SST	ENSG00000078140	chr4	rs77138406	0.1929424	AMR
AMR_subclass_IN_SST	ENSG00000078140	chr4	rs13115204	0.1188022	AMR
AMR_subclass_IN_SST	ENSG00000078140	chr4	rs6848727	0.02466356	AMR
AMR_subclass_IN_SST	ENSG00000078140	chr4	rs17583377	0.04369127	AMR
AMR_subclass_IN_SST	ENSG00000078140	chr4	rs4974985	0.07065072	AMR
AMR_subclass_IN_SST	ENSG00000078140	chr4	rs17430272	-0.05931263	AMR
AMR_subclass_IN_SST	ENSG00000078140	chr4	rs13129401	-9.815545e-05	AMR
AMR_subclass_IN_SST	ENSG00000078140	chr4	rs2046330	-0.1519951	AMR
AMR_subclass_IN_SST	ENSG00000078140	chr4	rs10025155	-0.01428785	AMR
AMR_subclass_IN_SST	ENSG00000078140	chr4	rs6856504	-0.1511298	AMR
AMR_subclass_IN_SST	ENSG00000078140	chr4	rs6531720	0.1154585	AMR
AMR_subclass_IN_SST	ENSG00000078140	chr4	rs56090489	-0.2059403	AMR
AMR_subclass_IN_SST	ENSG00000078140	chr4	rs71606173	-0.2059931	AMR
AMR_subclass_IN_SST	ENSG00000078140	chr4	rs7667751	-0.01990787	AMR
AMR_subclass_IN_SST	ENSG00000078140	chr4	rs10007626	-0.03566486	AMR
AMR_subclass_IN_SST	ENSG00000078140	chr4	rs6825569	-0.01187761	AMR
AMR_subclass_IN_SST	ENSG00000078140	chr4	rs10034296	-0.03560753	AMR
AMR_subclass_IN_SST	ENSG00000078140	chr4	rs28473440	-0.03521507	AMR
AMR_subclass_IN_SST	ENSG00000078140	chr4	rs79796908	0.1144577	AMR
AMR_subclass_IN_SST	ENSG00000078140	chr4	rs144121393	-0.2502115	AMR
AMR_subclass_IN_SST	ENSG00000078140	chr4	rs35605027	-0.100455	AMR
AMR_subclass_IN_SST	ENSG00000078140	chr4	rs28495663	-0.0668988	AMR
AMR_subclass_IN_SST	ENSG00000078140	chr4	rs75242936	-0.04998585	AMR
AMR_subclass_IN_SST	ENSG00000078140	chr4	rs451812	-0.02098815	AMR
AMR_subclass_IN_SST	ENSG00000078140	chr4	rs140219628	-0.01959713	AMR
AMR_subclass_IN_SST	ENSG00000078140	chr4	rs113821957	-0.05001023	AMR
AMR_subclass_IN_SST	ENSG00000078140	chr4	rs6531746	0.04799146	AMR
AMR_subclass_IN_SST	ENSG00000078140	chr4	rs75724035	-0.02600098	AMR
AMR_subclass_IN_SST	ENSG00000078140	chr4	rs10013552	0.04593667	AMR
AMR_subclass_IN_SST	ENSG00000078140	chr4	rs34841675	-0.0269821	AMR
AMR_subclass_IN_SST	ENSG00000078140	chr4	rs6531748	0.04426927	AMR
AMR_subclass_IN_SST	ENSG00000078140	chr4	rs62307945	0.5520133	AMR
AMR_subclass_IN_SST	ENSG00000078140	chr4	rs9996801	0.04279993	AMR
AMR_subclass_IN_SST	ENSG00000078140	chr4	rs80129736	-0.02622104	AMR
AMR_subclass_IN_SST	ENSG00000078140	chr4	rs34253790	-0.03158117	AMR
AMR_subclass_IN_SST	ENSG00000078140	chr4	rs1531749	-0.03320849	AMR
AMR_subclass_IN_SST	ENSG00000078140	chr4	rs143268785	-0.03498166	AMR
AMR_subclass_IN_SST	ENSG00000078140	chr4	rs2623792	-0.03641711	AMR
AMR_subclass_IN_SST	ENSG00000078140	chr4	rs2623794	-0.02672122	AMR
AMR_subclass_IN_SST	ENSG00000078140	chr4	rs75690116	-0.03740006	AMR
AMR_subclass_IN_SST	ENSG00000078140	chr4	rs6811688	-0.02551456	AMR
AMR_subclass_IN_SST	ENSG00000078140	chr4	rs6843656	-0.02365442	AMR
AMR_subclass_IN_SST	ENSG00000078140	chr4	rs2679791	-0.03735202	AMR
AMR_subclass_IN_SST	ENSG00000078140	chr4	rs148349947	-0.04095412	AMR
AMR_subclass_IN_SST	ENSG00000078140	chr4	rs2664202	-0.05348788	AMR
AMR_subclass_IN_SST	ENSG00000078140	chr4	rs2732072	-0.1237834	AMR
AMR_subclass_IN_SST	ENSG00000078140	chr4	rs114491797	-0.1469314	AMR
AMR_subclass_IN_SST	ENSG00000078140	chr4	rs143430220	-0.1496825	AMR
AMR_subclass_IN_SST	ENSG00000078140	chr4	rs3821990	-0.05853743	AMR
AMR_subclass_IN_SST	ENSG00000078140	chr4	rs28529004	-0.04608214	AMR
AMR_subclass_IN_SST	ENSG00000078140	chr4	rs150726974	-0.1340858	AMR
AMR_subclass_IN_SST	ENSG00000078140	chr4	rs28802045	-0.09024719	AMR
AMR_subclass_IN_SST	ENSG00000078140	chr4	rs11932152	-0.05410566	AMR
AMR_subclass_IN_SST	ENSG00000078140	chr4	rs73229789	0.02184382	AMR
AMR_subclass_IN_SST	ENSG00000078140	chr4	rs75935798	-0.1361227	AMR
AMR_subclass_IN_SST	ENSG00000078140	chr4	rs75699533	0.1135348	AMR
AMR_subclass_IN_SST	ENSG00000078140	chr4	rs144526931	0.01982484	AMR
AMR_subclass_IN_SST	ENSG00000078140	chr4	rs28580337	0.05218385	AMR
AMR_subclass_IN_SST	ENSG00000078140	chr4	rs73229795	0.06742641	AMR
AMR_subclass_IN_SST	ENSG00000078140	chr4	rs6812832	-0.02079651	AMR
AMR_subclass_IN_SST	ENSG00000078140	chr4	rs75253308	-0.07449027	AMR
AMR_subclass_IN_SST	ENSG00000078140	chr4	rs4337763	-0.01965397	AMR
AMR_subclass_IN_SST	ENSG00000078140	chr4	rs13141295	-0.01743459	AMR
AMR_subclass_IN_SST	ENSG00000078140	chr4	rs2046989	-0.05860173	AMR
AMR_subclass_IN_SST	ENSG00000078140	chr4	rs4861361	-0.01429588	AMR
AMR_subclass_IN_SST	ENSG00000078140	chr4	rs139233666	0.01195267	AMR
AMR_subclass_IN_SST	ENSG00000078140	chr4	rs62302025	0.002825879	AMR
AMR_subclass_IN_SST	ENSG00000078140	chr4	rs11735228	0.1727453	AMR
AMR_subclass_IN_SST	ENSG00000078140	chr4	rs10517543	-0.09491269	AMR
AMR_subclass_IN_SST	ENSG00000078140	chr4	rs114073637	-0.2487834	AMR
AMR_subclass_IN_SST	ENSG00000078140	chr4	rs114680524	-0.313185	AMR
AMR_subclass_IN_SST	ENSG00000078140	chr4	rs114721923	-0.02058076	AMR
AMR_subclass_IN_SST	ENSG00000078140	chr4	rs13118627	-0.02911611	AMR
AMR_subclass_IN_SST	ENSG00000078140	chr4	rs13126883	-0.0075937	AMR
AMR_subclass_IN_SST	ENSG00000078140	chr4	rs78079111	0.6458239	AMR
AMR_subclass_IN_SST	ENSG00000078140	chr4	rs35434140	-0.03796155	AMR
AMR_subclass_IN_SST	ENSG00000078618	chr1	rs115202058	-0.09133208	AMR
AMR_subclass_IN_SST	ENSG00000078618	chr1	rs74922966	-0.0897101	AMR
AMR_subclass_IN_SST	ENSG00000078618	chr1	rs17373952	-0.17216623	AMR
AMR_subclass_IN_SST	ENSG00000078618	chr1	rs17365460	-0.04107816	AMR
AMR_subclass_IN_SST	ENSG00000078618	chr1	rs67899485	-0.01430819	AMR
AMR_subclass_IN_SST	ENSG00000078618	chr1	rs59370986	-0.01182962	AMR
AMR_subclass_IN_SST	ENSG00000078618	chr1	rs72666856	-0.45282767	AMR
AMR_subclass_IN_SST	ENSG00000078618	chr1	rs77084908	0.27366392	AMR
AMR_subclass_IN_SST	ENSG00000078618	chr1	rs6667822	0.2174647	AMR
AMR_subclass_IN_SST	ENSG00000078618	chr1	rs72668691	0.14207301	AMR
AMR_subclass_IN_SST	ENSG00000078674	chr8	rs7814798	0.1010172789	AMR
AMR_subclass_IN_SST	ENSG00000078674	chr8	rs73212714	-0.0073746263	AMR
AMR_subclass_IN_SST	ENSG00000078674	chr8	rs2301540	-0.0041051366	AMR
AMR_subclass_IN_SST	ENSG00000078674	chr8	rs34062301	-0.0031053403	AMR
AMR_subclass_IN_SST	ENSG00000078674	chr8	rs11782715	-0.0606440523	AMR
AMR_subclass_IN_SST	ENSG00000078674	chr8	rs2293879	-0.0601951734	AMR
AMR_subclass_IN_SST	ENSG00000078674	chr8	rs112815252	-0.0679861308	AMR
AMR_subclass_IN_SST	ENSG00000078674	chr8	rs7842088	0.0127997009	AMR
AMR_subclass_IN_SST	ENSG00000078674	chr8	rs73580536	-0.1664454133	AMR
AMR_subclass_IN_SST	ENSG00000078674	chr8	rs77348260	-0.0336380565	AMR
AMR_subclass_IN_SST	ENSG00000078674	chr8	rs114187511	0.0188565936	AMR
AMR_subclass_IN_SST	ENSG00000078674	chr8	rs74928646	0.0170816057	AMR
AMR_subclass_IN_SST	ENSG00000078674	chr8	rs10093134	-0.0042311133	AMR
AMR_subclass_IN_SST	ENSG00000078674	chr8	rs4124899	-0.1483865695	AMR
AMR_subclass_IN_SST	ENSG00000078674	chr8	rs12335048	-0.0179685478	AMR
AMR_subclass_IN_SST	ENSG00000078674	chr8	rs916550	0.0679472725	AMR
AMR_subclass_IN_SST	ENSG00000078674	chr8	rs406329	-0.1234851214	AMR
AMR_subclass_IN_SST	ENSG00000078674	chr8	rs403894	-0.0036802866	AMR
AMR_subclass_IN_SST	ENSG00000078674	chr8	rs208768	-0.0112803771	AMR
AMR_subclass_IN_SST	ENSG00000078674	chr8	rs208767	-0.011031138	AMR
AMR_subclass_IN_SST	ENSG00000078674	chr8	rs208765	-0.0163588734	AMR
AMR_subclass_IN_SST	ENSG00000078674	chr8	rs208062	-0.0375264177	AMR
AMR_subclass_IN_SST	ENSG00000078674	chr8	rs208060	-0.0368450127	AMR
AMR_subclass_IN_SST	ENSG00000078674	chr8	rs3850748	0.1057013005	AMR
AMR_subclass_IN_SST	ENSG00000078674	chr8	rs7844114	-0.1103412118	AMR
AMR_subclass_IN_SST	ENSG00000078674	chr8	rs143866411	-0.0007407129	AMR
AMR_subclass_IN_SST	ENSG00000078674	chr8	rs7460992	-0.0960774523	AMR
AMR_subclass_IN_SST	ENSG00000078674	chr8	rs140826556	-0.0004228892	AMR
AMR_subclass_IN_SST	ENSG00000078674	chr8	rs149743546	-0.0001332201	AMR
AMR_subclass_IN_SST	ENSG00000078674	chr8	rs1858720	-0.0111992453	AMR
AMR_subclass_IN_SST	ENSG00000078674	chr8	rs7831983	-0.0242437261	AMR
AMR_subclass_IN_SST	ENSG00000078674	chr8	rs35495327	-0.0238752117	AMR
AMR_subclass_IN_SST	ENSG00000078674	chr8	rs4921598	0.0285251509	AMR
AMR_subclass_IN_SST	ENSG00000078674	chr8	rs1961352	0.0849536745	AMR
AMR_subclass_IN_SST	ENSG00000078674	chr8	rs78643195	0.0102320135	AMR
AMR_subclass_IN_SST	ENSG00000078674	chr8	rs11987670	0.0061020973	AMR
AMR_subclass_IN_SST	ENSG00000078674	chr8	rs11786109	0.0782842822	AMR
AMR_subclass_IN_SST	ENSG00000079156	chr2	rs113276694	-0.057197938	AMR
AMR_subclass_IN_SST	ENSG00000079156	chr2	rs73034976	-0.216854882	AMR
AMR_subclass_IN_SST	ENSG00000079156	chr2	rs73034979	-0.057620859	AMR
AMR_subclass_IN_SST	ENSG00000079156	chr2	rs150239012	-0.056934505	AMR
AMR_subclass_IN_SST	ENSG00000079156	chr2	rs75242589	-0.125264583	AMR
AMR_subclass_IN_SST	ENSG00000079156	chr2	rs7582796	0.051347104	AMR
AMR_subclass_IN_SST	ENSG00000079156	chr2	rs7419749	0.048898023	AMR
AMR_subclass_IN_SST	ENSG00000079156	chr2	rs334024	-0.027814351	AMR
AMR_subclass_IN_SST	ENSG00000079156	chr2	rs334000	-0.00539899	AMR
AMR_subclass_IN_SST	ENSG00000079156	chr2	rs101266	-0.004715107	AMR
AMR_subclass_IN_SST	ENSG00000079156	chr2	rs334009	-0.004804175	AMR
AMR_subclass_IN_SST	ENSG00000079156	chr2	rs9288016	0.063671049	AMR
AMR_subclass_IN_SST	ENSG00000079156	chr2	rs10203420	0.051627643	AMR
AMR_subclass_IN_SST	ENSG00000079156	chr2	rs334613	0.073602446	AMR
AMR_subclass_IN_SST	ENSG00000079156	chr2	rs334608	0.016633531	AMR
AMR_subclass_IN_SST	ENSG00000079156	chr2	rs334606	0.016471272	AMR
AMR_subclass_IN_SST	ENSG00000079156	chr2	rs334603	0.015809926	AMR
AMR_subclass_IN_SST	ENSG00000079156	chr2	rs72965237	0.06071755	AMR
AMR_subclass_IN_SST	ENSG00000079277	chr1	rs1258050	-0.075851521	AMR
AMR_subclass_IN_SST	ENSG00000079277	chr1	rs11211312	0.008401243	AMR
AMR_subclass_IN_SST	ENSG00000079277	chr1	rs55680528	0.008095783	AMR
AMR_subclass_IN_SST	ENSG00000079277	chr1	rs956526	-0.022590275	AMR
AMR_subclass_IN_SST	ENSG00000079277	chr1	rs6429606	0.05127789	AMR
AMR_subclass_IN_SST	ENSG00000079277	chr1	rs7556481	0.028529093	AMR
AMR_subclass_IN_SST	ENSG00000079277	chr1	rs12138971	0.028742379	AMR
AMR_subclass_IN_SST	ENSG00000079277	chr1	rs12047046	0.028982316	AMR
AMR_subclass_IN_SST	ENSG00000079277	chr1	rs4660357	0.004405977	AMR
AMR_subclass_IN_SST	ENSG00000079277	chr1	rs6687832	0.00496717	AMR
AMR_subclass_IN_SST	ENSG00000079277	chr1	rs12136479	0.020361053	AMR
AMR_subclass_IN_SST	ENSG00000079277	chr1	rs36058295	0.005183211	AMR
AMR_subclass_IN_SST	ENSG00000079277	chr1	rs10890407	0.020445444	AMR
AMR_subclass_IN_SST	ENSG00000079277	chr1	rs7526328	-0.072491947	AMR
AMR_subclass_IN_SST	ENSG00000079277	chr1	rs11211328	0.056385888	AMR
AMR_subclass_IN_SST	ENSG00000079277	chr1	rs6681420	-0.094817296	AMR
AMR_subclass_IN_SST	ENSG00000079277	chr1	rs56869893	0.004332688	AMR
AMR_subclass_IN_SST	ENSG00000079277	chr1	rs7552833	0.021491201	AMR
AMR_subclass_IN_SST	ENSG00000079277	chr1	rs76353074	0.002733367	AMR
AMR_subclass_IN_SST	ENSG00000079277	chr1	rs2622923	-0.397776687	AMR
AMR_subclass_IN_SST	ENSG00000079277	chr1	rs17421581	0.037502274	AMR
AMR_subclass_IN_SST	ENSG00000080224	chr3	rs55723391	-8.338343e-06	AMR
AMR_subclass_IN_SST	ENSG00000080224	chr3	rs74909593	-0.000209129	AMR
AMR_subclass_IN_SST	ENSG00000080224	chr3	rs72916478	-0.0001465006	AMR
AMR_subclass_IN_SST	ENSG00000080224	chr3	rs72916502	-6.601767e-05	AMR
AMR_subclass_IN_SST	ENSG00000080224	chr3	rs72918222	-2.406501e-05	AMR
AMR_subclass_IN_SST	ENSG00000080224	chr3	rs6795627	-0.005328887	AMR
AMR_subclass_IN_SST	ENSG00000080224	chr3	rs35100302	-0.0003423954	AMR
AMR_subclass_IN_SST	ENSG00000080224	chr3	rs73142981	0.1341616	AMR
AMR_subclass_IN_SST	ENSG00000080224	chr3	rs9809304	-0.001088561	AMR
AMR_subclass_IN_SST	ENSG00000080224	chr3	rs114269627	-0.009712432	AMR
AMR_subclass_IN_SST	ENSG00000080224	chr3	rs10470441	-0.001096371	AMR
AMR_subclass_IN_SST	ENSG00000080224	chr3	rs10470443	-0.01100918	AMR
AMR_subclass_IN_SST	ENSG00000080224	chr3	rs116767262	-0.01185079	AMR
AMR_subclass_IN_SST	ENSG00000080224	chr3	rs28842826	-0.00126787	AMR
AMR_subclass_IN_SST	ENSG00000080224	chr3	rs57620868	-0.01070799	AMR
AMR_subclass_IN_SST	ENSG00000080224	chr3	rs9289601	-0.04826253	AMR
AMR_subclass_IN_SST	ENSG00000080224	chr3	rs9813903	-0.00936111	AMR
AMR_subclass_IN_SST	ENSG00000080224	chr3	rs115805341	-0.01748318	AMR
AMR_subclass_IN_SST	ENSG00000080224	chr3	rs77166915	-0.02501947	AMR
AMR_subclass_IN_SST	ENSG00000080224	chr3	rs62276459	-0.02520728	AMR
AMR_subclass_IN_SST	ENSG00000080224	chr3	rs7630887	-0.02551159	AMR
AMR_subclass_IN_SST	ENSG00000080224	chr3	rs7643537	-0.0294843	AMR
AMR_subclass_IN_SST	ENSG00000080224	chr3	rs7611040	-0.02949539	AMR
AMR_subclass_IN_SST	ENSG00000080224	chr3	rs13315676	-0.02923867	AMR
AMR_subclass_IN_SST	ENSG00000080224	chr3	rs28553326	-0.02064498	AMR
AMR_subclass_IN_SST	ENSG00000080824	chr14	rs73355100	0.25872945	AMR
AMR_subclass_IN_SST	ENSG00000080824	chr14	rs148938620	-0.14231709	AMR
AMR_subclass_IN_SST	ENSG00000080824	chr14	rs72704959	-0.02749572	AMR
AMR_subclass_IN_SST	ENSG00000080824	chr14	rs111514651	-0.02533013	AMR
AMR_subclass_IN_SST	ENSG00000080824	chr14	rs12100901	0.14119876	AMR
AMR_subclass_IN_SST	ENSG00000080824	chr14	rs10147283	-0.04595663	AMR
AMR_subclass_IN_SST	ENSG00000080824	chr14	rs72711311	-0.03349256	AMR
AMR_subclass_IN_SST	ENSG00000080824	chr14	rs56223232	0.05586308	AMR
AMR_subclass_IN_SST	ENSG00000080824	chr14	rs58803878	0.07124232	AMR
AMR_subclass_IN_SST	ENSG00000080824	chr14	rs11627664	0.05206894	AMR
AMR_subclass_IN_SST	ENSG00000080824	chr14	rs34528213	0.0487321	AMR
AMR_subclass_IN_SST	ENSG00000081307	chr3	rs2369132	0.005166014	AMR
AMR_subclass_IN_SST	ENSG00000081307	chr3	rs12495949	0.002121661	AMR
AMR_subclass_IN_SST	ENSG00000081307	chr3	rs80121443	0.0005430237	AMR
AMR_subclass_IN_SST	ENSG00000081307	chr3	rs1566696	0.02154448	AMR
AMR_subclass_IN_SST	ENSG00000081307	chr3	rs7433923	0.02600478	AMR
AMR_subclass_IN_SST	ENSG00000081307	chr3	rs995540	-0.02279779	AMR
AMR_subclass_IN_SST	ENSG00000081307	chr3	rs9868191	0.07206287	AMR
AMR_subclass_IN_SST	ENSG00000081307	chr3	rs7610884	0.1183857	AMR
AMR_subclass_IN_SST	ENSG00000081307	chr3	rs139988265	0.4332481	AMR
AMR_subclass_IN_SST	ENSG00000081307	chr3	rs112380633	-0.08024898	AMR
AMR_subclass_IN_SST	ENSG00000081307	chr3	rs73220443	-0.1312297	AMR
AMR_subclass_IN_SST	ENSG00000081307	chr3	rs11924586	-0.08891943	AMR
AMR_subclass_IN_SST	ENSG00000081307	chr3	rs17295561	-0.1361321	AMR
AMR_subclass_IN_SST	ENSG00000081307	chr3	rs73222340	-0.04408754	AMR
AMR_subclass_IN_SST	ENSG00000081307	chr3	rs12632218	-0.1772688	AMR
AMR_subclass_IN_SST	ENSG00000081307	chr3	rs1818487	-0.06907703	AMR
AMR_subclass_IN_SST	ENSG00000081307	chr3	rs114124538	0.02329513	AMR
AMR_subclass_IN_SST	ENSG00000081307	chr3	rs146368868	0.02515069	AMR
AMR_subclass_IN_SST	ENSG00000081307	chr3	rs1841533	0.07782667	AMR
AMR_subclass_IN_SST	ENSG00000081307	chr3	rs17315802	0.007964707	AMR
AMR_subclass_IN_SST	ENSG00000081307	chr3	rs72991383	-0.03873094	AMR
AMR_subclass_IN_SST	ENSG00000081307	chr3	rs72991384	-0.03633006	AMR
AMR_subclass_IN_SST	ENSG00000081307	chr3	rs73206073	0.008478223	AMR
AMR_subclass_IN_SST	ENSG00000081307	chr3	rs1381076	-0.01577434	AMR
AMR_subclass_IN_SST	ENSG00000081307	chr3	rs150218566	-0.03223122	AMR
AMR_subclass_IN_SST	ENSG00000081307	chr3	rs115855334	-0.02945445	AMR
AMR_subclass_IN_SST	ENSG00000081307	chr3	rs72994891	-0.1683575	AMR
AMR_subclass_IN_SST	ENSG00000081307	chr3	rs9810769	0.1834368	AMR
AMR_subclass_IN_SST	ENSG00000081307	chr3	rs9811553	0.08267648	AMR
AMR_subclass_IN_SST	ENSG00000081307	chr3	rs6802764	0.1852738	AMR
AMR_subclass_IN_SST	ENSG00000081307	chr3	rs75040480	-0.1043787	AMR
AMR_subclass_IN_SST	ENSG00000081307	chr3	rs116411873	0.0002047299	AMR
AMR_subclass_IN_SST	ENSG00000081307	chr3	rs114366998	0.4449806	AMR
AMR_subclass_IN_SST	ENSG00000081307	chr3	rs2175751	0.03317889	AMR
AMR_subclass_IN_SST	ENSG00000081307	chr3	rs9827646	0.03063451	AMR
AMR_subclass_IN_SST	ENSG00000081307	chr3	rs7611943	-0.08985224	AMR
AMR_subclass_IN_SST	ENSG00000081307	chr3	rs191557908	0.07711208	AMR
AMR_subclass_IN_SST	ENSG00000081307	chr3	rs309978	0.2257436	AMR
AMR_subclass_IN_SST	ENSG00000081307	chr3	rs2605410	0.0005481337	AMR
AMR_subclass_IN_SST	ENSG00000081307	chr3	rs2657807	2.400058e-05	AMR
AMR_subclass_IN_SST	ENSG00000081307	chr3	rs61052419	0.03092003	AMR
AMR_subclass_IN_SST	ENSG00000081307	chr3	rs59048683	0.03345238	AMR
AMR_subclass_IN_SST	ENSG00000081307	chr3	rs59949456	0.03342601	AMR
AMR_subclass_IN_SST	ENSG00000081307	chr3	rs112569089	0.0324951	AMR
AMR_subclass_IN_SST	ENSG00000081307	chr3	rs61086552	0.03130522	AMR
AMR_subclass_IN_SST	ENSG00000081307	chr3	rs185417451	-0.04523775	AMR
AMR_subclass_IN_SST	ENSG00000081307	chr3	rs1804138	-0.2683354	AMR
AMR_subclass_IN_SST	ENSG00000081307	chr3	rs309995	0.08567711	AMR
AMR_subclass_IN_SST	ENSG00000081307	chr3	rs62292879	-0.03706262	AMR
AMR_subclass_IN_SST	ENSG00000081307	chr3	rs62292882	-0.03295564	AMR
AMR_subclass_IN_SST	ENSG00000081307	chr3	rs75530476	-0.1179414	AMR
AMR_subclass_IN_SST	ENSG00000081307	chr3	rs146992522	0.2688856	AMR
AMR_subclass_IN_SST	ENSG00000081307	chr3	rs62293986	-0.1224068	AMR
AMR_subclass_IN_SST	ENSG00000081307	chr3	rs62291489	-0.1237765	AMR
AMR_subclass_IN_SST	ENSG00000081307	chr3	rs11719902	-0.06522229	AMR
AMR_subclass_IN_SST	ENSG00000081307	chr3	rs62291498	-0.1239426	AMR
AMR_subclass_IN_SST	ENSG00000081307	chr3	rs17347770	0.03388651	AMR
AMR_subclass_IN_SST	ENSG00000081307	chr3	rs61650247	-0.06655693	AMR
AMR_subclass_IN_SST	ENSG00000081307	chr3	rs10935023	-0.06550671	AMR
AMR_subclass_IN_SST	ENSG00000081307	chr3	rs10512873	-0.06381641	AMR
AMR_subclass_IN_SST	ENSG00000081307	chr3	rs11713631	-0.06225228	AMR
AMR_subclass_IN_SST	ENSG00000081307	chr3	rs16839479	-0.06089757	AMR
AMR_subclass_IN_SST	ENSG00000081307	chr3	rs62292468	-0.1240162	AMR
AMR_subclass_IN_SST	ENSG00000081307	chr3	rs79047540	-0.1144017	AMR
AMR_subclass_IN_SST	ENSG00000081307	chr3	rs116035068	0.1370155	AMR
AMR_subclass_IN_SST	ENSG00000081307	chr3	rs73220117	-0.06151912	AMR
AMR_subclass_IN_SST	ENSG00000081307	chr3	rs1871336	-0.05250466	AMR
AMR_subclass_IN_SST	ENSG00000081307	chr3	rs6765919	-0.05101943	AMR
AMR_subclass_IN_SST	ENSG00000081307	chr3	rs7622700	-0.008537995	AMR
AMR_subclass_IN_SST	ENSG00000081307	chr3	rs7653420	-0.1650971	AMR
AMR_subclass_IN_SST	ENSG00000081307	chr3	rs115636167	0.05735853	AMR
AMR_subclass_IN_SST	ENSG00000081307	chr3	rs3849412	-0.148487	AMR
AMR_subclass_IN_SST	ENSG00000081307	chr3	rs116778258	0.3180215	AMR
AMR_subclass_IN_SST	ENSG00000081307	chr3	rs62291829	-0.04877306	AMR
AMR_subclass_IN_SST	ENSG00000081307	chr3	rs71315665	-0.04071154	AMR
AMR_subclass_IN_SST	ENSG00000081307	chr3	rs2600971	0.01445589	AMR
AMR_subclass_IN_SST	ENSG00000081307	chr3	rs34696371	-0.04794307	AMR
AMR_subclass_IN_SST	ENSG00000081307	chr3	rs1869154	0.02095178	AMR
AMR_subclass_IN_SST	ENSG00000081307	chr3	rs6800496	-0.04360451	AMR
AMR_subclass_IN_SST	ENSG00000081307	chr3	rs6787546	-0.03951003	AMR
AMR_subclass_IN_SST	ENSG00000081307	chr3	rs11714577	-0.03246584	AMR
AMR_subclass_IN_SST	ENSG00000081307	chr3	rs73205571	0.01387632	AMR
AMR_subclass_IN_SST	ENSG00000081307	chr3	rs10512869	0.01575339	AMR
AMR_subclass_IN_SST	ENSG00000081307	chr3	rs61172697	0.01622985	AMR
AMR_subclass_IN_SST	ENSG00000081307	chr3	rs6790364	0.07316173	AMR
AMR_subclass_IN_SST	ENSG00000081307	chr3	rs11918073	0.05647345	AMR
AMR_subclass_IN_SST	ENSG00000081307	chr3	rs62291591	0.2722104	AMR
AMR_subclass_IN_SST	ENSG00000081307	chr3	rs112351294	-0.1098745	AMR
AMR_subclass_IN_SST	ENSG00000081307	chr3	rs115138039	0.2401757	AMR
AMR_subclass_IN_SST	ENSG00000081307	chr3	rs1568479	0.01006455	AMR
AMR_subclass_IN_SST	ENSG00000081307	chr3	rs34374719	0.006707798	AMR
AMR_subclass_IN_SST	ENSG00000081307	chr3	rs62291640	0.004669948	AMR
AMR_subclass_IN_SST	ENSG00000081307	chr3	rs13073631	0.003414827	AMR
AMR_subclass_IN_SST	ENSG00000081307	chr3	rs35288993	0.002460031	AMR
AMR_subclass_IN_SST	ENSG00000081307	chr3	rs13088897	0.001644983	AMR
AMR_subclass_IN_SST	ENSG00000081307	chr3	rs9854387	0.08865988	AMR
AMR_subclass_IN_SST	ENSG00000081307	chr3	rs9881818	0.01476672	AMR
AMR_subclass_IN_SST	ENSG00000081307	chr3	rs9859597	0.01326775	AMR
AMR_subclass_IN_SST	ENSG00000081307	chr3	rs13079918	0.01204356	AMR
AMR_subclass_IN_SST	ENSG00000081307	chr3	rs77898277	0.184114	AMR
AMR_subclass_IN_SST	ENSG00000081307	chr3	rs9820287	-0.01562873	AMR
AMR_subclass_IN_SST	ENSG00000081307	chr3	rs9837497	-0.01705969	AMR
AMR_subclass_IN_SST	ENSG00000081307	chr3	rs73209837	-0.003368003	AMR
AMR_subclass_IN_SST	ENSG00000081307	chr3	rs1114630	-0.05277621	AMR
AMR_subclass_IN_SST	ENSG00000081307	chr3	rs112154024	0.001398293	AMR
AMR_subclass_IN_SST	ENSG00000081307	chr3	rs74352489	0.002543687	AMR
AMR_subclass_IN_SST	ENSG00000081307	chr3	rs78733332	0.002326	AMR
AMR_subclass_IN_SST	ENSG00000081307	chr3	rs111603804	0.01139055	AMR
AMR_subclass_IN_SST	ENSG00000081307	chr3	rs79719860	0.008113174	AMR
AMR_subclass_IN_SST	ENSG00000081307	chr3	rs77010412	0.005108721	AMR
AMR_subclass_IN_SST	ENSG00000081307	chr3	rs56332329	0.1835256	AMR
AMR_subclass_IN_SST	ENSG00000081307	chr3	rs78039258	0.1801214	AMR
AMR_subclass_IN_SST	ENSG00000081307	chr3	rs11716376	0.1292072	AMR
AMR_subclass_IN_SST	ENSG00000081307	chr3	rs17366157	-0.2170631	AMR
AMR_subclass_IN_SST	ENSG00000081307	chr3	rs6770037	0.09287909	AMR
AMR_subclass_IN_SST	ENSG00000081307	chr3	rs112368179	-0.01888134	AMR
AMR_subclass_IN_SST	ENSG00000081307	chr3	rs73213742	-0.3146159	AMR
AMR_subclass_IN_SST	ENSG00000081307	chr3	rs13080512	0.07027643	AMR
AMR_subclass_IN_SST	ENSG00000081307	chr3	rs28607704	0.00828751	AMR
AMR_subclass_IN_SST	ENSG00000081307	chr3	rs9814681	0.009022722	AMR
AMR_subclass_IN_SST	ENSG00000081307	chr3	rs62280379	0.3426946	AMR
AMR_subclass_IN_SST	ENSG00000081307	chr3	rs9840906	0.1748137	AMR
AMR_subclass_IN_SST	ENSG00000081307	chr3	rs6439421	-0.1546769	AMR
AMR_subclass_IN_SST	ENSG00000081307	chr3	rs2046001	0.0427799	AMR
AMR_subclass_IN_SST	ENSG00000081307	chr3	rs80049700	0.1029223	AMR
AMR_subclass_IN_SST	ENSG00000081307	chr3	rs872134	0.1018354	AMR
AMR_subclass_IN_SST	ENSG00000081307	chr3	rs144535946	-0.06857552	AMR
AMR_subclass_IN_SST	ENSG00000081307	chr3	rs4854733	0.008403669	AMR
AMR_subclass_IN_SST	ENSG00000081307	chr3	rs113254107	0.03541391	AMR
AMR_subclass_IN_SST	ENSG00000081307	chr3	rs7617385	0.03356528	AMR
AMR_subclass_IN_SST	ENSG00000082512	chr1	rs4292962	-0.034775496	AMR
AMR_subclass_IN_SST	ENSG00000082512	chr1	rs1999890	-0.019307751	AMR
AMR_subclass_IN_SST	ENSG00000082512	chr1	rs6688459	-0.01826297	AMR
AMR_subclass_IN_SST	ENSG00000082512	chr1	rs7519683	-0.202975973	AMR
AMR_subclass_IN_SST	ENSG00000082512	chr1	rs79466560	-0.012086805	AMR
AMR_subclass_IN_SST	ENSG00000082512	chr1	rs58599805	-0.106220607	AMR
AMR_subclass_IN_SST	ENSG00000082512	chr1	rs61830062	-0.186290349	AMR
AMR_subclass_IN_SST	ENSG00000082512	chr1	rs10746430	0.007802309	AMR
AMR_subclass_IN_SST	ENSG00000082512	chr1	rs4951721	0.008662743	AMR
AMR_subclass_IN_SST	ENSG00000082512	chr1	rs4359079	0.007666103	AMR
AMR_subclass_IN_SST	ENSG00000082512	chr1	rs4426039	0.006118119	AMR
AMR_subclass_IN_SST	ENSG00000082512	chr1	rs77342870	0.002159265	AMR
AMR_subclass_IN_SST	ENSG00000082512	chr1	rs79744600	0.132730724	AMR
AMR_subclass_IN_SST	ENSG00000082512	chr1	rs79638733	0.04370508	AMR
AMR_subclass_IN_SST	ENSG00000082512	chr1	rs78200613	0.04541297	AMR
AMR_subclass_IN_SST	ENSG00000082512	chr1	rs6665563	0.036081016	AMR
AMR_subclass_IN_SST	ENSG00000082512	chr1	rs58579065	-0.010442688	AMR
AMR_subclass_IN_SST	ENSG00000082512	chr1	rs76654140	0.068393704	AMR
AMR_subclass_IN_SST	ENSG00000082512	chr1	rs4113643	0.067549578	AMR
AMR_subclass_IN_SST	ENSG00000082512	chr1	rs6665163	0.174328819	AMR
AMR_subclass_IN_SST	ENSG00000082512	chr1	rs61848963	0.173211552	AMR
AMR_subclass_IN_SST	ENSG00000082512	chr1	rs148642854	0.066114394	AMR
AMR_subclass_IN_SST	ENSG00000082512	chr1	rs4951498	0.010009805	AMR
AMR_subclass_IN_SST	ENSG00000082512	chr1	rs1591746	-0.032390161	AMR
AMR_subclass_IN_SST	ENSG00000082512	chr1	rs3111223	-0.032237915	AMR
AMR_subclass_IN_SST	ENSG00000082512	chr1	rs2050691	-0.001981653	AMR
AMR_subclass_IN_SST	ENSG00000082512	chr1	rs140723451	0.041808197	AMR
AMR_subclass_IN_SST	ENSG00000082512	chr1	rs139899060	0.041222401	AMR
AMR_subclass_IN_SST	ENSG00000082512	chr1	rs115118311	0.038139852	AMR
AMR_subclass_IN_SST	ENSG00000082512	chr1	rs4443952	-0.052895918	AMR
AMR_subclass_IN_SST	ENSG00000082512	chr1	rs6684356	-0.054111333	AMR
AMR_subclass_IN_SST	ENSG00000082512	chr1	rs6698113	-0.054483495	AMR
AMR_subclass_IN_SST	ENSG00000082512	chr1	rs2175633	-0.054311537	AMR
AMR_subclass_IN_SST	ENSG00000082512	chr1	rs11577764	-0.053955043	AMR
AMR_subclass_IN_SST	ENSG00000082512	chr1	rs6663729	-0.053527468	AMR
AMR_subclass_IN_SST	ENSG00000082512	chr1	rs4130305	-0.004081091	AMR
AMR_subclass_IN_SST	ENSG00000082512	chr1	rs10494935	-0.053025404	AMR
AMR_subclass_IN_SST	ENSG00000082512	chr1	rs4951743	-0.052473787	AMR
AMR_subclass_IN_SST	ENSG00000082512	chr1	rs6540683	-0.003688139	AMR
AMR_subclass_IN_SST	ENSG00000082512	chr1	rs4951521	-0.051807186	AMR
AMR_subclass_IN_SST	ENSG00000082512	chr1	rs113380450	0.051369214	AMR
AMR_subclass_IN_SST	ENSG00000082512	chr1	rs12126977	0.123741486	AMR
AMR_subclass_IN_SST	ENSG00000082512	chr1	rs894984	0.020647829	AMR
AMR_subclass_IN_SST	ENSG00000082512	chr1	rs12135289	-0.127839058	AMR
AMR_subclass_IN_SST	ENSG00000082512	chr1	rs183996381	0.231729402	AMR
AMR_subclass_IN_SST	ENSG00000082512	chr1	rs113581421	-0.008394906	AMR
AMR_subclass_IN_SST	ENSG00000082512	chr1	rs12126358	-0.016954117	AMR
AMR_subclass_IN_SST	ENSG00000082512	chr1	rs6656320	-0.020376748	AMR
AMR_subclass_IN_SST	ENSG00000082512	chr1	rs7549717	-0.063283679	AMR
AMR_subclass_IN_SST	ENSG00000082512	chr1	rs72752370	-0.064431959	AMR
AMR_subclass_IN_SST	ENSG00000082512	chr1	rs6658490	-0.064687923	AMR
AMR_subclass_IN_SST	ENSG00000082512	chr1	rs72752373	-0.064260174	AMR
AMR_subclass_IN_SST	ENSG00000082512	chr1	rs113386004	-0.063515071	AMR
AMR_subclass_IN_SST	ENSG00000082512	chr1	rs137867543	-0.085776689	AMR
AMR_subclass_IN_SST	ENSG00000082701	chr3	rs67180858	0.034315013	AMR
AMR_subclass_IN_SST	ENSG00000082701	chr3	rs73187825	-0.071196685	AMR
AMR_subclass_IN_SST	ENSG00000082701	chr3	rs77335279	-0.071370597	AMR
AMR_subclass_IN_SST	ENSG00000082701	chr3	rs10934488	-0.140894742	AMR
AMR_subclass_IN_SST	ENSG00000082701	chr3	rs73854488	0.113917113	AMR
AMR_subclass_IN_SST	ENSG00000082701	chr3	rs11715364	0.257727519	AMR
AMR_subclass_IN_SST	ENSG00000082701	chr3	rs1000198	0.018866784	AMR
AMR_subclass_IN_SST	ENSG00000082701	chr3	rs4279094	0.220456659	AMR
AMR_subclass_IN_SST	ENSG00000082701	chr3	rs6776377	0.010963568	AMR
AMR_subclass_IN_SST	ENSG00000082701	chr3	rs6787836	0.010766677	AMR
AMR_subclass_IN_SST	ENSG00000082701	chr3	rs6769668	0.025657184	AMR
AMR_subclass_IN_SST	ENSG00000082701	chr3	rs4687853	0.027056413	AMR
AMR_subclass_IN_SST	ENSG00000082701	chr3	rs17203118	-0.071919596	AMR
AMR_subclass_IN_SST	ENSG00000082701	chr3	rs79713873	-0.093670568	AMR
AMR_subclass_IN_SST	ENSG00000082701	chr3	rs59807949	-0.065167953	AMR
AMR_subclass_IN_SST	ENSG00000082701	chr3	rs59076488	-0.037751338	AMR
AMR_subclass_IN_SST	ENSG00000082701	chr3	rs13065893	0.003196207	AMR
AMR_subclass_IN_SST	ENSG00000082701	chr3	rs3749417	0.003557782	AMR
AMR_subclass_IN_SST	ENSG00000082701	chr3	rs3749416	0.003273773	AMR
AMR_subclass_IN_SST	ENSG00000082701	chr3	rs13323756	0.039655069	AMR
AMR_subclass_IN_SST	ENSG00000082701	chr3	rs34775086	0.00398733	AMR
AMR_subclass_IN_SST	ENSG00000082701	chr3	rs9815993	0.002404622	AMR
AMR_subclass_IN_SST	ENSG00000082701	chr3	rs17281793	0.001041629	AMR
AMR_subclass_IN_SST	ENSG00000082701	chr3	rs334538	0.031871946	AMR
AMR_subclass_IN_SST	ENSG00000082701	chr3	rs3112283	0.133864532	AMR
AMR_subclass_IN_SST	ENSG00000082701	chr3	rs1733297	-0.007937921	AMR
AMR_subclass_IN_SST	ENSG00000082701	chr3	rs1627473	-0.007943223	AMR
AMR_subclass_IN_SST	ENSG00000082701	chr3	rs1624195	-0.007952591	AMR
AMR_subclass_IN_SST	ENSG00000082701	chr3	rs1716836	-0.007921584	AMR
AMR_subclass_IN_SST	ENSG00000082701	chr3	rs1259340	0.004777901	AMR
AMR_subclass_IN_SST	ENSG00000082701	chr3	rs58348225	-0.007250407	AMR
AMR_subclass_IN_SST	ENSG00000082701	chr3	rs112037275	0.2676073	AMR
AMR_subclass_IN_SST	ENSG00000082701	chr3	rs149506357	-0.021242223	AMR
AMR_subclass_IN_SST	ENSG00000082701	chr3	rs147352879	-0.090179063	AMR
AMR_subclass_IN_SST	ENSG00000082701	chr3	rs804994	0.045016759	AMR
AMR_subclass_IN_SST	ENSG00000082701	chr3	rs113888182	-0.075697325	AMR
AMR_subclass_IN_SST	ENSG00000082701	chr3	rs9811769	-0.061256667	AMR
AMR_subclass_IN_SST	ENSG00000083642	chr13	rs9532536	0.0482343437	AMR
AMR_subclass_IN_SST	ENSG00000083642	chr13	rs9549209	0.0230293013	AMR
AMR_subclass_IN_SST	ENSG00000083642	chr13	rs9549210	0.023628928	AMR
AMR_subclass_IN_SST	ENSG00000083642	chr13	rs7999518	0.0239171023	AMR
AMR_subclass_IN_SST	ENSG00000083642	chr13	rs7982163	0.0238944228	AMR
AMR_subclass_IN_SST	ENSG00000083642	chr13	rs9577041	0.0238561363	AMR
AMR_subclass_IN_SST	ENSG00000083642	chr13	rs9532560	0.0028690971	AMR
AMR_subclass_IN_SST	ENSG00000083642	chr13	rs2314454	0.0238555799	AMR
AMR_subclass_IN_SST	ENSG00000083642	chr13	rs56361059	-0.0454534621	AMR
AMR_subclass_IN_SST	ENSG00000083642	chr13	rs79279247	-0.0527841175	AMR
AMR_subclass_IN_SST	ENSG00000083642	chr13	rs78976917	-0.0511142225	AMR
AMR_subclass_IN_SST	ENSG00000083642	chr13	rs811642	0.0779790374	AMR
AMR_subclass_IN_SST	ENSG00000083642	chr13	rs9533736	-0.098330031	AMR
AMR_subclass_IN_SST	ENSG00000083642	chr13	rs1012130	0.0660110995	AMR
AMR_subclass_IN_SST	ENSG00000083642	chr13	rs9526952	0.0278712096	AMR
AMR_subclass_IN_SST	ENSG00000083642	chr13	rs9536207	0.0257150716	AMR
AMR_subclass_IN_SST	ENSG00000083642	chr13	rs2283370	-0.0004054362	AMR
AMR_subclass_IN_SST	ENSG00000083642	chr13	rs2239210	-0.0107523897	AMR
AMR_subclass_IN_SST	ENSG00000083642	chr13	rs17596230	-0.0612207042	AMR
AMR_subclass_IN_SST	ENSG00000083642	chr13	rs78149100	0.2003159834	AMR
AMR_subclass_IN_SST	ENSG00000083642	chr13	rs12429186	0.2460675118	AMR
AMR_subclass_IN_SST	ENSG00000083642	chr13	rs9598026	0.0183725831	AMR
AMR_subclass_IN_SST	ENSG00000083642	chr13	rs9598027	0.0177840432	AMR
AMR_subclass_IN_SST	ENSG00000083642	chr13	rs9592004	0.0165221891	AMR
AMR_subclass_IN_SST	ENSG00000083642	chr13	rs7318085	0.0154213735	AMR
AMR_subclass_IN_SST	ENSG00000083642	chr13	rs17079650	0.014343688	AMR
AMR_subclass_IN_SST	ENSG00000083642	chr13	rs7984638	0.2341360122	AMR
AMR_subclass_IN_SST	ENSG00000084453	chr12	rs1319631	0.01617409	AMR
AMR_subclass_IN_SST	ENSG00000084453	chr12	rs61911355	0.2377944	AMR
AMR_subclass_IN_SST	ENSG00000084453	chr12	rs77450522	-0.02791443	AMR
AMR_subclass_IN_SST	ENSG00000084453	chr12	rs12369747	-0.1221897	AMR
AMR_subclass_IN_SST	ENSG00000084453	chr12	rs10841572	-0.001943911	AMR
AMR_subclass_IN_SST	ENSG00000084453	chr12	rs7976038	-0.01948634	AMR
AMR_subclass_IN_SST	ENSG00000084453	chr12	rs11045322	-0.001393164	AMR
AMR_subclass_IN_SST	ENSG00000084453	chr12	rs10459069	-0.0008003361	AMR
AMR_subclass_IN_SST	ENSG00000084453	chr12	rs59648485	-0.132797	AMR
AMR_subclass_IN_SST	ENSG00000084453	chr12	rs61037122	-0.1355135	AMR
AMR_subclass_IN_SST	ENSG00000084453	chr12	rs73236308	-0.1345521	AMR
AMR_subclass_IN_SST	ENSG00000084453	chr12	rs7964099	-0.004396073	AMR
AMR_subclass_IN_SST	ENSG00000084453	chr12	rs11045331	-0.06129513	AMR
AMR_subclass_IN_SST	ENSG00000084453	chr12	rs71436823	-0.02175478	AMR
AMR_subclass_IN_SST	ENSG00000084453	chr12	rs11045337	-0.02168771	AMR
AMR_subclass_IN_SST	ENSG00000084453	chr12	rs4340100	-0.02122618	AMR
AMR_subclass_IN_SST	ENSG00000084453	chr12	rs11045338	-0.02075938	AMR
AMR_subclass_IN_SST	ENSG00000084453	chr12	rs118104515	0.08964657	AMR
AMR_subclass_IN_SST	ENSG00000084453	chr12	rs57238599	0.07218907	AMR
AMR_subclass_IN_SST	ENSG00000084453	chr12	rs67028347	0.07238396	AMR
AMR_subclass_IN_SST	ENSG00000084453	chr12	rs34243130	-0.08130178	AMR
AMR_subclass_IN_SST	ENSG00000084453	chr12	rs76005707	0.03436283	AMR
AMR_subclass_IN_SST	ENSG00000084453	chr12	rs12822755	-0.002527232	AMR
AMR_subclass_IN_SST	ENSG00000084453	chr12	rs34528898	-0.004823616	AMR
AMR_subclass_IN_SST	ENSG00000084453	chr12	rs11045606	-0.005341037	AMR
AMR_subclass_IN_SST	ENSG00000084453	chr12	rs11524941	-0.004430202	AMR
AMR_subclass_IN_SST	ENSG00000084453	chr12	rs11045611	-0.003041382	AMR
AMR_subclass_IN_SST	ENSG00000084453	chr12	rs11045613	-0.00181616	AMR
AMR_subclass_IN_SST	ENSG00000084453	chr12	rs11513221	-0.0009700187	AMR
AMR_subclass_IN_SST	ENSG00000084453	chr12	rs11045623	-0.0004715056	AMR
AMR_subclass_IN_SST	ENSG00000084453	chr12	rs11045626	-0.0002111114	AMR
AMR_subclass_IN_SST	ENSG00000084453	chr12	rs11519061	-8.787428e-05	AMR
AMR_subclass_IN_SST	ENSG00000084453	chr12	rs147246578	-3.426203e-05	AMR
AMR_subclass_IN_SST	ENSG00000084453	chr12	rs147620475	-1.259355e-05	AMR
AMR_subclass_IN_SST	ENSG00000084453	chr12	rs12370568	-4.388099e-06	AMR
AMR_subclass_IN_SST	ENSG00000084453	chr12	rs7956958	-1.456478e-06	AMR
AMR_subclass_IN_SST	ENSG00000084453	chr12	rs35428245	-4.624671e-07	AMR
AMR_subclass_IN_SST	ENSG00000084453	chr12	rs11045644	-1.410063e-07	AMR
AMR_subclass_IN_SST	ENSG00000084453	chr12	rs11513405	-4.142083e-08	AMR
AMR_subclass_IN_SST	ENSG00000084453	chr12	rs2900458	-1.175708e-08	AMR
AMR_subclass_IN_SST	ENSG00000084453	chr12	rs187202054	-0.2127756	AMR
AMR_subclass_IN_SST	ENSG00000084453	chr12	rs10770791	-0.004154302	AMR
AMR_subclass_IN_SST	ENSG00000084453	chr12	rs7966037	-0.01064425	AMR
AMR_subclass_IN_SST	ENSG00000084453	chr12	rs12830367	-0.09077323	AMR
AMR_subclass_IN_SST	ENSG00000084453	chr12	rs183761084	-0.4928828	AMR
AMR_subclass_IN_SST	ENSG00000084453	chr12	rs56348138	-0.0007137311	AMR
AMR_subclass_IN_SST	ENSG00000084453	chr12	rs73069061	-0.0002907556	AMR
AMR_subclass_IN_SST	ENSG00000084453	chr12	rs56246579	-8.400417e-05	AMR
AMR_subclass_IN_SST	ENSG00000084453	chr12	rs56806648	-2.030759e-05	AMR
AMR_subclass_IN_SST	ENSG00000084453	chr12	rs56279168	-0.06932709	AMR
AMR_subclass_IN_SST	ENSG00000084453	chr12	rs61928468	-0.001337716	AMR
AMR_subclass_IN_SST	ENSG00000084453	chr12	rs75455635	0.1220942	AMR
AMR_subclass_IN_SST	ENSG00000084453	chr12	rs11046200	-0.01503937	AMR
AMR_subclass_IN_SST	ENSG00000084453	chr12	rs73074914	-0.02002627	AMR
AMR_subclass_IN_SST	ENSG00000084453	chr12	rs75840746	0.1812693	AMR
AMR_subclass_IN_SST	ENSG00000084453	chr12	rs74832024	0.3762395	AMR
AMR_subclass_IN_SST	ENSG00000084453	chr12	rs79616184	0.05262337	AMR
AMR_subclass_IN_SST	ENSG00000084453	chr12	rs78211761	-0.01884385	AMR
AMR_subclass_IN_SST	ENSG00000084453	chr12	rs66868592	0.1164854	AMR
AMR_subclass_IN_SST	ENSG00000084754	chr2	rs35488195	0.068235513	AMR
AMR_subclass_IN_SST	ENSG00000084754	chr2	rs1731226	-0.0009860619	AMR
AMR_subclass_IN_SST	ENSG00000084754	chr2	rs62128379	0.0306433604	AMR
AMR_subclass_IN_SST	ENSG00000084754	chr2	rs62128446	0.1510386628	AMR
AMR_subclass_IN_SST	ENSG00000084754	chr2	rs3795961	-0.0471537135	AMR
AMR_subclass_IN_SST	ENSG00000084754	chr2	rs11691585	-0.0592900607	AMR
AMR_subclass_IN_SST	ENSG00000084754	chr2	rs4665950	-0.1117327218	AMR
AMR_subclass_IN_SST	ENSG00000085231	chr5	rs10056743	-0.01866128	AMR
AMR_subclass_IN_SST	ENSG00000085231	chr5	rs10940165	-0.03560843	AMR
AMR_subclass_IN_SST	ENSG00000085231	chr5	rs56194430	-0.20075767	AMR
AMR_subclass_IN_SST	ENSG00000085231	chr5	rs17324835	-0.05741465	AMR
AMR_subclass_IN_SST	ENSG00000085644	chr16	rs113339750	-0.02812626	AMR
AMR_subclass_IN_SST	ENSG00000085644	chr16	rs111671387	-0.02907004	AMR
AMR_subclass_IN_SST	ENSG00000085644	chr16	rs35818855	-0.02770624	AMR
AMR_subclass_IN_SST	ENSG00000085644	chr16	rs224238	0.17374398	AMR
AMR_subclass_IN_SST	ENSG00000085644	chr16	rs113840363	-0.02417997	AMR
AMR_subclass_IN_SST	ENSG00000085644	chr16	rs142420412	-0.02918343	AMR
AMR_subclass_IN_SST	ENSG00000085644	chr16	rs143315444	-0.03145445	AMR
AMR_subclass_IN_SST	ENSG00000085644	chr16	rs151236550	-0.03082919	AMR
AMR_subclass_IN_SST	ENSG00000085644	chr16	rs113160728	-0.02884119	AMR
AMR_subclass_IN_SST	ENSG00000085644	chr16	rs191072674	-0.02683901	AMR
AMR_subclass_IN_SST	ENSG00000085644	chr16	rs182865653	-0.02549089	AMR
AMR_subclass_IN_SST	ENSG00000085644	chr16	rs113675210	-0.02490474	AMR
AMR_subclass_IN_SST	ENSG00000085644	chr16	rs113254770	-0.02486566	AMR
AMR_subclass_IN_SST	ENSG00000085644	chr16	rs111354536	-0.02505097	AMR
AMR_subclass_IN_SST	ENSG00000085644	chr16	rs111443835	-0.02517986	AMR
AMR_subclass_IN_SST	ENSG00000085644	chr16	rs113481825	-0.02508249	AMR
AMR_subclass_IN_SST	ENSG00000085644	chr16	rs79028067	-0.02470249	AMR
AMR_subclass_IN_SST	ENSG00000085644	chr16	rs113960413	-0.02406412	AMR
AMR_subclass_IN_SST	ENSG00000085644	chr16	rs76539032	-0.02323272	AMR
AMR_subclass_IN_SST	ENSG00000085644	chr16	rs79853735	-0.02228389	AMR
AMR_subclass_IN_SST	ENSG00000085644	chr16	rs78868370	-0.02128541	AMR
AMR_subclass_IN_SST	ENSG00000085644	chr16	rs13380478	-0.02028929	AMR
AMR_subclass_IN_SST	ENSG00000085982	chr2	rs56245891	-0.023612896	AMR
AMR_subclass_IN_SST	ENSG00000085982	chr2	rs111620279	-0.125043954	AMR
AMR_subclass_IN_SST	ENSG00000085982	chr2	rs16829366	0.063895289	AMR
AMR_subclass_IN_SST	ENSG00000085982	chr2	rs71421653	-0.066189719	AMR
AMR_subclass_IN_SST	ENSG00000085982	chr2	rs66590980	-0.055558256	AMR
AMR_subclass_IN_SST	ENSG00000085982	chr2	rs78394577	-0.012458167	AMR
AMR_subclass_IN_SST	ENSG00000085982	chr2	rs2242102	0.052767806	AMR
AMR_subclass_IN_SST	ENSG00000085982	chr2	rs62195091	0.094487271	AMR
AMR_subclass_IN_SST	ENSG00000085982	chr2	rs78648245	0.103572025	AMR
AMR_subclass_IN_SST	ENSG00000085982	chr2	rs62192777	0.143168678	AMR
AMR_subclass_IN_SST	ENSG00000085982	chr2	rs12472244	0.103482211	AMR
AMR_subclass_IN_SST	ENSG00000085982	chr2	rs62192778	0.142964132	AMR
AMR_subclass_IN_SST	ENSG00000085982	chr2	rs78198652	0.035704446	AMR
AMR_subclass_IN_SST	ENSG00000085982	chr2	rs6717546	-0.00115805	AMR
AMR_subclass_IN_SST	ENSG00000085982	chr2	rs79208193	-0.181684638	AMR
AMR_subclass_IN_SST	ENSG00000085982	chr2	rs13001408	-0.016218941	AMR
AMR_subclass_IN_SST	ENSG00000085982	chr2	rs250979	0.044775638	AMR
AMR_subclass_IN_SST	ENSG00000085982	chr2	rs250971	0.034728029	AMR
AMR_subclass_IN_SST	ENSG00000085982	chr2	rs250958	0.009914196	AMR
AMR_subclass_IN_SST	ENSG00000085982	chr2	rs250938	0.043786853	AMR
AMR_subclass_IN_SST	ENSG00000085982	chr2	rs72982121	-0.061548081	AMR
AMR_subclass_IN_SST	ENSG00000085982	chr2	rs6717293	0.012291168	AMR
AMR_subclass_IN_SST	ENSG00000085982	chr2	rs6707182	0.047242749	AMR
AMR_subclass_IN_SST	ENSG00000085982	chr2	rs73119041	0.151259686	AMR
AMR_subclass_IN_SST	ENSG00000085982	chr2	rs6742394	0.007728609	AMR
AMR_subclass_IN_SST	ENSG00000085982	chr2	rs772783	-0.024073818	AMR
AMR_subclass_IN_SST	ENSG00000085982	chr2	rs35397286	-0.051529297	AMR
AMR_subclass_IN_SST	ENSG00000085982	chr2	rs73119047	0.151905853	AMR
AMR_subclass_IN_SST	ENSG00000085982	chr2	rs112389245	0.050078662	AMR
AMR_subclass_IN_SST	ENSG00000085982	chr2	rs140809028	-0.069692158	AMR
AMR_subclass_IN_SST	ENSG00000085982	chr2	rs78482399	-0.044594325	AMR
AMR_subclass_IN_SST	ENSG00000085982	chr2	rs57460640	0.122608116	AMR
AMR_subclass_IN_SST	ENSG00000086475	chr10	rs17567668	-0.1501742	AMR
AMR_subclass_IN_SST	ENSG00000086475	chr10	rs80342607	-0.154176	AMR
AMR_subclass_IN_SST	ENSG00000086475	chr10	rs72638760	0.02222297	AMR
AMR_subclass_IN_SST	ENSG00000086475	chr10	rs76987186	-0.05640015	AMR
AMR_subclass_IN_SST	ENSG00000086475	chr10	rs10795959	-0.02198342	AMR
AMR_subclass_IN_SST	ENSG00000086475	chr10	rs2815626	-0.06361178	AMR
AMR_subclass_IN_SST	ENSG00000086475	chr10	rs12355005	-0.001820322	AMR
AMR_subclass_IN_SST	ENSG00000086475	chr10	rs144483891	0.230899	AMR
AMR_subclass_IN_SST	ENSG00000086475	chr10	rs41454652	-0.06123695	AMR
AMR_subclass_IN_SST	ENSG00000086475	chr10	rs3781064	-0.1698328	AMR
AMR_subclass_IN_SST	ENSG00000086475	chr10	rs142280903	-0.003536729	AMR
AMR_subclass_IN_SST	ENSG00000086475	chr10	rs1866627	0.05244017	AMR
AMR_subclass_IN_SST	ENSG00000086475	chr10	rs2580921	0.05329122	AMR
AMR_subclass_IN_SST	ENSG00000086475	chr10	rs36109107	0.05387679	AMR
AMR_subclass_IN_SST	ENSG00000086475	chr10	rs535073	0.06051272	AMR
AMR_subclass_IN_SST	ENSG00000086475	chr10	rs111438500	-0.0123324	AMR
AMR_subclass_IN_SST	ENSG00000086475	chr10	rs35332254	0.02338895	AMR
AMR_subclass_IN_SST	ENSG00000086475	chr10	rs12570972	0.285065	AMR
AMR_subclass_IN_SST	ENSG00000086475	chr10	rs117344617	0.07134996	AMR
AMR_subclass_IN_SST	ENSG00000086475	chr10	rs78255424	-0.1509512	AMR
AMR_subclass_IN_SST	ENSG00000086475	chr10	rs10796095	0.05484492	AMR
AMR_subclass_IN_SST	ENSG00000086475	chr10	rs192521444	-0.04166476	AMR
AMR_subclass_IN_SST	ENSG00000086475	chr10	rs4748047	-0.003149088	AMR
AMR_subclass_IN_SST	ENSG00000086475	chr10	rs76184649	0.01435308	AMR
AMR_subclass_IN_SST	ENSG00000086475	chr10	rs77861426	0.01573482	AMR
AMR_subclass_IN_SST	ENSG00000086475	chr10	rs113625395	0.01486072	AMR
AMR_subclass_IN_SST	ENSG00000086475	chr10	rs72769527	0.03443749	AMR
AMR_subclass_IN_SST	ENSG00000086475	chr10	rs12268807	-0.01485359	AMR
AMR_subclass_IN_SST	ENSG00000086475	chr10	rs11594663	0.06906733	AMR
AMR_subclass_IN_SST	ENSG00000086475	chr10	rs11593273	0.07017195	AMR
AMR_subclass_IN_SST	ENSG00000086475	chr10	rs34941474	0.04820632	AMR
AMR_subclass_IN_SST	ENSG00000086475	chr10	rs10906476	-0.09423245	AMR
AMR_subclass_IN_SST	ENSG00000086475	chr10	rs10796126	-0.09389405	AMR
AMR_subclass_IN_SST	ENSG00000086475	chr10	rs1919455	-9.748843e-05	AMR
AMR_subclass_IN_SST	ENSG00000086475	chr10	rs7902437	-0.07075884	AMR
AMR_subclass_IN_SST	ENSG00000086475	chr10	rs12779769	-0.037653	AMR
AMR_subclass_IN_SST	ENSG00000086475	chr10	rs61833454	0.01441338	AMR
AMR_subclass_IN_SST	ENSG00000086475	chr10	rs11258707	0.02229904	AMR
AMR_subclass_IN_SST	ENSG00000086475	chr10	rs34138646	-0.0277329	AMR
AMR_subclass_IN_SST	ENSG00000086475	chr10	rs7075279	-0.04709523	AMR
AMR_subclass_IN_SST	ENSG00000086475	chr10	rs2610792	-0.01484447	AMR
AMR_subclass_IN_SST	ENSG00000086475	chr10	rs76798207	-0.1835477	AMR
AMR_subclass_IN_SST	ENSG00000086475	chr10	rs744444	-0.05007472	AMR
AMR_subclass_IN_SST	ENSG00000086475	chr10	rs11818265	-0.04768705	AMR
AMR_subclass_IN_SST	ENSG00000086475	chr10	rs2614146	-0.001140142	AMR
AMR_subclass_IN_SST	ENSG00000086475	chr10	rs78494975	0.2820529	AMR
AMR_subclass_IN_SST	ENSG00000086475	chr10	rs6602709	-0.05575415	AMR
AMR_subclass_IN_SST	ENSG00000086619	chr1	rs7417556	-0.023038837	AMR
AMR_subclass_IN_SST	ENSG00000086619	chr1	rs17566445	0.2548724	AMR
AMR_subclass_IN_SST	ENSG00000086619	chr1	rs112529745	-0.08822519	AMR
AMR_subclass_IN_SST	ENSG00000086619	chr1	rs113059896	-0.087023383	AMR
AMR_subclass_IN_SST	ENSG00000086619	chr1	rs34647600	-0.00723403	AMR
AMR_subclass_IN_SST	ENSG00000086619	chr1	rs34249406	-0.007821933	AMR
AMR_subclass_IN_SST	ENSG00000086619	chr1	rs12034700	-0.006439125	AMR
AMR_subclass_IN_SST	ENSG00000087299	chr14	rs12435094	0.0239071198	AMR
AMR_subclass_IN_SST	ENSG00000087299	chr14	rs77794261	0.0885316681	AMR
AMR_subclass_IN_SST	ENSG00000087299	chr14	rs8013339	0.0860563497	AMR
AMR_subclass_IN_SST	ENSG00000087299	chr14	rs8004516	0.0295974797	AMR
AMR_subclass_IN_SST	ENSG00000087299	chr14	rs112214370	-0.012868138	AMR
AMR_subclass_IN_SST	ENSG00000087299	chr14	rs57843266	-0.0089836375	AMR
AMR_subclass_IN_SST	ENSG00000087299	chr14	rs12892575	0.0144712567	AMR
AMR_subclass_IN_SST	ENSG00000087299	chr14	rs2355896	0.0238438145	AMR
AMR_subclass_IN_SST	ENSG00000087299	chr14	rs11629450	0.024134195	AMR
AMR_subclass_IN_SST	ENSG00000087299	chr14	rs4405472	0.0242638082	AMR
AMR_subclass_IN_SST	ENSG00000087299	chr14	rs2275592	0.0241746028	AMR
AMR_subclass_IN_SST	ENSG00000087299	chr14	rs2356243	0.0837935645	AMR
AMR_subclass_IN_SST	ENSG00000087299	chr14	rs17780143	-0.0011533401	AMR
AMR_subclass_IN_SST	ENSG00000087299	chr14	rs12050306	-0.0008855144	AMR
AMR_subclass_IN_SST	ENSG00000087299	chr14	rs139763750	-0.000426893	AMR
AMR_subclass_IN_SST	ENSG00000087299	chr14	rs11849062	0.0484245042	AMR
AMR_subclass_IN_SST	ENSG00000087299	chr14	rs34721499	0.1270887568	AMR
AMR_subclass_IN_SST	ENSG00000087299	chr14	rs17796541	-0.0633626745	AMR
AMR_subclass_IN_SST	ENSG00000087299	chr14	rs80292596	0.0108428596	AMR
AMR_subclass_IN_SST	ENSG00000087299	chr14	rs3007086	-0.0525457312	AMR
AMR_subclass_IN_SST	ENSG00000087299	chr14	rs2999376	-0.0530438136	AMR
AMR_subclass_IN_SST	ENSG00000087299	chr14	rs2999375	-0.052080895	AMR
AMR_subclass_IN_SST	ENSG00000087365	chr11	rs113974518	0.2856542	AMR
AMR_subclass_IN_SST	ENSG00000088035	chr1	rs79801475	-0.002474114	AMR
AMR_subclass_IN_SST	ENSG00000088035	chr1	rs74079331	-0.050703332	AMR
AMR_subclass_IN_SST	ENSG00000088035	chr1	rs74079332	-0.05321366	AMR
AMR_subclass_IN_SST	ENSG00000088035	chr1	rs74079333	-0.055260833	AMR
AMR_subclass_IN_SST	ENSG00000088035	chr1	rs79914701	-0.055233963	AMR
AMR_subclass_IN_SST	ENSG00000088035	chr1	rs13375969	-0.053333988	AMR
AMR_subclass_IN_SST	ENSG00000088035	chr1	rs74079343	-0.050490418	AMR
AMR_subclass_IN_SST	ENSG00000088035	chr1	rs2183374	-0.015840062	AMR
AMR_subclass_IN_SST	ENSG00000088035	chr1	rs12021818	-0.041591082	AMR
AMR_subclass_IN_SST	ENSG00000088035	chr1	rs35321849	-0.154033844	AMR
AMR_subclass_IN_SST	ENSG00000088035	chr1	rs12401870	0.048148126	AMR
AMR_subclass_IN_SST	ENSG00000088035	chr1	rs12407262	0.048089841	AMR
AMR_subclass_IN_SST	ENSG00000088035	chr1	rs7545044	0.138149282	AMR
AMR_subclass_IN_SST	ENSG00000088035	chr1	rs10789138	0.138237557	AMR
AMR_subclass_IN_SST	ENSG00000088035	chr1	rs6664140	0.138551809	AMR
AMR_subclass_IN_SST	ENSG00000088035	chr1	rs4630153	0.138565521	AMR
AMR_subclass_IN_SST	ENSG00000088035	chr1	rs2221797	0.075931511	AMR
AMR_subclass_IN_SST	ENSG00000088035	chr1	rs11208231	0.004449426	AMR
AMR_subclass_IN_SST	ENSG00000088035	chr1	rs3790860	0.077508418	AMR
AMR_subclass_IN_SST	ENSG00000088035	chr1	rs17125676	0.053770177	AMR
AMR_subclass_IN_SST	ENSG00000088035	chr1	rs74077463	0.017501677	AMR
AMR_subclass_IN_SST	ENSG00000088035	chr1	rs17358977	0.007102213	AMR
AMR_subclass_IN_SST	ENSG00000088035	chr1	rs72683082	0.005474888	AMR
AMR_subclass_IN_SST	ENSG00000089022	chr12	rs78564117	-0.01356761	AMR
AMR_subclass_IN_SST	ENSG00000089022	chr12	rs2239194	-0.1477052	AMR
AMR_subclass_IN_SST	ENSG00000089022	chr12	rs12582100	-0.08718321	AMR
AMR_subclass_IN_SST	ENSG00000089022	chr12	rs79271898	-0.08331355	AMR
AMR_subclass_IN_SST	ENSG00000089022	chr12	rs59036878	-0.01124985	AMR
AMR_subclass_IN_SST	ENSG00000089022	chr12	rs11066236	-0.28951664	AMR
AMR_subclass_IN_SST	ENSG00000089050	chr20	rs55810689	-0.088491605	AMR
AMR_subclass_IN_SST	ENSG00000089050	chr20	rs6105776	-0.028960333	AMR
AMR_subclass_IN_SST	ENSG00000089050	chr20	rs6111567	-0.028984945	AMR
AMR_subclass_IN_SST	ENSG00000089050	chr20	rs73258662	-0.04824856	AMR
AMR_subclass_IN_SST	ENSG00000089050	chr20	rs6034859	-0.036810681	AMR
AMR_subclass_IN_SST	ENSG00000089050	chr20	rs2236253	0.017987197	AMR
AMR_subclass_IN_SST	ENSG00000089050	chr20	rs2229888	-0.022649452	AMR
AMR_subclass_IN_SST	ENSG00000089050	chr20	rs78482297	-0.049430755	AMR
AMR_subclass_IN_SST	ENSG00000089050	chr20	rs3790323	-0.034923999	AMR
AMR_subclass_IN_SST	ENSG00000089050	chr20	rs371682	-0.040634247	AMR
AMR_subclass_IN_SST	ENSG00000089050	chr20	rs2618641	-0.049310262	AMR
AMR_subclass_IN_SST	ENSG00000089050	chr20	rs62205097	0.040668502	AMR
AMR_subclass_IN_SST	ENSG00000089050	chr20	rs35065569	0.578979776	AMR
AMR_subclass_IN_SST	ENSG00000089050	chr20	rs6045291	0.034737479	AMR
AMR_subclass_IN_SST	ENSG00000089050	chr20	rs2424126	0.035232669	AMR
AMR_subclass_IN_SST	ENSG00000089050	chr20	rs2424127	0.034517171	AMR
AMR_subclass_IN_SST	ENSG00000089050	chr20	rs6081147	0.169861411	AMR
AMR_subclass_IN_SST	ENSG00000089050	chr20	rs13043855	-0.002993201	AMR
AMR_subclass_IN_SST	ENSG00000089101	chr20	rs16981080	0.029082227	AMR
AMR_subclass_IN_SST	ENSG00000089101	chr20	rs16981081	0.027737856	AMR
AMR_subclass_IN_SST	ENSG00000089101	chr20	rs199558	0.025410655	AMR
AMR_subclass_IN_SST	ENSG00000089101	chr20	rs2073123	-0.056394333	AMR
AMR_subclass_IN_SST	ENSG00000089101	chr20	rs4813381	-0.025909202	AMR
AMR_subclass_IN_SST	ENSG00000089101	chr20	rs200181	0.086561503	AMR
AMR_subclass_IN_SST	ENSG00000089101	chr20	rs6046596	-0.089830891	AMR
AMR_subclass_IN_SST	ENSG00000089101	chr20	rs6081869	-0.009306234	AMR
AMR_subclass_IN_SST	ENSG00000089101	chr20	rs7265615	-0.162447352	AMR
AMR_subclass_IN_SST	ENSG00000089101	chr20	rs6035564	-0.058963186	AMR
AMR_subclass_IN_SST	ENSG00000089101	chr20	rs6046666	-0.002883002	AMR
AMR_subclass_IN_SST	ENSG00000089101	chr20	rs8118582	-0.001890725	AMR
AMR_subclass_IN_SST	ENSG00000089101	chr20	rs17307939	0.033776907	AMR
AMR_subclass_IN_SST	ENSG00000089101	chr20	rs12625290	0.034472474	AMR
AMR_subclass_IN_SST	ENSG00000089101	chr20	rs76036062	0.033689668	AMR
AMR_subclass_IN_SST	ENSG00000089101	chr20	rs73903331	0.032428018	AMR
AMR_subclass_IN_SST	ENSG00000090316	chr4	rs4076064	-0.117141086	AMR
AMR_subclass_IN_SST	ENSG00000090316	chr4	rs10452329	-0.00219307	AMR
AMR_subclass_IN_SST	ENSG00000090316	chr4	rs7376288	0.133735845	AMR
AMR_subclass_IN_SST	ENSG00000090316	chr4	rs7377200	0.133728717	AMR
AMR_subclass_IN_SST	ENSG00000090316	chr4	rs75067454	-0.005285609	AMR
AMR_subclass_IN_SST	ENSG00000090316	chr4	rs3736086	-0.005349458	AMR
AMR_subclass_IN_SST	ENSG00000090316	chr4	rs11731840	-0.003640483	AMR
AMR_subclass_IN_SST	ENSG00000090316	chr4	rs17781378	-0.027109803	AMR
AMR_subclass_IN_SST	ENSG00000090316	chr4	rs935965	-0.013967582	AMR
AMR_subclass_IN_SST	ENSG00000090316	chr4	rs79407053	0.056302848	AMR
AMR_subclass_IN_SST	ENSG00000090316	chr4	rs7656416	0.056267358	AMR
AMR_subclass_IN_SST	ENSG00000090316	chr4	rs10028809	0.038755307	AMR
AMR_subclass_IN_SST	ENSG00000091536	chr17	rs117337774	-0.025005131	AMR
AMR_subclass_IN_SST	ENSG00000091536	chr17	rs78279880	-0.021055352	AMR
AMR_subclass_IN_SST	ENSG00000091536	chr17	rs4985751	-0.044750009	AMR
AMR_subclass_IN_SST	ENSG00000091536	chr17	rs16961505	-0.044230262	AMR
AMR_subclass_IN_SST	ENSG00000091536	chr17	rs12941794	-0.034088115	AMR
AMR_subclass_IN_SST	ENSG00000091536	chr17	rs12450273	-0.034475052	AMR
AMR_subclass_IN_SST	ENSG00000091536	chr17	rs12452778	-0.03419324	AMR
AMR_subclass_IN_SST	ENSG00000091536	chr17	rs12450325	-0.033568816	AMR
AMR_subclass_IN_SST	ENSG00000091536	chr17	rs35530719	-0.032792683	AMR
AMR_subclass_IN_SST	ENSG00000091536	chr17	rs6502575	0.017240941	AMR
AMR_subclass_IN_SST	ENSG00000091536	chr17	rs6502597	-0.185248086	AMR
AMR_subclass_IN_SST	ENSG00000091536	chr17	rs186172656	-0.134021304	AMR
AMR_subclass_IN_SST	ENSG00000091536	chr17	rs8065154	0.006132503	AMR
AMR_subclass_IN_SST	ENSG00000091536	chr17	rs8075153	0.003798679	AMR
AMR_subclass_IN_SST	ENSG00000091536	chr17	rs9897309	0.00277748	AMR
AMR_subclass_IN_SST	ENSG00000091536	chr17	rs4925104	0.004833807	AMR
AMR_subclass_IN_SST	ENSG00000091536	chr17	rs9906532	0.00589837	AMR
AMR_subclass_IN_SST	ENSG00000091536	chr17	rs1108511	0.118028662	AMR
AMR_subclass_IN_SST	ENSG00000091536	chr17	rs854772	0.078663566	AMR
AMR_subclass_IN_SST	ENSG00000091536	chr17	rs712275	0.006307612	AMR
AMR_subclass_IN_SST	ENSG00000091536	chr17	rs2605135	-0.071285319	AMR
AMR_subclass_IN_SST	ENSG00000091536	chr17	rs9907277	-0.063523677	AMR
AMR_subclass_IN_SST	ENSG00000091536	chr17	rs9909732	-0.065226531	AMR
AMR_subclass_IN_SST	ENSG00000091536	chr17	rs12936769	0.045584392	AMR
AMR_subclass_IN_SST	ENSG00000091536	chr17	rs9897239	-0.064970168	AMR
AMR_subclass_IN_SST	ENSG00000091536	chr17	rs71367441	0.039185031	AMR
AMR_subclass_IN_SST	ENSG00000091536	chr17	rs9898548	-0.064041442	AMR
AMR_subclass_IN_SST	ENSG00000091536	chr17	rs9911649	-0.063271402	AMR
AMR_subclass_IN_SST	ENSG00000091536	chr17	rs4925174	-0.062638771	AMR
AMR_subclass_IN_SST	ENSG00000091536	chr17	rs9893653	-0.062035667	AMR
AMR_subclass_IN_SST	ENSG00000091536	chr17	rs9897954	-0.061383512	AMR
AMR_subclass_IN_SST	ENSG00000091536	chr17	rs111895841	-0.060638239	AMR
AMR_subclass_IN_SST	ENSG00000091536	chr17	rs79109824	-0.059792249	AMR
AMR_subclass_IN_SST	ENSG00000091536	chr17	rs28630807	-0.058870692	AMR
AMR_subclass_IN_SST	ENSG00000091536	chr17	rs2461838	0.139647751	AMR
AMR_subclass_IN_SST	ENSG00000091536	chr17	rs28597812	0.071215496	AMR
AMR_subclass_IN_SST	ENSG00000091536	chr17	rs10852852	0.011780795	AMR
AMR_subclass_IN_SST	ENSG00000091536	chr17	rs2469847	0.058163693	AMR
AMR_subclass_IN_SST	ENSG00000091536	chr17	rs77721749	0.143203235	AMR
AMR_subclass_IN_SST	ENSG00000091592	chr17	rs8078927	-0.2386317175	AMR
AMR_subclass_IN_SST	ENSG00000091592	chr17	rs11654460	0.0283475354	AMR
AMR_subclass_IN_SST	ENSG00000091592	chr17	rs78400833	0.0709796293	AMR
AMR_subclass_IN_SST	ENSG00000091592	chr17	rs9916524	-0.1141664862	AMR
AMR_subclass_IN_SST	ENSG00000091592	chr17	rs12150045	0.0006180666	AMR
AMR_subclass_IN_SST	ENSG00000091592	chr17	rs80284668	-0.0007660109	AMR
AMR_subclass_IN_SST	ENSG00000091592	chr17	rs73338093	-0.0275640902	AMR
AMR_subclass_IN_SST	ENSG00000091592	chr17	rs77493189	-0.0369781138	AMR
AMR_subclass_IN_SST	ENSG00000091592	chr17	rs28403893	-0.0140688088	AMR
AMR_subclass_IN_SST	ENSG00000091592	chr17	rs7211262	-0.0134355685	AMR
AMR_subclass_IN_SST	ENSG00000091592	chr17	rs73341268	-0.0137428878	AMR
AMR_subclass_IN_SST	ENSG00000091592	chr17	rs9899767	-0.0142318442	AMR
AMR_subclass_IN_SST	ENSG00000091592	chr17	rs8069658	-0.0146887238	AMR
AMR_subclass_IN_SST	ENSG00000091592	chr17	rs8069831	-0.0151236739	AMR
AMR_subclass_IN_SST	ENSG00000091592	chr17	rs8068672	-0.0155427702	AMR
AMR_subclass_IN_SST	ENSG00000091592	chr17	rs8073587	-0.0159142284	AMR
AMR_subclass_IN_SST	ENSG00000091592	chr17	rs8073594	-0.0161994108	AMR
AMR_subclass_IN_SST	ENSG00000091592	chr17	rs8073764	-0.0163787289	AMR
AMR_subclass_IN_SST	ENSG00000091592	chr17	rs57672697	-0.0164571553	AMR
AMR_subclass_IN_SST	ENSG00000091592	chr17	rs8079034	-0.0149520623	AMR
AMR_subclass_IN_SST	ENSG00000091592	chr17	rs62072729	-0.0538581822	AMR
AMR_subclass_IN_SST	ENSG00000091592	chr17	rs76983876	-0.1145904685	AMR
AMR_subclass_IN_SST	ENSG00000091592	chr17	rs34476632	-0.0724515289	AMR
AMR_subclass_IN_SST	ENSG00000091592	chr17	rs16955096	-0.1360960987	AMR
AMR_subclass_IN_SST	ENSG00000091592	chr17	rs16955115	-0.0452429689	AMR
AMR_subclass_IN_SST	ENSG00000091592	chr17	rs79763987	-0.0796587414	AMR
AMR_subclass_IN_SST	ENSG00000091592	chr17	rs68027336	0.0054941763	AMR
AMR_subclass_IN_SST	ENSG00000091592	chr17	rs66999587	-0.0042194414	AMR
AMR_subclass_IN_SST	ENSG00000091592	chr17	rs11871822	-0.0048740464	AMR
AMR_subclass_IN_SST	ENSG00000091592	chr17	rs8071721	-0.0050289347	AMR
AMR_subclass_IN_SST	ENSG00000091592	chr17	rs12936953	-0.0044115446	AMR
AMR_subclass_IN_SST	ENSG00000091592	chr17	rs117351276	-0.0495290878	AMR
AMR_subclass_IN_SST	ENSG00000091592	chr17	rs73975068	-0.1445993212	AMR
AMR_subclass_IN_SST	ENSG00000091592	chr17	rs16942699	-0.6685038331	AMR
AMR_subclass_IN_SST	ENSG00000091592	chr17	rs1567844	-0.1009545243	AMR
AMR_subclass_IN_SST	ENSG00000091592	chr17	rs12950260	-0.0475109262	AMR
AMR_subclass_IN_SST	ENSG00000091592	chr17	rs12950615	-0.0475643643	AMR
AMR_subclass_IN_SST	ENSG00000091592	chr17	rs35877278	-0.0024468804	AMR
AMR_subclass_IN_SST	ENSG00000091592	chr17	rs34172869	-0.0012911854	AMR
AMR_subclass_IN_SST	ENSG00000091592	chr17	rs75662989	-0.1168319087	AMR
AMR_subclass_IN_SST	ENSG00000092068	chr14	rs117720187	-0.09648186	AMR
AMR_subclass_IN_SST	ENSG00000092068	chr14	rs28716277	0.07601949	AMR
AMR_subclass_IN_SST	ENSG00000092068	chr14	rs28387059	0.17730496	AMR
AMR_subclass_IN_SST	ENSG00000092068	chr14	rs11849560	-0.06233154	AMR
AMR_subclass_IN_SST	ENSG00000092094	chr14	rs8014326	0.0135506736	AMR
AMR_subclass_IN_SST	ENSG00000092094	chr14	rs56122004	0.0350582014	AMR
AMR_subclass_IN_SST	ENSG00000092094	chr14	rs11850480	0.0650920354	AMR
AMR_subclass_IN_SST	ENSG00000092094	chr14	rs7142514	0.0645134256	AMR
AMR_subclass_IN_SST	ENSG00000092094	chr14	rs7157762	-0.0027155418	AMR
AMR_subclass_IN_SST	ENSG00000092094	chr14	rs12587722	-0.0146441765	AMR
AMR_subclass_IN_SST	ENSG00000092094	chr14	rs17211076	-0.0146369816	AMR
AMR_subclass_IN_SST	ENSG00000092094	chr14	rs11627640	-0.0151921917	AMR
AMR_subclass_IN_SST	ENSG00000092094	chr14	rs944398	0.0078716594	AMR
AMR_subclass_IN_SST	ENSG00000092094	chr14	rs9323534	-0.0567941705	AMR
AMR_subclass_IN_SST	ENSG00000092094	chr14	rs10140123	-0.0562920278	AMR
AMR_subclass_IN_SST	ENSG00000092094	chr14	rs2094841	-0.0375644063	AMR
AMR_subclass_IN_SST	ENSG00000092094	chr14	rs11850259	-0.0107665875	AMR
AMR_subclass_IN_SST	ENSG00000092094	chr14	rs11624263	-0.0147179266	AMR
AMR_subclass_IN_SST	ENSG00000092094	chr14	rs34284723	-0.0293599862	AMR
AMR_subclass_IN_SST	ENSG00000092094	chr14	rs150921479	-0.1893314019	AMR
AMR_subclass_IN_SST	ENSG00000092094	chr14	rs28436279	-0.0912222134	AMR
AMR_subclass_IN_SST	ENSG00000092094	chr14	rs28500547	-0.0475135449	AMR
AMR_subclass_IN_SST	ENSG00000092094	chr14	rs7150689	-0.007064972	AMR
AMR_subclass_IN_SST	ENSG00000092094	chr14	rs112507326	0.0004620509	AMR
AMR_subclass_IN_SST	ENSG00000092094	chr14	rs112782955	0.000117901	AMR
AMR_subclass_IN_SST	ENSG00000092094	chr14	rs8009540	0.0189541472	AMR
AMR_subclass_IN_SST	ENSG00000092094	chr14	rs8015748	0.078676817	AMR
AMR_subclass_IN_SST	ENSG00000092094	chr14	rs11160682	0.045762824	AMR
AMR_subclass_IN_SST	ENSG00000092094	chr14	rs938890	0.0242927409	AMR
AMR_subclass_IN_SST	ENSG00000092094	chr14	rs938889	0.0428310993	AMR
AMR_subclass_IN_SST	ENSG00000092094	chr14	rs17277375	0.0214732121	AMR
AMR_subclass_IN_SST	ENSG00000092094	chr14	rs11620915	0.0028700367	AMR
AMR_subclass_IN_SST	ENSG00000092094	chr14	rs938883	0.0524965747	AMR
AMR_subclass_IN_SST	ENSG00000092094	chr14	rs938882	0.0438636309	AMR
AMR_subclass_IN_SST	ENSG00000092094	chr14	rs999692	0.1068494182	AMR
AMR_subclass_IN_SST	ENSG00000092094	chr14	rs883037	0.0055459617	AMR
AMR_subclass_IN_SST	ENSG00000092094	chr14	rs8015086	0.0055058441	AMR
AMR_subclass_IN_SST	ENSG00000092094	chr14	rs3120072	0.0266544833	AMR
AMR_subclass_IN_SST	ENSG00000092094	chr14	rs3120071	0.0034721436	AMR
AMR_subclass_IN_SST	ENSG00000092094	chr14	rs17242662	0.0715366018	AMR
AMR_subclass_IN_SST	ENSG00000092094	chr14	rs10498268	0.0713940554	AMR
AMR_subclass_IN_SST	ENSG00000092094	chr14	rs72672763	0.0718485251	AMR
AMR_subclass_IN_SST	ENSG00000092094	chr14	rs72672764	0.0721471451	AMR
AMR_subclass_IN_SST	ENSG00000092094	chr14	rs71410231	-0.0615181897	AMR
AMR_subclass_IN_SST	ENSG00000092094	chr14	rs1243699	0.1061158975	AMR
AMR_subclass_IN_SST	ENSG00000092094	chr14	rs1243647	-0.0827338359	AMR
AMR_subclass_IN_SST	ENSG00000092094	chr14	rs35504231	0.0251375939	AMR
AMR_subclass_IN_SST	ENSG00000092094	chr14	rs7143622	0.0248898265	AMR
AMR_subclass_IN_SST	ENSG00000092094	chr14	rs1612501	-0.0267326375	AMR
AMR_subclass_IN_SST	ENSG00000092094	chr14	rs113701964	0.0744069913	AMR
AMR_subclass_IN_SST	ENSG00000092094	chr14	rs74034359	0.0134431676	AMR
AMR_subclass_IN_SST	ENSG00000092094	chr14	rs4981312	0.0801573937	AMR
AMR_subclass_IN_SST	ENSG00000092094	chr14	rs11541061	-0.0002961014	AMR
AMR_subclass_IN_SST	ENSG00000092094	chr14	rs7141655	0.008530883	AMR
AMR_subclass_IN_SST	ENSG00000092094	chr14	rs12588944	0.1147096748	AMR
AMR_subclass_IN_SST	ENSG00000092094	chr14	rs61976937	-0.1444320844	AMR
AMR_subclass_IN_SST	ENSG00000092094	chr14	rs117233354	-0.0199955573	AMR
AMR_subclass_IN_SST	ENSG00000092094	chr14	rs117712474	-0.3842863776	AMR
AMR_subclass_IN_SST	ENSG00000092094	chr14	rs12878080	0.0771011444	AMR
AMR_subclass_IN_SST	ENSG00000092094	chr14	rs61119481	0.0747034613	AMR
AMR_subclass_IN_SST	ENSG00000092094	chr14	rs74034667	0.0761997006	AMR
AMR_subclass_IN_SST	ENSG00000092094	chr14	rs2297718	-0.0122710891	AMR
AMR_subclass_IN_SST	ENSG00000092094	chr14	rs117662786	-0.1286117483	AMR
AMR_subclass_IN_SST	ENSG00000092094	chr14	rs55970531	-0.0629458851	AMR
AMR_subclass_IN_SST	ENSG00000092094	chr14	rs10498274	0.0282939659	AMR
AMR_subclass_IN_SST	ENSG00000092094	chr14	rs78200201	-0.1188306966	AMR
AMR_subclass_IN_SST	ENSG00000092094	chr14	rs8018832	-0.142416894	AMR
AMR_subclass_IN_SST	ENSG00000092094	chr14	rs76020750	0.0109366314	AMR
AMR_subclass_IN_SST	ENSG00000092108	chr14	rs151123	0.0527998978	AMR
AMR_subclass_IN_SST	ENSG00000092108	chr14	rs229150	0.0477913074	AMR
AMR_subclass_IN_SST	ENSG00000092108	chr14	rs229152	0.0547026959	AMR
AMR_subclass_IN_SST	ENSG00000092108	chr14	rs229154	0.0148931955	AMR
AMR_subclass_IN_SST	ENSG00000092108	chr14	rs179287	0.028540762	AMR
AMR_subclass_IN_SST	ENSG00000092108	chr14	rs229161	0.0141907484	AMR
AMR_subclass_IN_SST	ENSG00000092108	chr14	rs229162	0.0142159162	AMR
AMR_subclass_IN_SST	ENSG00000092108	chr14	rs229206	0.0140645629	AMR
AMR_subclass_IN_SST	ENSG00000092108	chr14	rs229209	0.0139001385	AMR
AMR_subclass_IN_SST	ENSG00000092108	chr14	rs229211	0.0137615492	AMR
AMR_subclass_IN_SST	ENSG00000092108	chr14	rs61976711	0.0136388197	AMR
AMR_subclass_IN_SST	ENSG00000092108	chr14	rs12888568	0.0016068304	AMR
AMR_subclass_IN_SST	ENSG00000092108	chr14	rs11622786	0.0007542309	AMR
AMR_subclass_IN_SST	ENSG00000092108	chr14	rs230353	0.0128936775	AMR
AMR_subclass_IN_SST	ENSG00000092108	chr14	rs230356	0.0130660641	AMR
AMR_subclass_IN_SST	ENSG00000092108	chr14	rs230366	0.0131369063	AMR
AMR_subclass_IN_SST	ENSG00000092108	chr14	rs11846420	0.0130970564	AMR
AMR_subclass_IN_SST	ENSG00000092108	chr14	rs7158351	0.0130038736	AMR
AMR_subclass_IN_SST	ENSG00000092108	chr14	rs2070339	0.0128918316	AMR
AMR_subclass_IN_SST	ENSG00000092108	chr14	rs9806111	0.0127744414	AMR
AMR_subclass_IN_SST	ENSG00000092108	chr14	rs4981767	0.0126556041	AMR
AMR_subclass_IN_SST	ENSG00000092108	chr14	rs7144204	0.012535745	AMR
AMR_subclass_IN_SST	ENSG00000092931	chr17	rs79354765	0.003967816	AMR
AMR_subclass_IN_SST	ENSG00000092931	chr17	rs6501840	0.002123244	AMR
AMR_subclass_IN_SST	ENSG00000092931	chr17	rs72858177	-0.054260888	AMR
AMR_subclass_IN_SST	ENSG00000092931	chr17	rs28709740	-0.01135508	AMR
AMR_subclass_IN_SST	ENSG00000092931	chr17	rs2898639	-0.100440469	AMR
AMR_subclass_IN_SST	ENSG00000092931	chr17	rs9901232	0.027142523	AMR
AMR_subclass_IN_SST	ENSG00000092931	chr17	rs11871706	-0.523059976	AMR
AMR_subclass_IN_SST	ENSG00000092969	chr1	rs140117120	0.05528933	AMR
AMR_subclass_IN_SST	ENSG00000092969	chr1	rs41274748	-0.04243124	AMR
AMR_subclass_IN_SST	ENSG00000092969	chr1	rs79115084	-0.0002823428	AMR
AMR_subclass_IN_SST	ENSG00000092969	chr1	rs12407277	-0.04792321	AMR
AMR_subclass_IN_SST	ENSG00000092969	chr1	rs11117906	-0.07050031	AMR
AMR_subclass_IN_SST	ENSG00000092969	chr1	rs61827798	-0.00751349	AMR
AMR_subclass_IN_SST	ENSG00000092969	chr1	rs12117245	-0.006434408	AMR
AMR_subclass_IN_SST	ENSG00000092969	chr1	rs61825779	-0.005660067	AMR
AMR_subclass_IN_SST	ENSG00000092969	chr1	rs12145169	-0.005483021	AMR
AMR_subclass_IN_SST	ENSG00000092969	chr1	rs61825781	-0.005696864	AMR
AMR_subclass_IN_SST	ENSG00000092969	chr1	rs12145537	-0.00603585	AMR
AMR_subclass_IN_SST	ENSG00000092969	chr1	rs6704496	-0.0003123488	AMR
AMR_subclass_IN_SST	ENSG00000092969	chr1	rs35437623	-0.001084058	AMR
AMR_subclass_IN_SST	ENSG00000092969	chr1	rs11585240	-0.001615095	AMR
AMR_subclass_IN_SST	ENSG00000092969	chr1	rs61825785	0.03520484	AMR
AMR_subclass_IN_SST	ENSG00000092969	chr1	rs12120516	-0.002033439	AMR
AMR_subclass_IN_SST	ENSG00000092969	chr1	rs12117870	-0.002197695	AMR
AMR_subclass_IN_SST	ENSG00000092969	chr1	rs12121856	-0.002349085	AMR
AMR_subclass_IN_SST	ENSG00000092969	chr1	rs6684774	-0.002464098	AMR
AMR_subclass_IN_SST	ENSG00000092969	chr1	rs6673623	-0.002547292	AMR
AMR_subclass_IN_SST	ENSG00000092969	chr1	rs6661564	-0.002599979	AMR
AMR_subclass_IN_SST	ENSG00000092969	chr1	rs6685209	-0.002617743	AMR
AMR_subclass_IN_SST	ENSG00000092969	chr1	rs61825786	0.03619783	AMR
AMR_subclass_IN_SST	ENSG00000092969	chr1	rs6674253	-0.002607067	AMR
AMR_subclass_IN_SST	ENSG00000092969	chr1	rs72728818	-0.002531029	AMR
AMR_subclass_IN_SST	ENSG00000092969	chr1	rs72728819	-0.002410478	AMR
AMR_subclass_IN_SST	ENSG00000092969	chr1	rs72728820	-0.002240623	AMR
AMR_subclass_IN_SST	ENSG00000092969	chr1	rs34011103	-0.002028875	AMR
AMR_subclass_IN_SST	ENSG00000092969	chr1	rs35044861	-0.001788261	AMR
AMR_subclass_IN_SST	ENSG00000092969	chr1	rs12129402	-0.001533935	AMR
AMR_subclass_IN_SST	ENSG00000092969	chr1	rs12121957	-0.001280681	AMR
AMR_subclass_IN_SST	ENSG00000092969	chr1	rs12122016	-0.001041181	AMR
AMR_subclass_IN_SST	ENSG00000092969	chr1	rs6690319	-0.0008249223	AMR
AMR_subclass_IN_SST	ENSG00000092969	chr1	rs7541152	0.1641063	AMR
AMR_subclass_IN_SST	ENSG00000092969	chr1	rs12130621	-0.0002213789	AMR
AMR_subclass_IN_SST	ENSG00000092969	chr1	rs142931276	0.03380601	AMR
AMR_subclass_IN_SST	ENSG00000092969	chr1	rs12131568	-0.0005511114	AMR
AMR_subclass_IN_SST	ENSG00000092969	chr1	rs12131606	-0.0004390055	AMR
AMR_subclass_IN_SST	ENSG00000092969	chr1	rs12124237	-0.0003246461	AMR
AMR_subclass_IN_SST	ENSG00000092969	chr1	rs61825789	0.03256563	AMR
AMR_subclass_IN_SST	ENSG00000092969	chr1	rs72728841	0.03151219	AMR
AMR_subclass_IN_SST	ENSG00000092969	chr1	rs61825790	0.03081757	AMR
AMR_subclass_IN_SST	ENSG00000092969	chr1	rs61825810	0.03024298	AMR
AMR_subclass_IN_SST	ENSG00000092969	chr1	rs61825812	0.02963856	AMR
AMR_subclass_IN_SST	ENSG00000092969	chr1	rs77432934	-0.165136	AMR
AMR_subclass_IN_SST	ENSG00000092969	chr1	rs80286176	-0.1640616	AMR
AMR_subclass_IN_SST	ENSG00000092969	chr1	rs72738830	0.02849189	AMR
AMR_subclass_IN_SST	ENSG00000092969	chr1	rs1890994	0.01442313	AMR
AMR_subclass_IN_SST	ENSG00000092969	chr1	rs150751768	-0.0004859363	AMR
AMR_subclass_IN_SST	ENSG00000092969	chr1	rs12039493	-0.001809105	AMR
AMR_subclass_IN_SST	ENSG00000092969	chr1	rs56398881	-0.001675305	AMR
AMR_subclass_IN_SST	ENSG00000092969	chr1	rs6690726	-0.001001327	AMR
AMR_subclass_IN_SST	ENSG00000092969	chr1	rs7536603	-0.0004704486	AMR
AMR_subclass_IN_SST	ENSG00000092969	chr1	rs11118114	-0.0001889358	AMR
AMR_subclass_IN_SST	ENSG00000092969	chr1	rs12563082	-6.785723e-05	AMR
AMR_subclass_IN_SST	ENSG00000092969	chr1	rs10429951	-2.240408e-05	AMR
AMR_subclass_IN_SST	ENSG00000092969	chr1	rs10429952	-6.924714e-06	AMR
AMR_subclass_IN_SST	ENSG00000092969	chr1	rs72738851	-2.02914e-06	AMR
AMR_subclass_IN_SST	ENSG00000092969	chr1	rs112756090	-5.688923e-07	AMR
AMR_subclass_IN_SST	ENSG00000092969	chr1	rs7553124	-1.536453e-07	AMR
AMR_subclass_IN_SST	ENSG00000092969	chr1	rs7553145	-4.018336e-08	AMR
AMR_subclass_IN_SST	ENSG00000092969	chr1	rs72738854	-1.021839e-08	AMR
AMR_subclass_IN_SST	ENSG00000092969	chr1	rs6675293	-2.534777e-09	AMR
AMR_subclass_IN_SST	ENSG00000092969	chr1	rs7532546	-6.14984e-10	AMR
AMR_subclass_IN_SST	ENSG00000092969	chr1	rs7532551	-1.462511e-10	AMR
AMR_subclass_IN_SST	ENSG00000092969	chr1	rs7545447	-3.415332e-11	AMR
AMR_subclass_IN_SST	ENSG00000092969	chr1	rs12026169	-7.843883e-12	AMR
AMR_subclass_IN_SST	ENSG00000092969	chr1	rs12040383	-1.774113e-12	AMR
AMR_subclass_IN_SST	ENSG00000092969	chr1	rs12048052	-3.956934e-13	AMR
AMR_subclass_IN_SST	ENSG00000092969	chr1	rs72738857	-8.718011e-14	AMR
AMR_subclass_IN_SST	ENSG00000092969	chr1	rs6604621	-1.900466e-14	AMR
AMR_subclass_IN_SST	ENSG00000092969	chr1	rs12022110	-4.137069e-15	AMR
AMR_subclass_IN_SST	ENSG00000092969	chr1	rs6604623	-6.895115e-16	AMR
AMR_subclass_IN_SST	ENSG00000092969	chr1	rs7516501	-8.618894e-17	AMR
AMR_subclass_IN_SST	ENSG00000092969	chr1	rs41313742	-0.01459502	AMR
AMR_subclass_IN_SST	ENSG00000092969	chr1	rs112793783	-0.02646851	AMR
AMR_subclass_IN_SST	ENSG00000092969	chr1	rs72742410	-0.01559843	AMR
AMR_subclass_IN_SST	ENSG00000092969	chr1	rs183444904	-0.1034676	AMR
AMR_subclass_IN_SST	ENSG00000092969	chr1	rs1481357	0.02107775	AMR
AMR_subclass_IN_SST	ENSG00000092969	chr1	rs7533804	-0.01511449	AMR
AMR_subclass_IN_SST	ENSG00000092969	chr1	rs17048364	-0.012695	AMR
AMR_subclass_IN_SST	ENSG00000092969	chr1	rs625558	0.1793415	AMR
AMR_subclass_IN_SST	ENSG00000092969	chr1	rs17049035	0.1407524	AMR
AMR_subclass_IN_SST	ENSG00000092969	chr1	rs73107177	-0.5093635	AMR
AMR_subclass_IN_SST	ENSG00000092969	chr1	rs184303734	-0.04994724	AMR
AMR_subclass_IN_SST	ENSG00000099624	chr19	rs2312724	0.08116409	AMR
AMR_subclass_IN_SST	ENSG00000099624	chr19	rs143162592	0.0009258626	AMR
AMR_subclass_IN_SST	ENSG00000099624	chr19	rs113167058	0.1110861	AMR
AMR_subclass_IN_SST	ENSG00000099624	chr19	rs112332352	0.03060794	AMR
AMR_subclass_IN_SST	ENSG00000099624	chr19	rs79859128	0.09504036	AMR
AMR_subclass_IN_SST	ENSG00000099624	chr19	rs35809223	0.0358992	AMR
AMR_subclass_IN_SST	ENSG00000099624	chr19	rs658603	-0.00209179	AMR
AMR_subclass_IN_SST	ENSG00000099624	chr19	rs73506561	-0.05708137	AMR
AMR_subclass_IN_SST	ENSG00000099624	chr19	rs688169	-0.06647891	AMR
AMR_subclass_IN_SST	ENSG00000099624	chr19	rs76143882	0.4303324	AMR
AMR_subclass_IN_SST	ENSG00000099624	chr19	rs8108297	-0.1517467	AMR
AMR_subclass_IN_SST	ENSG00000099624	chr19	rs2303812	0.1134245	AMR
AMR_subclass_IN_SST	ENSG00000099624	chr19	rs3943587	-0.08109005	AMR
AMR_subclass_IN_SST	ENSG00000099624	chr19	rs149062342	0.1590594	AMR
AMR_subclass_IN_SST	ENSG00000099624	chr19	rs73491709	0.008034624	AMR
AMR_subclass_IN_SST	ENSG00000099624	chr19	rs57329217	0.0008251503	AMR
AMR_subclass_IN_SST	ENSG00000099624	chr19	rs62102086	-0.2277477	AMR
AMR_subclass_IN_SST	ENSG00000099624	chr19	rs61735134	0.1408272	AMR
AMR_subclass_IN_SST	ENSG00000099624	chr19	rs75584193	-0.2910511	AMR
AMR_subclass_IN_SST	ENSG00000099624	chr19	rs115892843	0.04158838	AMR
AMR_subclass_IN_SST	ENSG00000099624	chr19	rs11666069	-0.09824323	AMR
AMR_subclass_IN_SST	ENSG00000099624	chr19	rs73505423	-0.1108852	AMR
AMR_subclass_IN_SST	ENSG00000099624	chr19	rs11085079	-0.02610449	AMR
AMR_subclass_IN_SST	ENSG00000099624	chr19	rs62132560	-0.03193577	AMR
AMR_subclass_IN_SST	ENSG00000099624	chr19	rs16990498	-0.2337362	AMR
AMR_subclass_IN_SST	ENSG00000099624	chr19	rs17841774	-0.02049218	AMR
AMR_subclass_IN_SST	ENSG00000099624	chr19	rs7247601	0.08022078	AMR
AMR_subclass_IN_SST	ENSG00000099624	chr19	rs12459759	0.0616212	AMR
AMR_subclass_IN_SST	ENSG00000099624	chr19	rs138062540	0.04980934	AMR
AMR_subclass_IN_SST	ENSG00000099624	chr19	rs12609751	-0.04633327	AMR
AMR_subclass_IN_SST	ENSG00000099624	chr19	rs4919812	-0.04350218	AMR
AMR_subclass_IN_SST	ENSG00000099624	chr19	rs57373049	0.03734303	AMR
AMR_subclass_IN_SST	ENSG00000099624	chr19	rs28580097	0.0457275	AMR
AMR_subclass_IN_SST	ENSG00000099624	chr19	rs144035257	0.01430688	AMR
AMR_subclass_IN_SST	ENSG00000099624	chr19	rs11572858	-0.01248059	AMR
AMR_subclass_IN_SST	ENSG00000099624	chr19	rs7249518	-0.004805126	AMR
AMR_subclass_IN_SST	ENSG00000099624	chr19	rs34538684	-0.03440569	AMR
AMR_subclass_IN_SST	ENSG00000099624	chr19	rs118044006	-0.1263335	AMR
AMR_subclass_IN_SST	ENSG00000099624	chr19	rs138248777	-0.03352487	AMR
AMR_subclass_IN_SST	ENSG00000099624	chr19	rs61622571	0.07970801	AMR
AMR_subclass_IN_SST	ENSG00000099624	chr19	rs8108922	-0.1754077	AMR
AMR_subclass_IN_SST	ENSG00000099624	chr19	rs62131272	-0.01306811	AMR
AMR_subclass_IN_SST	ENSG00000099624	chr19	rs75642361	0.09778209	AMR
AMR_subclass_IN_SST	ENSG00000099624	chr19	rs55927336	-0.05030787	AMR
AMR_subclass_IN_SST	ENSG00000099624	chr19	rs62131280	-0.02290481	AMR
AMR_subclass_IN_SST	ENSG00000099624	chr19	rs114029141	0.1345798	AMR
AMR_subclass_IN_SST	ENSG00000099624	chr19	rs113598205	-0.06137743	AMR
AMR_subclass_IN_SST	ENSG00000099624	chr19	rs59911142	0.001233312	AMR
AMR_subclass_IN_SST	ENSG00000099624	chr19	rs73508307	-0.05694199	AMR
AMR_subclass_IN_SST	ENSG00000099624	chr19	rs148711438	0.03265173	AMR
AMR_subclass_IN_SST	ENSG00000099624	chr19	rs17684039	0.05727033	AMR
AMR_subclass_IN_SST	ENSG00000099624	chr19	rs149747442	-0.03160739	AMR
AMR_subclass_IN_SST	ENSG00000099624	chr19	rs62131316	-0.07061176	AMR
AMR_subclass_IN_SST	ENSG00000099624	chr19	rs62131317	-0.06499401	AMR
AMR_subclass_IN_SST	ENSG00000099624	chr19	rs55721215	0.102133	AMR
AMR_subclass_IN_SST	ENSG00000099624	chr19	rs72980286	0.01188307	AMR
AMR_subclass_IN_SST	ENSG00000099624	chr19	rs11881383	0.0004601216	AMR
AMR_subclass_IN_SST	ENSG00000099624	chr19	rs145248989	-0.1888681	AMR
AMR_subclass_IN_SST	ENSG00000099624	chr19	rs62132266	0.04493843	AMR
AMR_subclass_IN_SST	ENSG00000099624	chr19	rs351111	0.1338177	AMR
AMR_subclass_IN_SST	ENSG00000099624	chr19	rs28468554	-0.003449754	AMR
AMR_subclass_IN_SST	ENSG00000099624	chr19	rs149993641	-0.8739251	AMR
AMR_subclass_IN_SST	ENSG00000099624	chr19	rs10407968	-0.09596665	AMR
AMR_subclass_IN_SST	ENSG00000099624	chr19	rs350144	0.000302691	AMR
AMR_subclass_IN_SST	ENSG00000099624	chr19	rs350145	0.02358427	AMR
AMR_subclass_IN_SST	ENSG00000099624	chr19	rs117718817	0.4250476	AMR
AMR_subclass_IN_SST	ENSG00000099624	chr19	rs10413618	-0.145123	AMR
AMR_subclass_IN_SST	ENSG00000099624	chr19	rs10403847	-0.03297956	AMR
AMR_subclass_IN_SST	ENSG00000099624	chr19	rs61732720	-0.01570958	AMR
AMR_subclass_IN_SST	ENSG00000099624	chr19	rs112699113	-0.0191011	AMR
AMR_subclass_IN_SST	ENSG00000099624	chr19	rs2240147	-0.01799315	AMR
AMR_subclass_IN_SST	ENSG00000099624	chr19	rs7245515	-0.0100392	AMR
AMR_subclass_IN_SST	ENSG00000099624	chr19	rs3177032	-0.01591419	AMR
AMR_subclass_IN_SST	ENSG00000099624	chr19	rs2240154	0.04149213	AMR
AMR_subclass_IN_SST	ENSG00000099624	chr19	rs11671828	0.02166476	AMR
AMR_subclass_IN_SST	ENSG00000099624	chr19	rs11670280	0.262929	AMR
AMR_subclass_IN_SST	ENSG00000099624	chr19	rs79458336	-0.1763948	AMR
AMR_subclass_IN_SST	ENSG00000099624	chr19	rs10413761	0.009202591	AMR
AMR_subclass_IN_SST	ENSG00000099624	chr19	rs2304262	0.01369961	AMR
AMR_subclass_IN_SST	ENSG00000099624	chr19	rs72618590	-0.2363677	AMR
AMR_subclass_IN_SST	ENSG00000099624	chr19	rs10419707	0.003172786	AMR
AMR_subclass_IN_SST	ENSG00000099624	chr19	rs1057874	0.04409986	AMR
AMR_subclass_IN_SST	ENSG00000099624	chr19	rs3752229	-0.02895174	AMR
AMR_subclass_IN_SST	ENSG00000099624	chr19	rs76348507	-0.004544299	AMR
AMR_subclass_IN_SST	ENSG00000099624	chr19	rs114782266	-0.1093401	AMR
AMR_subclass_IN_SST	ENSG00000099624	chr19	rs11084879	-0.01102502	AMR
AMR_subclass_IN_SST	ENSG00000099624	chr19	rs34721728	0.1756575	AMR
AMR_subclass_IN_SST	ENSG00000099624	chr19	rs75410576	-0.0002977133	AMR
AMR_subclass_IN_SST	ENSG00000099624	chr19	rs4072412	-0.05364493	AMR
AMR_subclass_IN_SST	ENSG00000099624	chr19	rs36153418	-0.01022507	AMR
AMR_subclass_IN_SST	ENSG00000099624	chr19	rs111467467	-0.06369033	AMR
AMR_subclass_IN_SST	ENSG00000099624	chr19	rs10426275	-0.2482755	AMR
AMR_subclass_IN_SST	ENSG00000099624	chr19	rs3795060	0.007834521	AMR
AMR_subclass_IN_SST	ENSG00000099624	chr19	rs2288948	0.0002366308	AMR
AMR_subclass_IN_SST	ENSG00000099624	chr19	rs3746103	0.07105735	AMR
AMR_subclass_IN_SST	ENSG00000099624	chr19	rs8109164	0.04182425	AMR
AMR_subclass_IN_SST	ENSG00000099624	chr19	rs12981523	-0.006513556	AMR
AMR_subclass_IN_SST	ENSG00000099624	chr19	rs12609567	-0.02464854	AMR
AMR_subclass_IN_SST	ENSG00000099624	chr19	rs58769677	-0.007149921	AMR
AMR_subclass_IN_SST	ENSG00000099624	chr19	rs8111242	0.04447186	AMR
AMR_subclass_IN_SST	ENSG00000099624	chr19	rs10405034	0.03802524	AMR
AMR_subclass_IN_SST	ENSG00000099624	chr19	rs7258669	0.03313355	AMR
AMR_subclass_IN_SST	ENSG00000099624	chr19	rs10424550	0.02869213	AMR
AMR_subclass_IN_SST	ENSG00000099624	chr19	rs150793594	-0.1738204	AMR
AMR_subclass_IN_SST	ENSG00000099624	chr19	rs139311080	-0.04697074	AMR
AMR_subclass_IN_SST	ENSG00000099624	chr19	rs10413884	0.002733453	AMR
AMR_subclass_IN_SST	ENSG00000099624	chr19	rs2332496	-0.04533111	AMR
AMR_subclass_IN_SST	ENSG00000099624	chr19	rs809359	-0.05371029	AMR
AMR_subclass_IN_SST	ENSG00000099624	chr19	rs73515052	-0.008404983	AMR
AMR_subclass_IN_SST	ENSG00000099624	chr19	rs80104934	0.08927865	AMR
AMR_subclass_IN_SST	ENSG00000099624	chr19	rs111564187	0.01772851	AMR
AMR_subclass_IN_SST	ENSG00000099624	chr19	rs78735375	0.09340018	AMR
AMR_subclass_IN_SST	ENSG00000099624	chr19	rs112208222	0.00849182	AMR
AMR_subclass_IN_SST	ENSG00000099624	chr19	rs265300	-0.01129867	AMR
AMR_subclass_IN_SST	ENSG00000099624	chr19	rs73516860	0.3869266	AMR
AMR_subclass_IN_SST	ENSG00000099624	chr19	rs113094765	0.381737	AMR
AMR_subclass_IN_SST	ENSG00000099624	chr19	rs35131251	-0.04626176	AMR
AMR_subclass_IN_SST	ENSG00000099624	chr19	rs2277750	-0.05838105	AMR
AMR_subclass_IN_SST	ENSG00000099624	chr19	rs2656855	-0.003570601	AMR
AMR_subclass_IN_SST	ENSG00000099624	chr19	rs72987538	-0.260466	AMR
AMR_subclass_IN_SST	ENSG00000099624	chr19	rs73919205	0.2059349	AMR
AMR_subclass_IN_SST	ENSG00000099624	chr19	rs10411643	0.1825402	AMR
AMR_subclass_IN_SST	ENSG00000099624	chr19	rs2256644	-0.1962434	AMR
AMR_subclass_IN_SST	ENSG00000099624	chr19	rs2256653	-0.01795853	AMR
AMR_subclass_IN_SST	ENSG00000099624	chr19	rs2656858	-0.01789143	AMR
AMR_subclass_IN_SST	ENSG00000099624	chr19	rs2668407	-5.210891e-05	AMR
AMR_subclass_IN_SST	ENSG00000099624	chr19	rs12610829	-0.1000009	AMR
AMR_subclass_IN_SST	ENSG00000099624	chr19	rs17604651	0.01284637	AMR
AMR_subclass_IN_SST	ENSG00000099624	chr19	rs79566256	0.0771911	AMR
AMR_subclass_IN_SST	ENSG00000099624	chr19	rs79546356	0.08678389	AMR
AMR_subclass_IN_SST	ENSG00000099624	chr19	rs117937248	-0.06647209	AMR
AMR_subclass_IN_SST	ENSG00000099624	chr19	rs72989730	-0.08918057	AMR
AMR_subclass_IN_SST	ENSG00000099624	chr19	rs57235298	0.06322556	AMR
AMR_subclass_IN_SST	ENSG00000099624	chr19	rs11666237	-0.03242639	AMR
AMR_subclass_IN_SST	ENSG00000099624	chr19	rs11666030	-0.0301208	AMR
AMR_subclass_IN_SST	ENSG00000099624	chr19	rs11672204	-0.02663954	AMR
AMR_subclass_IN_SST	ENSG00000099624	chr19	rs35285490	-0.03118161	AMR
AMR_subclass_IN_SST	ENSG00000099624	chr19	rs79502304	0.3203321	AMR
AMR_subclass_IN_SST	ENSG00000099624	chr19	rs7249302	-0.05389766	AMR
AMR_subclass_IN_SST	ENSG00000099624	chr19	rs3810417	0.04865823	AMR
AMR_subclass_IN_SST	ENSG00000099624	chr19	rs184436539	0.05625808	AMR
AMR_subclass_IN_SST	ENSG00000099624	chr19	rs76516017	0.0179577	AMR
AMR_subclass_IN_SST	ENSG00000099624	chr19	rs143396569	-0.1605837	AMR
AMR_subclass_IN_SST	ENSG00000099624	chr19	rs146298100	0.05889927	AMR
AMR_subclass_IN_SST	ENSG00000099624	chr19	rs56001608	0.03175018	AMR
AMR_subclass_IN_SST	ENSG00000099624	chr19	rs140425978	-0.009944882	AMR
AMR_subclass_IN_SST	ENSG00000099624	chr19	rs72979694	0.001242274	AMR
AMR_subclass_IN_SST	ENSG00000099624	chr19	rs62129535	0.0009990292	AMR
AMR_subclass_IN_SST	ENSG00000099624	chr19	rs3810412	0.2246306	AMR
AMR_subclass_IN_SST	ENSG00000099624	chr19	rs112790898	-0.03246434	AMR
AMR_subclass_IN_SST	ENSG00000099624	chr19	rs142894810	0.003070575	AMR
AMR_subclass_IN_SST	ENSG00000099624	chr19	rs2240128	0.3347726	AMR
AMR_subclass_IN_SST	ENSG00000099624	chr19	rs145111748	-0.06976445	AMR
AMR_subclass_IN_SST	ENSG00000099624	chr19	rs3746161	-0.07434049	AMR
AMR_subclass_IN_SST	ENSG00000099624	chr19	rs2301798	-0.07189727	AMR
AMR_subclass_IN_SST	ENSG00000099624	chr19	rs11548482	-0.06790257	AMR
AMR_subclass_IN_SST	ENSG00000099624	chr19	rs77585572	-0.06489214	AMR
AMR_subclass_IN_SST	ENSG00000099624	chr19	rs76064118	-0.06308718	AMR
AMR_subclass_IN_SST	ENSG00000099624	chr19	rs62119666	-0.09897135	AMR
AMR_subclass_IN_SST	ENSG00000099624	chr19	rs77682561	-0.01316922	AMR
AMR_subclass_IN_SST	ENSG00000099624	chr19	rs77245362	-0.005164453	AMR
AMR_subclass_IN_SST	ENSG00000099624	chr19	rs76440256	-0.06251677	AMR
AMR_subclass_IN_SST	ENSG00000099624	chr19	rs7249235	0.06226884	AMR
AMR_subclass_IN_SST	ENSG00000099797	chr19	rs73510724	0.0291881	AMR
AMR_subclass_IN_SST	ENSG00000099797	chr19	rs345630	0.2210082	AMR
AMR_subclass_IN_SST	ENSG00000099797	chr19	rs1531212	0.03119773	AMR
AMR_subclass_IN_SST	ENSG00000099797	chr19	rs7257637	0.0896992	AMR
AMR_subclass_IN_SST	ENSG00000099797	chr19	rs149471850	0.003660592	AMR
AMR_subclass_IN_SST	ENSG00000099797	chr19	rs113555290	0.001746802	AMR
AMR_subclass_IN_SST	ENSG00000099797	chr19	rs111994426	0.0005520316	AMR
AMR_subclass_IN_SST	ENSG00000099797	chr19	rs139703486	-0.1621236	AMR
AMR_subclass_IN_SST	ENSG00000099797	chr19	rs117473060	-0.1611789	AMR
AMR_subclass_IN_SST	ENSG00000099797	chr19	rs11667662	0.2209044	AMR
AMR_subclass_IN_SST	ENSG00000099797	chr19	rs8100763	0.003062672	AMR
AMR_subclass_IN_SST	ENSG00000099797	chr19	rs8108117	-0.07478914	AMR
AMR_subclass_IN_SST	ENSG00000099797	chr19	rs111999526	-0.06343248	AMR
AMR_subclass_IN_SST	ENSG00000099797	chr19	rs112913914	-0.2301851	AMR
AMR_subclass_IN_SST	ENSG00000099797	chr19	rs113368059	-0.06132203	AMR
AMR_subclass_IN_SST	ENSG00000099797	chr19	rs1860030	0.1512596	AMR
AMR_subclass_IN_SST	ENSG00000099797	chr19	rs116978227	-0.00334447	AMR
AMR_subclass_IN_SST	ENSG00000099797	chr19	rs7246306	-0.000186223	AMR
AMR_subclass_IN_SST	ENSG00000099797	chr19	rs73010185	-0.1068238	AMR
AMR_subclass_IN_SST	ENSG00000099797	chr19	rs16979982	-0.1053179	AMR
AMR_subclass_IN_SST	ENSG00000099797	chr19	rs73010191	-0.0004651181	AMR
AMR_subclass_IN_SST	ENSG00000099797	chr19	rs56085979	-6.250471e-05	AMR
AMR_subclass_IN_SST	ENSG00000099797	chr19	rs16979983	-8.399671e-06	AMR
AMR_subclass_IN_SST	ENSG00000099797	chr19	rs73011905	-0.001533872	AMR
AMR_subclass_IN_SST	ENSG00000099797	chr19	rs7247531	0.108196	AMR
AMR_subclass_IN_SST	ENSG00000099797	chr19	rs1007504	0.02498248	AMR
AMR_subclass_IN_SST	ENSG00000099797	chr19	rs7253812	0.03349668	AMR
AMR_subclass_IN_SST	ENSG00000099797	chr19	rs2097835	-0.04664042	AMR
AMR_subclass_IN_SST	ENSG00000099797	chr19	rs12976982	-0.02788739	AMR
AMR_subclass_IN_SST	ENSG00000099797	chr19	rs57698215	-0.2676921	AMR
AMR_subclass_IN_SST	ENSG00000099797	chr19	rs59544089	-0.005972911	AMR
AMR_subclass_IN_SST	ENSG00000099797	chr19	rs11670518	-0.01716324	AMR
AMR_subclass_IN_SST	ENSG00000099797	chr19	rs10419316	0.1314313	AMR
AMR_subclass_IN_SST	ENSG00000100029	chr22	rs77032875	-0.148657263	AMR
AMR_subclass_IN_SST	ENSG00000100029	chr22	rs2232903	-0.171093143	AMR
AMR_subclass_IN_SST	ENSG00000100029	chr22	rs79366718	-0.045584295	AMR
AMR_subclass_IN_SST	ENSG00000100029	chr22	rs7285169	-0.048490263	AMR
AMR_subclass_IN_SST	ENSG00000100029	chr22	rs17643918	0.009562422	AMR
AMR_subclass_IN_SST	ENSG00000100029	chr22	rs73162743	0.303209067	AMR
AMR_subclass_IN_SST	ENSG00000100029	chr22	rs12166755	-0.00340639	AMR
AMR_subclass_IN_SST	ENSG00000100029	chr22	rs5763634	-0.006682355	AMR
AMR_subclass_IN_SST	ENSG00000100029	chr22	rs41179	0.003719424	AMR
AMR_subclass_IN_SST	ENSG00000100029	chr22	rs9625914	-0.013026654	AMR
AMR_subclass_IN_SST	ENSG00000100029	chr22	rs113145198	-0.012052156	AMR
AMR_subclass_IN_SST	ENSG00000100029	chr22	rs79933398	-0.009464301	AMR
AMR_subclass_IN_SST	ENSG00000100029	chr22	rs5753015	0.019765862	AMR
AMR_subclass_IN_SST	ENSG00000100029	chr22	rs9625924	-0.006435783	AMR
AMR_subclass_IN_SST	ENSG00000100029	chr22	rs181299557	-0.267003155	AMR
AMR_subclass_IN_SST	ENSG00000100029	chr22	rs5763858	0.048161579	AMR
AMR_subclass_IN_SST	ENSG00000100029	chr22	rs10048885	0.1377132	AMR
AMR_subclass_IN_SST	ENSG00000100029	chr22	rs73404513	-0.075086667	AMR
AMR_subclass_IN_SST	ENSG00000100029	chr22	rs73404538	-0.09491062	AMR
AMR_subclass_IN_SST	ENSG00000100029	chr22	rs6518684	-0.254773067	AMR
AMR_subclass_IN_SST	ENSG00000100029	chr22	rs78278646	0.161827484	AMR
AMR_subclass_IN_SST	ENSG00000100029	chr22	rs9621017	-0.040372757	AMR
AMR_subclass_IN_SST	ENSG00000100029	chr22	rs2517986	0.321510059	AMR
AMR_subclass_IN_SST	ENSG00000100029	chr22	rs136326	0.354291865	AMR
AMR_subclass_IN_SST	ENSG00000100029	chr22	rs136241	0.11175301	AMR
AMR_subclass_IN_SST	ENSG00000100029	chr22	rs11913790	-0.001457684	AMR
AMR_subclass_IN_SST	ENSG00000100029	chr22	rs2301816	-0.012010045	AMR
AMR_subclass_IN_SST	ENSG00000100029	chr22	rs5749191	-0.115764413	AMR
AMR_subclass_IN_SST	ENSG00000100029	chr22	rs5753388	0.004183155	AMR
AMR_subclass_IN_SST	ENSG00000100029	chr22	rs9609156	0.036509207	AMR
AMR_subclass_IN_SST	ENSG00000100029	chr22	rs75922710	-0.113538413	AMR
AMR_subclass_IN_SST	ENSG00000100029	chr22	rs5753392	0.004411798	AMR
AMR_subclass_IN_SST	ENSG00000100029	chr22	rs41279973	-0.13683175	AMR
AMR_subclass_IN_SST	ENSG00000100029	chr22	rs5753403	0.641376339	AMR
AMR_subclass_IN_SST	ENSG00000100029	chr22	rs7291077	0.003517743	AMR
AMR_subclass_IN_SST	ENSG00000100029	chr22	rs2240182	0.002447399	AMR
AMR_subclass_IN_SST	ENSG00000100029	chr22	rs5753449	0.215811024	AMR
AMR_subclass_IN_SST	ENSG00000100029	chr22	rs150884776	0.071389247	AMR
AMR_subclass_IN_SST	ENSG00000100029	chr22	rs28412926	0.012825234	AMR
AMR_subclass_IN_SST	ENSG00000100029	chr22	rs28461534	0.012146106	AMR
AMR_subclass_IN_SST	ENSG00000100029	chr22	rs9619167	-0.088787357	AMR
AMR_subclass_IN_SST	ENSG00000100029	chr22	rs35657209	0.208119092	AMR
AMR_subclass_IN_SST	ENSG00000100029	chr22	rs7291682	-0.142350314	AMR
AMR_subclass_IN_SST	ENSG00000100029	chr22	rs3788428	-0.260338267	AMR
AMR_subclass_IN_SST	ENSG00000100029	chr22	rs192808410	0.14318204	AMR
AMR_subclass_IN_SST	ENSG00000100029	chr22	rs117047869	0.501150017	AMR
AMR_subclass_IN_SST	ENSG00000100029	chr22	rs150599196	0.139220165	AMR
AMR_subclass_IN_SST	ENSG00000100029	chr22	rs148611881	-0.009163517	AMR
AMR_subclass_IN_SST	ENSG00000100029	chr22	rs5998031	-0.313453748	AMR
AMR_subclass_IN_SST	ENSG00000100029	chr22	rs35047625	-0.007925638	AMR
AMR_subclass_IN_SST	ENSG00000100058	chr22	rs2330914	-0.0004024194	AMR
AMR_subclass_IN_SST	ENSG00000100058	chr22	rs9612740	-0.0542556159	AMR
AMR_subclass_IN_SST	ENSG00000100058	chr22	rs139670	-0.0483029425	AMR
AMR_subclass_IN_SST	ENSG00000100058	chr22	rs80155221	-0.0455981828	AMR
AMR_subclass_IN_SST	ENSG00000100058	chr22	rs9624834	-0.0594229883	AMR
AMR_subclass_IN_SST	ENSG00000100058	chr22	rs9624835	-0.0598515213	AMR
AMR_subclass_IN_SST	ENSG00000100058	chr22	rs6004658	-0.0600826512	AMR
AMR_subclass_IN_SST	ENSG00000100058	chr22	rs62231576	-0.0992677317	AMR
AMR_subclass_IN_SST	ENSG00000100058	chr22	rs6004663	-0.0600244622	AMR
AMR_subclass_IN_SST	ENSG00000100058	chr22	rs6004664	-0.0226952554	AMR
AMR_subclass_IN_SST	ENSG00000100058	chr22	rs760554	-0.0594251452	AMR
AMR_subclass_IN_SST	ENSG00000100058	chr22	rs189999372	-0.1009441917	AMR
AMR_subclass_IN_SST	ENSG00000100058	chr22	rs6004667	-0.0591784214	AMR
AMR_subclass_IN_SST	ENSG00000100058	chr22	rs6004668	-0.0588388171	AMR
AMR_subclass_IN_SST	ENSG00000100058	chr22	rs7285549	-0.0585939553	AMR
AMR_subclass_IN_SST	ENSG00000100058	chr22	rs5996945	-0.0584152789	AMR
AMR_subclass_IN_SST	ENSG00000100058	chr22	rs997872	-0.0582747477	AMR
AMR_subclass_IN_SST	ENSG00000100058	chr22	rs6004671	-0.0581474942	AMR
AMR_subclass_IN_SST	ENSG00000100058	chr22	rs6004673	-0.0580170224	AMR
AMR_subclass_IN_SST	ENSG00000100058	chr22	rs1930966	-0.0669611392	AMR
AMR_subclass_IN_SST	ENSG00000100058	chr22	rs192683487	-0.0981302377	AMR
AMR_subclass_IN_SST	ENSG00000100058	chr22	rs6004675	-0.0578621815	AMR
AMR_subclass_IN_SST	ENSG00000100058	chr22	rs117703045	-0.094309016	AMR
AMR_subclass_IN_SST	ENSG00000100058	chr22	rs133844	-0.0702273758	AMR
AMR_subclass_IN_SST	ENSG00000100058	chr22	rs9624901	0.0524774544	AMR
AMR_subclass_IN_SST	ENSG00000100058	chr22	rs9624902	0.0524711007	AMR
AMR_subclass_IN_SST	ENSG00000100058	chr22	rs5761205	-0.0374125907	AMR
AMR_subclass_IN_SST	ENSG00000100058	chr22	rs5761253	0.0310309603	AMR
AMR_subclass_IN_SST	ENSG00000100058	chr22	rs3859877	0.0125018611	AMR
AMR_subclass_IN_SST	ENSG00000100058	chr22	rs13056293	0.0112677913	AMR
AMR_subclass_IN_SST	ENSG00000100058	chr22	rs9624913	0.0047131338	AMR
AMR_subclass_IN_SST	ENSG00000100058	chr22	rs6004788	0.0103394574	AMR
AMR_subclass_IN_SST	ENSG00000100058	chr22	rs4820659	-0.017475835	AMR
AMR_subclass_IN_SST	ENSG00000100058	chr22	rs12157749	-0.200829592	AMR
AMR_subclass_IN_SST	ENSG00000100058	chr22	rs695809	-0.0072097895	AMR
AMR_subclass_IN_SST	ENSG00000100058	chr22	rs5752271	-0.0489153394	AMR
AMR_subclass_IN_SST	ENSG00000100225	chr22	rs12167583	-0.009642153	AMR
AMR_subclass_IN_SST	ENSG00000100225	chr22	rs5998188	-0.1023675	AMR
AMR_subclass_IN_SST	ENSG00000100225	chr22	rs5998189	-0.103771	AMR
AMR_subclass_IN_SST	ENSG00000100225	chr22	rs136410	0.009453668	AMR
AMR_subclass_IN_SST	ENSG00000100225	chr22	rs136413	0.009544381	AMR
AMR_subclass_IN_SST	ENSG00000100225	chr22	rs136416	0.04697264	AMR
AMR_subclass_IN_SST	ENSG00000100225	chr22	rs136422	0.009331101	AMR
AMR_subclass_IN_SST	ENSG00000100225	chr22	rs55958091	0.1166435	AMR
AMR_subclass_IN_SST	ENSG00000100225	chr22	rs73166312	-0.4347051	AMR
AMR_subclass_IN_SST	ENSG00000100225	chr22	rs5754092	0.002082285	AMR
AMR_subclass_IN_SST	ENSG00000100225	chr22	rs5754093	0.001607865	AMR
AMR_subclass_IN_SST	ENSG00000100225	chr22	rs5754094	0.0007852966	AMR
AMR_subclass_IN_SST	ENSG00000100225	chr22	rs7354804	0.03430374	AMR
AMR_subclass_IN_SST	ENSG00000100225	chr22	rs2267178	0.03517098	AMR
AMR_subclass_IN_SST	ENSG00000100225	chr22	rs2267179	0.03600828	AMR
AMR_subclass_IN_SST	ENSG00000100225	chr22	rs738981	0.03620464	AMR
AMR_subclass_IN_SST	ENSG00000100225	chr22	rs738982	0.02347631	AMR
AMR_subclass_IN_SST	ENSG00000100225	chr22	rs17772071	0.03531925	AMR
AMR_subclass_IN_SST	ENSG00000100225	chr22	rs1029298	0.03496399	AMR
AMR_subclass_IN_SST	ENSG00000100225	chr22	rs1029301	0.03436084	AMR
AMR_subclass_IN_SST	ENSG00000100225	chr22	rs2285089	0.01109038	AMR
AMR_subclass_IN_SST	ENSG00000100225	chr22	rs3788466	-0.003944228	AMR
AMR_subclass_IN_SST	ENSG00000100225	chr22	rs57835387	-0.002744022	AMR
AMR_subclass_IN_SST	ENSG00000100225	chr22	rs9619285	2.840898e-05	AMR
AMR_subclass_IN_SST	ENSG00000100225	chr22	rs11912942	0.03231652	AMR
AMR_subclass_IN_SST	ENSG00000100225	chr22	rs5998968	0.03149912	AMR
AMR_subclass_IN_SST	ENSG00000100479	chr14	rs62010034	-0.3395452	AMR
AMR_subclass_IN_SST	ENSG00000100479	chr14	rs144242861	-0.0001184811	AMR
AMR_subclass_IN_SST	ENSG00000100479	chr14	rs117189402	-7.449876e-06	AMR
AMR_subclass_IN_SST	ENSG00000100479	chr14	rs17120504	0.02785366	AMR
AMR_subclass_IN_SST	ENSG00000100479	chr14	rs67346805	-0.02477227	AMR
AMR_subclass_IN_SST	ENSG00000100479	chr14	rs66681246	-0.02391763	AMR
AMR_subclass_IN_SST	ENSG00000100479	chr14	rs2585377	0.03730134	AMR
AMR_subclass_IN_SST	ENSG00000100479	chr14	rs2585373	0.004900088	AMR
AMR_subclass_IN_SST	ENSG00000100479	chr14	rs72688126	0.04046226	AMR
AMR_subclass_IN_SST	ENSG00000100479	chr14	rs144455085	0.2390746	AMR
AMR_subclass_IN_SST	ENSG00000100479	chr14	rs74050818	0.08577596	AMR
AMR_subclass_IN_SST	ENSG00000100479	chr14	rs74050820	0.08715937	AMR
AMR_subclass_IN_SST	ENSG00000100479	chr14	rs12880123	0.0030245	AMR
AMR_subclass_IN_SST	ENSG00000100479	chr14	rs7158200	-0.104284	AMR
AMR_subclass_IN_SST	ENSG00000100479	chr14	rs79548188	-0.1588407	AMR
AMR_subclass_IN_SST	ENSG00000100479	chr14	rs11845731	0.001843398	AMR
AMR_subclass_IN_SST	ENSG00000100479	chr14	rs8008083	0.003020402	AMR
AMR_subclass_IN_SST	ENSG00000100479	chr14	rs8008245	0.003745178	AMR
AMR_subclass_IN_SST	ENSG00000100479	chr14	rs2352918	-0.003159404	AMR
AMR_subclass_IN_SST	ENSG00000100479	chr14	rs2001558	0.003434219	AMR
AMR_subclass_IN_SST	ENSG00000100479	chr14	rs17120849	0.08450405	AMR
AMR_subclass_IN_SST	ENSG00000100479	chr14	rs12589324	0.01550732	AMR
AMR_subclass_IN_SST	ENSG00000100479	chr14	rs78923774	0.01622061	AMR
AMR_subclass_IN_SST	ENSG00000100479	chr14	rs79032325	0.01721967	AMR
AMR_subclass_IN_SST	ENSG00000100479	chr14	rs7161399	0.01780973	AMR
AMR_subclass_IN_SST	ENSG00000100479	chr14	rs76928064	0.0177138	AMR
AMR_subclass_IN_SST	ENSG00000100479	chr14	rs76538099	0.01680603	AMR
AMR_subclass_IN_SST	ENSG00000100479	chr14	rs12586769	0.01517104	AMR
AMR_subclass_IN_SST	ENSG00000100479	chr14	rs78113488	-0.04679311	AMR
AMR_subclass_IN_SST	ENSG00000100479	chr14	rs76213122	-0.05191538	AMR
AMR_subclass_IN_SST	ENSG00000100479	chr14	rs187570481	-0.3559606	AMR
AMR_subclass_IN_SST	ENSG00000100479	chr14	rs12879285	0.01836171	AMR
AMR_subclass_IN_SST	ENSG00000100479	chr14	rs17120931	-0.2169309	AMR
AMR_subclass_IN_SST	ENSG00000100479	chr14	rs139772386	-0.2132653	AMR
AMR_subclass_IN_SST	ENSG00000100479	chr14	rs35997537	0.01661891	AMR
AMR_subclass_IN_SST	ENSG00000100479	chr14	rs35728881	0.01601189	AMR
AMR_subclass_IN_SST	ENSG00000100479	chr14	rs3121062	-0.2062941	AMR
AMR_subclass_IN_SST	ENSG00000100479	chr14	rs2790578	-0.04082526	AMR
AMR_subclass_IN_SST	ENSG00000100479	chr14	rs2816799	-0.2271153	AMR
AMR_subclass_IN_SST	ENSG00000100479	chr14	rs17121120	-0.01036946	AMR
AMR_subclass_IN_SST	ENSG00000100479	chr14	rs2816806	-0.1249159	AMR
AMR_subclass_IN_SST	ENSG00000100479	chr14	rs2790584	-0.0410329	AMR
AMR_subclass_IN_SST	ENSG00000100479	chr14	rs117749934	-0.3623025	AMR
AMR_subclass_IN_SST	ENSG00000100479	chr14	rs74045913	0.2803275	AMR
AMR_subclass_IN_SST	ENSG00000100479	chr14	rs34372988	-0.0590804	AMR
AMR_subclass_IN_SST	ENSG00000100479	chr14	rs17121460	-0.003986487	AMR
AMR_subclass_IN_SST	ENSG00000100479	chr14	rs11624993	-0.1776922	AMR
AMR_subclass_IN_SST	ENSG00000100479	chr14	rs117265578	-0.6367544	AMR
AMR_subclass_IN_SST	ENSG00000100479	chr14	rs7141892	-0.004598418	AMR
AMR_subclass_IN_SST	ENSG00000100479	chr14	rs12436454	-0.003595566	AMR
AMR_subclass_IN_SST	ENSG00000100479	chr14	rs17121543	-0.03339892	AMR
AMR_subclass_IN_SST	ENSG00000100479	chr14	rs34216408	-0.03363255	AMR
AMR_subclass_IN_SST	ENSG00000100479	chr14	rs12889068	-0.3246486	AMR
AMR_subclass_IN_SST	ENSG00000100479	chr14	rs57119148	-0.02625181	AMR
AMR_subclass_IN_SST	ENSG00000100479	chr14	rs2985685	-0.04174861	AMR
AMR_subclass_IN_SST	ENSG00000100479	chr14	rs55782144	-0.04146228	AMR
AMR_subclass_IN_SST	ENSG00000100479	chr14	rs12879350	-0.03985099	AMR
AMR_subclass_IN_SST	ENSG00000100479	chr14	rs3007033	-0.0382955	AMR
AMR_subclass_IN_SST	ENSG00000100479	chr14	rs56098064	-0.01263627	AMR
AMR_subclass_IN_SST	ENSG00000100479	chr14	rs17121661	-0.07992656	AMR
AMR_subclass_IN_SST	ENSG00000100479	chr14	rs8003436	-0.0004294379	AMR
AMR_subclass_IN_SST	ENSG00000100479	chr14	rs71420150	-0.04139361	AMR
AMR_subclass_IN_SST	ENSG00000100479	chr14	rs75592865	-0.01388961	AMR
AMR_subclass_IN_SST	ENSG00000100479	chr14	rs75612400	-0.005856648	AMR
AMR_subclass_IN_SST	ENSG00000100479	chr14	rs118050805	-0.3436117	AMR
AMR_subclass_IN_SST	ENSG00000100479	chr14	rs4900963	-0.02863303	AMR
AMR_subclass_IN_SST	ENSG00000100479	chr14	rs73275455	0.1346193	AMR
AMR_subclass_IN_SST	ENSG00000100479	chr14	rs186432528	0.32945	AMR
AMR_subclass_IN_SST	ENSG00000100479	chr14	rs140966209	-0.0401588	AMR
AMR_subclass_IN_SST	ENSG00000100479	chr14	rs11624606	-0.05592356	AMR
AMR_subclass_IN_SST	ENSG00000100479	chr14	rs138110491	0.06358385	AMR
AMR_subclass_IN_SST	ENSG00000100479	chr14	rs145129745	0.328455	AMR
AMR_subclass_IN_SST	ENSG00000100479	chr14	rs11622477	-0.0877072	AMR
AMR_subclass_IN_SST	ENSG00000100479	chr14	rs10131892	0.04217569	AMR
AMR_subclass_IN_SST	ENSG00000100479	chr14	rs72680083	0.01256733	AMR
AMR_subclass_IN_SST	ENSG00000100479	chr14	rs12588061	0.09986835	AMR
AMR_subclass_IN_SST	ENSG00000100479	chr14	rs187111965	-0.02701735	AMR
AMR_subclass_IN_SST	ENSG00000100479	chr14	rs183715857	-0.02666994	AMR
AMR_subclass_IN_SST	ENSG00000100479	chr14	rs8005934	-0.02693468	AMR
AMR_subclass_IN_SST	ENSG00000100479	chr14	rs80325445	0.04369459	AMR
AMR_subclass_IN_SST	ENSG00000100479	chr14	rs141938219	-0.02714004	AMR
AMR_subclass_IN_SST	ENSG00000100479	chr14	rs117249640	-0.02718951	AMR
AMR_subclass_IN_SST	ENSG00000100479	chr14	rs12434461	0.1758534	AMR
AMR_subclass_IN_SST	ENSG00000100479	chr14	rs2015870	0.06544328	AMR
AMR_subclass_IN_SST	ENSG00000100479	chr14	rs61984264	-0.003876294	AMR
AMR_subclass_IN_SST	ENSG00000100479	chr14	rs61984269	-0.002186633	AMR
AMR_subclass_IN_SST	ENSG00000100479	chr14	rs8003949	-0.03854181	AMR
AMR_subclass_IN_SST	ENSG00000100479	chr14	rs8010831	-0.02822535	AMR
AMR_subclass_IN_SST	ENSG00000100479	chr14	rs76141908	-0.2158521	AMR
AMR_subclass_IN_SST	ENSG00000100479	chr14	rs2012893	-0.00116493	AMR
AMR_subclass_IN_SST	ENSG00000100479	chr14	rs34720818	-0.02230836	AMR
AMR_subclass_IN_SST	ENSG00000100479	chr14	rs6572681	-0.003058352	AMR
AMR_subclass_IN_SST	ENSG00000100479	chr14	rs10873037	-0.005190999	AMR
AMR_subclass_IN_SST	ENSG00000100479	chr14	rs11555207	-0.09510786	AMR
AMR_subclass_IN_SST	ENSG00000100479	chr14	rs2934666	-0.06938059	AMR
AMR_subclass_IN_SST	ENSG00000100568	chr14	rs7150227	-0.0047624809	AMR
AMR_subclass_IN_SST	ENSG00000100568	chr14	rs73287803	0.2595404312	AMR
AMR_subclass_IN_SST	ENSG00000100568	chr14	rs3759754	-0.0073445784	AMR
AMR_subclass_IN_SST	ENSG00000100568	chr14	rs74057259	-0.0073202821	AMR
AMR_subclass_IN_SST	ENSG00000100568	chr14	rs76400584	-0.0066455725	AMR
AMR_subclass_IN_SST	ENSG00000100568	chr14	rs74057270	-0.0062086603	AMR
AMR_subclass_IN_SST	ENSG00000100568	chr14	rs57791782	-0.00609218	AMR
AMR_subclass_IN_SST	ENSG00000100568	chr14	rs28463655	-0.0061513027	AMR
AMR_subclass_IN_SST	ENSG00000100568	chr14	rs74057844	-0.0062522848	AMR
AMR_subclass_IN_SST	ENSG00000100568	chr14	rs1957296	-0.0063162949	AMR
AMR_subclass_IN_SST	ENSG00000100568	chr14	rs57598468	-0.0063033045	AMR
AMR_subclass_IN_SST	ENSG00000100568	chr14	rs28436247	-0.0061924273	AMR
AMR_subclass_IN_SST	ENSG00000100568	chr14	rs28790342	-0.0059719657	AMR
AMR_subclass_IN_SST	ENSG00000100568	chr14	rs12323823	-0.0056375365	AMR
AMR_subclass_IN_SST	ENSG00000100568	chr14	rs74056533	-0.0051940107	AMR
AMR_subclass_IN_SST	ENSG00000100568	chr14	rs74056540	-0.004657566	AMR
AMR_subclass_IN_SST	ENSG00000100568	chr14	rs74056542	-0.0040554416	AMR
AMR_subclass_IN_SST	ENSG00000100568	chr14	rs117389757	0.003310793	AMR
AMR_subclass_IN_SST	ENSG00000100568	chr14	rs72715344	0.0059732828	AMR
AMR_subclass_IN_SST	ENSG00000100568	chr14	rs10130606	-0.0034297273	AMR
AMR_subclass_IN_SST	ENSG00000100568	chr14	rs72717351	0.012388194	AMR
AMR_subclass_IN_SST	ENSG00000100568	chr14	rs72717353	0.016218961	AMR
AMR_subclass_IN_SST	ENSG00000100568	chr14	rs144702629	0.0145732489	AMR
AMR_subclass_IN_SST	ENSG00000100568	chr14	rs145511439	0.0107317739	AMR
AMR_subclass_IN_SST	ENSG00000100568	chr14	rs72717356	0.0068499641	AMR
AMR_subclass_IN_SST	ENSG00000100568	chr14	rs72717361	0.0038840923	AMR
AMR_subclass_IN_SST	ENSG00000100568	chr14	rs72717363	0.0019859721	AMR
AMR_subclass_IN_SST	ENSG00000100568	chr14	rs72717368	0.0009261503	AMR
AMR_subclass_IN_SST	ENSG00000100568	chr14	rs72717369	0.0003976887	AMR
AMR_subclass_IN_SST	ENSG00000100568	chr14	rs13595	0.229658418	AMR
AMR_subclass_IN_SST	ENSG00000100568	chr14	rs117395222	-0.1045861118	AMR
AMR_subclass_IN_SST	ENSG00000100568	chr14	rs17782021	0.0903256002	AMR
AMR_subclass_IN_SST	ENSG00000100568	chr14	rs4902471	0.1344685067	AMR
AMR_subclass_IN_SST	ENSG00000100568	chr14	rs138958540	-0.0415215393	AMR
AMR_subclass_IN_SST	ENSG00000100568	chr14	rs4902475	-0.0419343772	AMR
AMR_subclass_IN_SST	ENSG00000100568	chr14	rs750488	-0.0402942767	AMR
AMR_subclass_IN_SST	ENSG00000100568	chr14	rs7157924	-0.1935329108	AMR
AMR_subclass_IN_SST	ENSG00000100568	chr14	rs61988220	-0.1417636956	AMR
AMR_subclass_IN_SST	ENSG00000100568	chr14	rs12433356	0.001772807	AMR
AMR_subclass_IN_SST	ENSG00000100568	chr14	rs12436622	0.1361022633	AMR
AMR_subclass_IN_SST	ENSG00000100568	chr14	rs78065332	-0.1179175232	AMR
AMR_subclass_IN_SST	ENSG00000100568	chr14	rs4899209	0.1617239641	AMR
AMR_subclass_IN_SST	ENSG00000100568	chr14	rs4902491	0.2453311294	AMR
AMR_subclass_IN_SST	ENSG00000100568	chr14	rs2038491	0.0048886185	AMR
AMR_subclass_IN_SST	ENSG00000100568	chr14	rs75664871	-0.0554204997	AMR
AMR_subclass_IN_SST	ENSG00000100568	chr14	rs10146242	-0.05643056	AMR
AMR_subclass_IN_SST	ENSG00000100568	chr14	rs7359109	-0.0574842752	AMR
AMR_subclass_IN_SST	ENSG00000100568	chr14	rs10139064	-0.0575841945	AMR
AMR_subclass_IN_SST	ENSG00000100568	chr14	rs2234512	-0.0573164339	AMR
AMR_subclass_IN_SST	ENSG00000100568	chr14	rs7765	-0.0569990462	AMR
AMR_subclass_IN_SST	ENSG00000100568	chr14	rs78495362	-0.056603046	AMR
AMR_subclass_IN_SST	ENSG00000100568	chr14	rs150176761	0.2251590957	AMR
AMR_subclass_IN_SST	ENSG00000100568	chr14	rs117192202	-0.3927207536	AMR
AMR_subclass_IN_SST	ENSG00000100568	chr14	rs117393725	0.2038545121	AMR
AMR_subclass_IN_SST	ENSG00000100568	chr14	rs17105463	-0.1162833373	AMR
AMR_subclass_IN_SST	ENSG00000100568	chr14	rs17105469	-0.1158349858	AMR
AMR_subclass_IN_SST	ENSG00000100568	chr14	rs10132981	0.0608149473	AMR
AMR_subclass_IN_SST	ENSG00000100568	chr14	rs117270202	-0.1418215076	AMR
AMR_subclass_IN_SST	ENSG00000100568	chr14	rs10149278	-0.0021542766	AMR
AMR_subclass_IN_SST	ENSG00000100568	chr14	rs17105664	-0.0029140649	AMR
AMR_subclass_IN_SST	ENSG00000100568	chr14	rs4902595	-0.0028965369	AMR
AMR_subclass_IN_SST	ENSG00000100568	chr14	rs11626015	-0.0008799176	AMR
AMR_subclass_IN_SST	ENSG00000100568	chr14	rs3784127	-0.0004005121	AMR
AMR_subclass_IN_SST	ENSG00000100568	chr14	rs73285876	0.3933642886	AMR
AMR_subclass_IN_SST	ENSG00000100568	chr14	rs10147236	0.0252084301	AMR
AMR_subclass_IN_SST	ENSG00000100568	chr14	rs73285897	0.0249857852	AMR
AMR_subclass_IN_SST	ENSG00000100568	chr14	rs10483816	0.0229835285	AMR
AMR_subclass_IN_SST	ENSG00000100568	chr14	rs11846143	-0.017114496	AMR
AMR_subclass_IN_SST	ENSG00000100568	chr14	rs2145151	-0.2455583922	AMR
AMR_subclass_IN_SST	ENSG00000100568	chr14	rs11623966	-0.0780422885	AMR
AMR_subclass_IN_SST	ENSG00000101052	chr20	rs117801739	-0.054734371	AMR
AMR_subclass_IN_SST	ENSG00000101052	chr20	rs34582582	-0.066749456	AMR
AMR_subclass_IN_SST	ENSG00000101052	chr20	rs13039155	-0.003509167	AMR
AMR_subclass_IN_SST	ENSG00000101052	chr20	rs12481236	0.012988557	AMR
AMR_subclass_IN_SST	ENSG00000101052	chr20	rs6065610	-0.194001059	AMR
AMR_subclass_IN_SST	ENSG00000101052	chr20	rs3746532	-0.207139025	AMR
AMR_subclass_IN_SST	ENSG00000101052	chr20	rs6017090	0.013928894	AMR
AMR_subclass_IN_SST	ENSG00000101052	chr20	rs6065629	-0.065232153	AMR
AMR_subclass_IN_SST	ENSG00000101052	chr20	rs3752562	-0.013243597	AMR
AMR_subclass_IN_SST	ENSG00000101052	chr20	rs6073139	-0.012882231	AMR
AMR_subclass_IN_SST	ENSG00000101052	chr20	rs6073143	-0.064687792	AMR
AMR_subclass_IN_SST	ENSG00000101052	chr20	rs6103396	-0.040717356	AMR
AMR_subclass_IN_SST	ENSG00000101052	chr20	rs285165	-0.046872349	AMR
AMR_subclass_IN_SST	ENSG00000101052	chr20	rs148923536	-0.019345483	AMR
AMR_subclass_IN_SST	ENSG00000101052	chr20	rs144703138	-0.018020123	AMR
AMR_subclass_IN_SST	ENSG00000101052	chr20	rs6031204	0.071958359	AMR
AMR_subclass_IN_SST	ENSG00000101052	chr20	rs12624967	-0.041197729	AMR
AMR_subclass_IN_SST	ENSG00000101052	chr20	rs11697832	0.003021227	AMR
AMR_subclass_IN_SST	ENSG00000101052	chr20	rs13037288	0.003135675	AMR
AMR_subclass_IN_SST	ENSG00000101052	chr20	rs1884711	0.066814099	AMR
AMR_subclass_IN_SST	ENSG00000101052	chr20	rs13042774	0.066839933	AMR
AMR_subclass_IN_SST	ENSG00000101052	chr20	rs6093904	0.031882078	AMR
AMR_subclass_IN_SST	ENSG00000101052	chr20	rs11698459	-0.028441735	AMR
AMR_subclass_IN_SST	ENSG00000101052	chr20	rs6103601	0.053867362	AMR
AMR_subclass_IN_SST	ENSG00000101052	chr20	rs76851524	0.191491582	AMR
AMR_subclass_IN_SST	ENSG00000101052	chr20	rs74173200	0.020775703	AMR
AMR_subclass_IN_SST	ENSG00000101052	chr20	rs11086925	0.020421812	AMR
AMR_subclass_IN_SST	ENSG00000101052	chr20	rs73298315	-0.015797831	AMR
AMR_subclass_IN_SST	ENSG00000101052	chr20	rs6031679	-0.033729713	AMR
AMR_subclass_IN_SST	ENSG00000101152	chr20	rs2245341	-0.027164137	AMR
AMR_subclass_IN_SST	ENSG00000101152	chr20	rs34646256	-0.080318555	AMR
AMR_subclass_IN_SST	ENSG00000101152	chr20	rs6090378	-0.185329597	AMR
AMR_subclass_IN_SST	ENSG00000101152	chr20	rs62207988	-0.072355506	AMR
AMR_subclass_IN_SST	ENSG00000101152	chr20	rs3865527	-0.003685618	AMR
AMR_subclass_IN_SST	ENSG00000101152	chr20	rs2983462	-0.018322695	AMR
AMR_subclass_IN_SST	ENSG00000101158	chr20	rs6070783	-0.2729071	AMR
AMR_subclass_IN_SST	ENSG00000101577	chr18	rs7240521	-0.008882291	AMR
AMR_subclass_IN_SST	ENSG00000101577	chr18	rs28489120	-0.0134859075	AMR
AMR_subclass_IN_SST	ENSG00000101577	chr18	rs9952344	-0.0166567787	AMR
AMR_subclass_IN_SST	ENSG00000101577	chr18	rs11872244	-0.0184980323	AMR
AMR_subclass_IN_SST	ENSG00000101577	chr18	rs1940674	-0.0543285214	AMR
AMR_subclass_IN_SST	ENSG00000101577	chr18	rs12967693	0.0489996792	AMR
AMR_subclass_IN_SST	ENSG00000101577	chr18	rs12957396	-0.0352035055	AMR
AMR_subclass_IN_SST	ENSG00000101577	chr18	rs62083658	0.0276164637	AMR
AMR_subclass_IN_SST	ENSG00000101577	chr18	rs10164036	0.0098597464	AMR
AMR_subclass_IN_SST	ENSG00000101577	chr18	rs77318690	-0.0853365734	AMR
AMR_subclass_IN_SST	ENSG00000101577	chr18	rs9949388	0.0406970328	AMR
AMR_subclass_IN_SST	ENSG00000101577	chr18	rs7233643	0.0213395802	AMR
AMR_subclass_IN_SST	ENSG00000101577	chr18	rs114519313	0.1020392014	AMR
AMR_subclass_IN_SST	ENSG00000101577	chr18	rs7241909	0.10254436	AMR
AMR_subclass_IN_SST	ENSG00000101577	chr18	rs62086178	-0.0004270126	AMR
AMR_subclass_IN_SST	ENSG00000101577	chr18	rs8095745	-0.0039238784	AMR
AMR_subclass_IN_SST	ENSG00000101577	chr18	rs12456447	-0.0038568856	AMR
AMR_subclass_IN_SST	ENSG00000101577	chr18	rs11080964	-0.0038247612	AMR
AMR_subclass_IN_SST	ENSG00000101577	chr18	rs11080965	-0.0039346011	AMR
AMR_subclass_IN_SST	ENSG00000101577	chr18	rs4798005	-0.0040989482	AMR
AMR_subclass_IN_SST	ENSG00000101577	chr18	rs2111677	-0.004231404	AMR
AMR_subclass_IN_SST	ENSG00000101577	chr18	rs7350997	-0.0042777151	AMR
AMR_subclass_IN_SST	ENSG00000101577	chr18	rs3786405	-0.0042178359	AMR
AMR_subclass_IN_SST	ENSG00000101577	chr18	rs11080969	-0.0033333809	AMR
AMR_subclass_IN_SST	ENSG00000101577	chr18	rs727072	-0.0028050293	AMR
AMR_subclass_IN_SST	ENSG00000101577	chr18	rs7235081	-0.0023381278	AMR
AMR_subclass_IN_SST	ENSG00000101577	chr18	rs28695179	-0.0018842036	AMR
AMR_subclass_IN_SST	ENSG00000101577	chr18	rs28733477	-0.0014205868	AMR
AMR_subclass_IN_SST	ENSG00000101577	chr18	rs549193140	-0.0289348917	AMR
AMR_subclass_IN_SST	ENSG00000101577	chr18	rs116230669	-0.1849327757	AMR
AMR_subclass_IN_SST	ENSG00000101577	chr18	rs116547929	0.1023612762	AMR
AMR_subclass_IN_SST	ENSG00000101577	chr18	rs35372409	-0.1371571671	AMR
AMR_subclass_IN_SST	ENSG00000101577	chr18	rs667885	-0.069070945	AMR
AMR_subclass_IN_SST	ENSG00000101577	chr18	rs2276376	-0.0120658451	AMR
AMR_subclass_IN_SST	ENSG00000101577	chr18	rs680085	-0.0689513914	AMR
AMR_subclass_IN_SST	ENSG00000101577	chr18	rs637854	-0.0667275644	AMR
AMR_subclass_IN_SST	ENSG00000101577	chr18	rs11664104	-0.0652449267	AMR
AMR_subclass_IN_SST	ENSG00000101577	chr18	rs57339897	-0.0153010763	AMR
AMR_subclass_IN_SST	ENSG00000101577	chr18	rs9959255	0.0670790515	AMR
AMR_subclass_IN_SST	ENSG00000101577	chr18	rs10153340	-0.0960313182	AMR
AMR_subclass_IN_SST	ENSG00000101577	chr18	rs8098791	0.0680561838	AMR
AMR_subclass_IN_SST	ENSG00000101577	chr18	rs28575688	-0.1052113474	AMR
AMR_subclass_IN_SST	ENSG00000101577	chr18	rs62074942	-0.0274177894	AMR
AMR_subclass_IN_SST	ENSG00000101577	chr18	rs72860231	0.3031985795	AMR
AMR_subclass_IN_SST	ENSG00000101577	chr18	rs12604350	-0.0915660826	AMR
AMR_subclass_IN_SST	ENSG00000101577	chr18	rs73373202	-0.1390071414	AMR
AMR_subclass_IN_SST	ENSG00000101577	chr18	rs8094441	-0.0006011829	AMR
AMR_subclass_IN_SST	ENSG00000101577	chr18	rs1785272	0.0115413093	AMR
AMR_subclass_IN_SST	ENSG00000101577	chr18	rs1791122	0.0029029766	AMR
AMR_subclass_IN_SST	ENSG00000101577	chr18	rs1785266	0.0017890145	AMR
AMR_subclass_IN_SST	ENSG00000101577	chr18	rs1785265	0.0004605515	AMR
AMR_subclass_IN_SST	ENSG00000101577	chr18	rs1785261	0.2989697571	AMR
AMR_subclass_IN_SST	ENSG00000101577	chr18	rs1785251	0.0276874051	AMR
AMR_subclass_IN_SST	ENSG00000101577	chr18	rs949305	0.0297359275	AMR
AMR_subclass_IN_SST	ENSG00000101577	chr18	rs1623523	0.0173274786	AMR
AMR_subclass_IN_SST	ENSG00000101577	chr18	rs1662806	0.0257894675	AMR
AMR_subclass_IN_SST	ENSG00000101577	chr18	rs1791128	0.0310852691	AMR
AMR_subclass_IN_SST	ENSG00000101577	chr18	rs8092511	0.0643785238	AMR
AMR_subclass_IN_SST	ENSG00000101577	chr18	rs364827	-0.1194630794	AMR
AMR_subclass_IN_SST	ENSG00000101577	chr18	rs4798098	0.0728206521	AMR
AMR_subclass_IN_SST	ENSG00000101577	chr18	rs113866775	-0.0259968087	AMR
AMR_subclass_IN_SST	ENSG00000101577	chr18	rs73381222	-0.0169333167	AMR
AMR_subclass_IN_SST	ENSG00000101577	chr18	rs12607098	0.0032639834	AMR
AMR_subclass_IN_SST	ENSG00000101577	chr18	rs11876399	0.0022085522	AMR
AMR_subclass_IN_SST	ENSG00000101577	chr18	rs1612128	0.0021457339	AMR
AMR_subclass_IN_SST	ENSG00000101577	chr18	rs56899333	0.038282533	AMR
AMR_subclass_IN_SST	ENSG00000101577	chr18	rs342487	0.3343704457	AMR
AMR_subclass_IN_SST	ENSG00000101577	chr18	rs66824624	0.0139472226	AMR
AMR_subclass_IN_SST	ENSG00000101577	chr18	rs112646409	-0.1099522717	AMR
AMR_subclass_IN_SST	ENSG00000101577	chr18	rs34664292	0.0454668083	AMR
AMR_subclass_IN_SST	ENSG00000101577	chr18	rs55853033	-0.077234279	AMR
AMR_subclass_IN_SST	ENSG00000101577	chr18	rs118123550	-0.1623798933	AMR
AMR_subclass_IN_SST	ENSG00000101577	chr18	rs4798144	-0.0197086243	AMR
AMR_subclass_IN_SST	ENSG00000101577	chr18	rs16945645	0.2411938309	AMR
AMR_subclass_IN_SST	ENSG00000101577	chr18	rs17652165	-0.0446680444	AMR
AMR_subclass_IN_SST	ENSG00000101577	chr18	rs7238585	0.2810720804	AMR
AMR_subclass_IN_SST	ENSG00000101577	chr18	rs4407150	0.0117610092	AMR
AMR_subclass_IN_SST	ENSG00000101577	chr18	rs11081083	0.0119172242	AMR
AMR_subclass_IN_SST	ENSG00000101577	chr18	rs79165673	0.117619044	AMR
AMR_subclass_IN_SST	ENSG00000101577	chr18	rs8086490	-0.1348811016	AMR
AMR_subclass_IN_SST	ENSG00000101577	chr18	rs1561825	0.0260857454	AMR
AMR_subclass_IN_SST	ENSG00000101638	chr18	rs71364535	0.005523316	AMR
AMR_subclass_IN_SST	ENSG00000101638	chr18	rs3893181	-0.17887563	AMR
AMR_subclass_IN_SST	ENSG00000101638	chr18	rs4449041	-0.018191419	AMR
AMR_subclass_IN_SST	ENSG00000101638	chr18	rs16940043	-0.017916818	AMR
AMR_subclass_IN_SST	ENSG00000101638	chr18	rs62097220	-0.066009791	AMR
AMR_subclass_IN_SST	ENSG00000101751	chr18	rs17462973	-0.221869543	AMR
AMR_subclass_IN_SST	ENSG00000101751	chr18	rs17463683	-0.005359277	AMR
AMR_subclass_IN_SST	ENSG00000101751	chr18	rs625649	-0.033064075	AMR
AMR_subclass_IN_SST	ENSG00000101751	chr18	rs641973	-0.033994128	AMR
AMR_subclass_IN_SST	ENSG00000101751	chr18	rs636665	-0.03483029	AMR
AMR_subclass_IN_SST	ENSG00000101751	chr18	rs645858	-0.035046107	AMR
AMR_subclass_IN_SST	ENSG00000101751	chr18	rs671120	-0.034795969	AMR
AMR_subclass_IN_SST	ENSG00000101751	chr18	rs8305	-0.034346721	AMR
AMR_subclass_IN_SST	ENSG00000101751	chr18	rs664501	-0.023119413	AMR
AMR_subclass_IN_SST	ENSG00000101751	chr18	rs1787824	-0.068543112	AMR
AMR_subclass_IN_SST	ENSG00000101751	chr18	rs1261112	0.018212763	AMR
AMR_subclass_IN_SST	ENSG00000102524	chr13	rs7330011	-0.08397653	AMR
AMR_subclass_IN_SST	ENSG00000102524	chr13	rs9301261	-0.04335797	AMR
AMR_subclass_IN_SST	ENSG00000102524	chr13	rs9520590	-0.04322055	AMR
AMR_subclass_IN_SST	ENSG00000102524	chr13	rs150915654	0.02460371	AMR
AMR_subclass_IN_SST	ENSG00000102543	chr13	rs73182519	0.01355579	AMR
AMR_subclass_IN_SST	ENSG00000102543	chr13	rs75514357	0.0110905	AMR
AMR_subclass_IN_SST	ENSG00000102543	chr13	rs73184695	0.07192064	AMR
AMR_subclass_IN_SST	ENSG00000102543	chr13	rs73186813	0.33020507	AMR
AMR_subclass_IN_SST	ENSG00000102710	chr13	rs9576228	0.028132536	AMR
AMR_subclass_IN_SST	ENSG00000102710	chr13	rs4143038	0.096913248	AMR
AMR_subclass_IN_SST	ENSG00000102710	chr13	rs2323446	-0.02312413	AMR
AMR_subclass_IN_SST	ENSG00000102710	chr13	rs12871603	0.056210844	AMR
AMR_subclass_IN_SST	ENSG00000102710	chr13	rs12584051	0.002912216	AMR
AMR_subclass_IN_SST	ENSG00000102710	chr13	rs17055389	0.001920824	AMR
AMR_subclass_IN_SST	ENSG00000103245	chr16	rs2071952	0.080296817	AMR
AMR_subclass_IN_SST	ENSG00000103245	chr16	rs12051048	0.023416726	AMR
AMR_subclass_IN_SST	ENSG00000103245	chr16	rs12051245	0.023199623	AMR
AMR_subclass_IN_SST	ENSG00000103245	chr16	rs10794640	0.160086925	AMR
AMR_subclass_IN_SST	ENSG00000103245	chr16	rs3752556	0.050081507	AMR
AMR_subclass_IN_SST	ENSG00000103245	chr16	rs11248948	0.049754143	AMR
AMR_subclass_IN_SST	ENSG00000103245	chr16	rs12448639	0.002339284	AMR
AMR_subclass_IN_SST	ENSG00000103245	chr16	rs7404985	0.057251913	AMR
AMR_subclass_IN_SST	ENSG00000103245	chr16	rs149673501	-0.024746754	AMR
AMR_subclass_IN_SST	ENSG00000103423	chr16	rs3207360	0.015189407	AMR
AMR_subclass_IN_SST	ENSG00000103423	chr16	rs4786416	0.155648983	AMR
AMR_subclass_IN_SST	ENSG00000103423	chr16	rs3859147	-0.033141847	AMR
AMR_subclass_IN_SST	ENSG00000103423	chr16	rs11077338	-0.012694319	AMR
AMR_subclass_IN_SST	ENSG00000103423	chr16	rs11867029	-0.012181527	AMR
AMR_subclass_IN_SST	ENSG00000103423	chr16	rs9745851	-0.014756704	AMR
AMR_subclass_IN_SST	ENSG00000103423	chr16	rs250628	-0.018994619	AMR
AMR_subclass_IN_SST	ENSG00000103423	chr16	rs2379830	0.029417878	AMR
AMR_subclass_IN_SST	ENSG00000103423	chr16	rs4010630	0.029365348	AMR
AMR_subclass_IN_SST	ENSG00000103423	chr16	rs3751837	0.003585866	AMR
AMR_subclass_IN_SST	ENSG00000103423	chr16	rs1639150	-0.063232321	AMR
AMR_subclass_IN_SST	ENSG00000103423	chr16	rs12447449	-0.375595373	AMR
AMR_subclass_IN_SST	ENSG00000103423	chr16	rs117683652	-0.040468472	AMR
AMR_subclass_IN_SST	ENSG00000103423	chr16	rs117844617	-0.040660035	AMR
AMR_subclass_IN_SST	ENSG00000103423	chr16	rs138642877	0.025277565	AMR
AMR_subclass_IN_SST	ENSG00000103423	chr16	rs72762759	0.028838533	AMR
AMR_subclass_IN_SST	ENSG00000103423	chr16	rs2531968	0.030708019	AMR
AMR_subclass_IN_SST	ENSG00000103423	chr16	rs2601787	0.031843423	AMR
AMR_subclass_IN_SST	ENSG00000103423	chr16	rs2238451	0.001607903	AMR
AMR_subclass_IN_SST	ENSG00000103423	chr16	rs2238452	0.079839808	AMR
AMR_subclass_IN_SST	ENSG00000103423	chr16	rs2386824	-0.017258956	AMR
AMR_subclass_IN_SST	ENSG00000103423	chr16	rs12933423	-0.019249833	AMR
AMR_subclass_IN_SST	ENSG00000103423	chr16	rs2601828	-0.003151965	AMR
AMR_subclass_IN_SST	ENSG00000103423	chr16	rs2526291	-0.046596617	AMR
AMR_subclass_IN_SST	ENSG00000103423	chr16	rs17136902	-0.00210023	AMR
AMR_subclass_IN_SST	ENSG00000103423	chr16	rs112759100	0.170761333	AMR
AMR_subclass_IN_SST	ENSG00000103423	chr16	rs2277852	-0.124352802	AMR
AMR_subclass_IN_SST	ENSG00000103423	chr16	rs2277851	-0.027952746	AMR
AMR_subclass_IN_SST	ENSG00000103423	chr16	rs3747575	-0.067771955	AMR
AMR_subclass_IN_SST	ENSG00000103423	chr16	rs8052826	-0.054204501	AMR
AMR_subclass_IN_SST	ENSG00000103423	chr16	rs758044	-0.100552382	AMR
AMR_subclass_IN_SST	ENSG00000103423	chr16	rs917305	-0.017460924	AMR
AMR_subclass_IN_SST	ENSG00000103423	chr16	rs7204624	-0.049225812	AMR
AMR_subclass_IN_SST	ENSG00000103423	chr16	rs7205189	-0.049287259	AMR
AMR_subclass_IN_SST	ENSG00000103423	chr16	rs71388578	0.346889385	AMR
AMR_subclass_IN_SST	ENSG00000103423	chr16	rs34693672	0.350744808	AMR
AMR_subclass_IN_SST	ENSG00000103423	chr16	rs79700213	-0.39124881	AMR
AMR_subclass_IN_SST	ENSG00000103423	chr16	rs148542202	0.08490023	AMR
AMR_subclass_IN_SST	ENSG00000103423	chr16	rs113789660	-0.049737931	AMR
AMR_subclass_IN_SST	ENSG00000103423	chr16	rs12926158	0.070485419	AMR
AMR_subclass_IN_SST	ENSG00000103423	chr16	rs113652935	0.221207333	AMR
AMR_subclass_IN_SST	ENSG00000103423	chr16	rs741692	-0.041283836	AMR
AMR_subclass_IN_SST	ENSG00000103423	chr16	rs12325592	0.04979983	AMR
AMR_subclass_IN_SST	ENSG00000103423	chr16	rs17771410	-0.036663694	AMR
AMR_subclass_IN_SST	ENSG00000103423	chr16	rs80291093	-0.283258585	AMR
AMR_subclass_IN_SST	ENSG00000103423	chr16	rs11640469	-0.01927682	AMR
AMR_subclass_IN_SST	ENSG00000103423	chr16	rs113351704	-0.362928386	AMR
AMR_subclass_IN_SST	ENSG00000103423	chr16	rs139169580	0.023076666	AMR
AMR_subclass_IN_SST	ENSG00000103423	chr16	rs12597151	0.000658219	AMR
AMR_subclass_IN_SST	ENSG00000103423	chr16	rs34496778	-0.042193751	AMR
AMR_subclass_IN_SST	ENSG00000103423	chr16	rs141785524	0.224576661	AMR
AMR_subclass_IN_SST	ENSG00000103423	chr16	rs4786592	0.083023632	AMR
AMR_subclass_IN_SST	ENSG00000103423	chr16	rs34103157	-0.083497668	AMR
AMR_subclass_IN_SST	ENSG00000103423	chr16	rs114067671	-0.233128753	AMR
AMR_subclass_IN_SST	ENSG00000103423	chr16	rs7197583	-0.229662444	AMR
AMR_subclass_IN_SST	ENSG00000103423	chr16	rs35564074	-0.079575844	AMR
AMR_subclass_IN_SST	ENSG00000103423	chr16	rs62035327	-0.28824719	AMR
AMR_subclass_IN_SST	ENSG00000103423	chr16	rs76046667	0.08829337	AMR
AMR_subclass_IN_SST	ENSG00000103423	chr16	rs77711119	0.087003156	AMR
AMR_subclass_IN_SST	ENSG00000103423	chr16	rs71390628	-0.015133176	AMR
AMR_subclass_IN_SST	ENSG00000103423	chr16	rs9927347	-0.006714617	AMR
AMR_subclass_IN_SST	ENSG00000103423	chr16	rs9937288	-0.006881953	AMR
AMR_subclass_IN_SST	ENSG00000103423	chr16	rs9302796	-0.007827677	AMR
AMR_subclass_IN_SST	ENSG00000103423	chr16	rs73516519	0.195313813	AMR
AMR_subclass_IN_SST	ENSG00000103423	chr16	rs149100207	0.028317735	AMR
AMR_subclass_IN_SST	ENSG00000103423	chr16	rs143596764	0.030462343	AMR
AMR_subclass_IN_SST	ENSG00000103423	chr16	rs117671320	-0.088394127	AMR
AMR_subclass_IN_SST	ENSG00000103423	chr16	rs8049646	0.042996669	AMR
AMR_subclass_IN_SST	ENSG00000103423	chr16	rs77405577	-0.084658742	AMR
AMR_subclass_IN_SST	ENSG00000103423	chr16	rs111965586	-0.038318675	AMR
AMR_subclass_IN_SST	ENSG00000103423	chr16	rs1534508	0.031098966	AMR
AMR_subclass_IN_SST	ENSG00000103423	chr16	rs7201286	0.008035795	AMR
AMR_subclass_IN_SST	ENSG00000103423	chr16	rs72775769	0.060020635	AMR
AMR_subclass_IN_SST	ENSG00000103423	chr16	rs79942085	0.318814492	AMR
AMR_subclass_IN_SST	ENSG00000103423	chr16	rs1919049	0.0164139	AMR
AMR_subclass_IN_SST	ENSG00000103423	chr16	rs60249424	0.009565958	AMR
AMR_subclass_IN_SST	ENSG00000103423	chr16	rs74003885	0.086057988	AMR
AMR_subclass_IN_SST	ENSG00000103423	chr16	rs117639968	-0.09402571	AMR
AMR_subclass_IN_SST	ENSG00000103423	chr16	rs73516689	0.123892559	AMR
AMR_subclass_IN_SST	ENSG00000103423	chr16	rs111530475	0.028348517	AMR
AMR_subclass_IN_SST	ENSG00000103423	chr16	rs76397856	0.094991168	AMR
AMR_subclass_IN_SST	ENSG00000103423	chr16	rs653127	0.02858074	AMR
AMR_subclass_IN_SST	ENSG00000103528	chr16	rs60501576	-0.0639094239	AMR
AMR_subclass_IN_SST	ENSG00000103528	chr16	rs8063066	0.0236237367	AMR
AMR_subclass_IN_SST	ENSG00000103528	chr16	rs111302919	0.015320722	AMR
AMR_subclass_IN_SST	ENSG00000103528	chr16	rs114583236	0.014769251	AMR
AMR_subclass_IN_SST	ENSG00000103528	chr16	rs79541473	0.1138336188	AMR
AMR_subclass_IN_SST	ENSG00000103528	chr16	rs75856649	-0.468988362	AMR
AMR_subclass_IN_SST	ENSG00000103528	chr16	rs179206	-0.0073896755	AMR
AMR_subclass_IN_SST	ENSG00000103528	chr16	rs179211	-0.0412917617	AMR
AMR_subclass_IN_SST	ENSG00000103528	chr16	rs179221	-0.0073257715	AMR
AMR_subclass_IN_SST	ENSG00000103528	chr16	rs11510264	-0.0470097655	AMR
AMR_subclass_IN_SST	ENSG00000103528	chr16	rs11074389	-0.0470534578	AMR
AMR_subclass_IN_SST	ENSG00000103528	chr16	rs60353723	0.0034850862	AMR
AMR_subclass_IN_SST	ENSG00000103528	chr16	rs61000953	0.0016165098	AMR
AMR_subclass_IN_SST	ENSG00000103528	chr16	rs76153218	0.0239794523	AMR
AMR_subclass_IN_SST	ENSG00000103528	chr16	rs114574647	0.0606265747	AMR
AMR_subclass_IN_SST	ENSG00000103528	chr16	rs1987130	-0.0275433613	AMR
AMR_subclass_IN_SST	ENSG00000103528	chr16	rs8064142	0.0352969254	AMR
AMR_subclass_IN_SST	ENSG00000103528	chr16	rs11074421	0.0005418318	AMR
AMR_subclass_IN_SST	ENSG00000103528	chr16	rs1557717	0.0839733111	AMR
AMR_subclass_IN_SST	ENSG00000103528	chr16	rs71384431	0.3783793453	AMR
AMR_subclass_IN_SST	ENSG00000103528	chr16	rs1925499	0.3923035824	AMR
AMR_subclass_IN_SST	ENSG00000103528	chr16	rs9932743	-0.0069271938	AMR
AMR_subclass_IN_SST	ENSG00000103550	chr16	rs71382595	-0.189415308	AMR
AMR_subclass_IN_SST	ENSG00000103550	chr16	rs12445859	-0.033860395	AMR
AMR_subclass_IN_SST	ENSG00000103550	chr16	rs62023759	-0.044383103	AMR
AMR_subclass_IN_SST	ENSG00000103550	chr16	rs117371680	-0.187623386	AMR
AMR_subclass_IN_SST	ENSG00000103550	chr16	rs55781242	0.013463921	AMR
AMR_subclass_IN_SST	ENSG00000103550	chr16	rs56100071	0.139168723	AMR
AMR_subclass_IN_SST	ENSG00000103550	chr16	rs56108048	0.013976018	AMR
AMR_subclass_IN_SST	ENSG00000103550	chr16	rs2239973	0.034664622	AMR
AMR_subclass_IN_SST	ENSG00000103550	chr16	rs720173	0.165111448	AMR
AMR_subclass_IN_SST	ENSG00000103550	chr16	rs62024966	0.111012872	AMR
AMR_subclass_IN_SST	ENSG00000103550	chr16	rs62025048	0.111353294	AMR
AMR_subclass_IN_SST	ENSG00000103550	chr16	rs2240047	0.011077171	AMR
AMR_subclass_IN_SST	ENSG00000103550	chr16	rs7187990	0.057101508	AMR
AMR_subclass_IN_SST	ENSG00000103550	chr16	rs12924740	-0.031693417	AMR
AMR_subclass_IN_SST	ENSG00000103550	chr16	rs8062776	0.005677529	AMR
AMR_subclass_IN_SST	ENSG00000104213	chr8	rs17583479	0.03927261	AMR
AMR_subclass_IN_SST	ENSG00000104213	chr8	rs1433295	0.2269956	AMR
AMR_subclass_IN_SST	ENSG00000104213	chr8	rs147944680	-0.04839517	AMR
AMR_subclass_IN_SST	ENSG00000104213	chr8	rs138963148	-0.0210507	AMR
AMR_subclass_IN_SST	ENSG00000104213	chr8	rs146237988	0.5379089	AMR
AMR_subclass_IN_SST	ENSG00000104213	chr8	rs148847092	-0.09619319	AMR
AMR_subclass_IN_SST	ENSG00000104213	chr8	rs66996376	0.06054804	AMR
AMR_subclass_IN_SST	ENSG00000104213	chr8	rs2517020	-0.05311151	AMR
AMR_subclass_IN_SST	ENSG00000104213	chr8	rs1689883	-0.05207398	AMR
AMR_subclass_IN_SST	ENSG00000104213	chr8	rs2517001	-0.04939025	AMR
AMR_subclass_IN_SST	ENSG00000104213	chr8	rs141670990	-0.09568512	AMR
AMR_subclass_IN_SST	ENSG00000104213	chr8	rs11989487	0.01990806	AMR
AMR_subclass_IN_SST	ENSG00000104213	chr8	rs7005457	0.01922018	AMR
AMR_subclass_IN_SST	ENSG00000104213	chr8	rs6988267	0.01700042	AMR
AMR_subclass_IN_SST	ENSG00000104213	chr8	rs79666704	-0.2504661	AMR
AMR_subclass_IN_SST	ENSG00000104213	chr8	rs117409419	-0.24915	AMR
AMR_subclass_IN_SST	ENSG00000104213	chr8	rs1989186	-0.01395778	AMR
AMR_subclass_IN_SST	ENSG00000104213	chr8	rs2959592	-0.04795699	AMR
AMR_subclass_IN_SST	ENSG00000104213	chr8	rs2517058	0.02531161	AMR
AMR_subclass_IN_SST	ENSG00000104213	chr8	rs73210275	-0.00705577	AMR
AMR_subclass_IN_SST	ENSG00000104213	chr8	rs12056505	-0.02336375	AMR
AMR_subclass_IN_SST	ENSG00000104213	chr8	rs73208998	-0.01049885	AMR
AMR_subclass_IN_SST	ENSG00000104213	chr8	rs17124464	-0.0107487	AMR
AMR_subclass_IN_SST	ENSG00000104213	chr8	rs74926648	-0.01072459	AMR
AMR_subclass_IN_SST	ENSG00000104213	chr8	rs78533989	-0.01065186	AMR
AMR_subclass_IN_SST	ENSG00000104213	chr8	rs73211103	-0.01064229	AMR
AMR_subclass_IN_SST	ENSG00000104213	chr8	rs55834509	-0.0106499	AMR
AMR_subclass_IN_SST	ENSG00000104213	chr8	rs2898461	-0.1417037	AMR
AMR_subclass_IN_SST	ENSG00000104213	chr8	rs725948	-0.0105707	AMR
AMR_subclass_IN_SST	ENSG00000104213	chr8	rs10089303	-0.07669092	AMR
AMR_subclass_IN_SST	ENSG00000104213	chr8	rs57228977	-0.01043067	AMR
AMR_subclass_IN_SST	ENSG00000104213	chr8	rs73211116	-0.06754578	AMR
AMR_subclass_IN_SST	ENSG00000104213	chr8	rs73211118	-0.01017122	AMR
AMR_subclass_IN_SST	ENSG00000104213	chr8	rs17124742	0.03390095	AMR
AMR_subclass_IN_SST	ENSG00000104213	chr8	rs17632516	0.07607526	AMR
AMR_subclass_IN_SST	ENSG00000104213	chr8	rs139604353	0.07235597	AMR
AMR_subclass_IN_SST	ENSG00000104213	chr8	rs2588207	0.1038629	AMR
AMR_subclass_IN_SST	ENSG00000104213	chr8	rs11986520	0.242991	AMR
AMR_subclass_IN_SST	ENSG00000104213	chr8	rs117072671	0.06498826	AMR
AMR_subclass_IN_SST	ENSG00000104213	chr8	rs147312985	0.06630464	AMR
AMR_subclass_IN_SST	ENSG00000104213	chr8	rs116949312	0.06573714	AMR
AMR_subclass_IN_SST	ENSG00000104213	chr8	rs2237819	0.03459963	AMR
AMR_subclass_IN_SST	ENSG00000104213	chr8	rs145861917	-0.06960311	AMR
AMR_subclass_IN_SST	ENSG00000104213	chr8	rs80045035	-0.06837919	AMR
AMR_subclass_IN_SST	ENSG00000104213	chr8	rs61696445	0.0614158	AMR
AMR_subclass_IN_SST	ENSG00000104213	chr8	rs113980198	0.02737744	AMR
AMR_subclass_IN_SST	ENSG00000104213	chr8	rs2517152	0.111059	AMR
AMR_subclass_IN_SST	ENSG00000104213	chr8	rs2705066	-0.09009387	AMR
AMR_subclass_IN_SST	ENSG00000104213	chr8	rs7387668	-0.01259489	AMR
AMR_subclass_IN_SST	ENSG00000104213	chr8	rs13266353	-0.0125951	AMR
AMR_subclass_IN_SST	ENSG00000104213	chr8	rs7388041	-0.01215614	AMR
AMR_subclass_IN_SST	ENSG00000104213	chr8	rs7462737	-0.01174485	AMR
AMR_subclass_IN_SST	ENSG00000104213	chr8	rs75130458	0.2413175	AMR
AMR_subclass_IN_SST	ENSG00000104213	chr8	rs17635520	0.07681062	AMR
AMR_subclass_IN_SST	ENSG00000104213	chr8	rs2301546	0.0757922	AMR
AMR_subclass_IN_SST	ENSG00000104213	chr8	rs10107231	0.018924	AMR
AMR_subclass_IN_SST	ENSG00000104213	chr8	rs28497133	0.01742452	AMR
AMR_subclass_IN_SST	ENSG00000104213	chr8	rs57246127	0.01469594	AMR
AMR_subclass_IN_SST	ENSG00000104213	chr8	rs11203944	0.003463419	AMR
AMR_subclass_IN_SST	ENSG00000104213	chr8	rs28406177	0.1253285	AMR
AMR_subclass_IN_SST	ENSG00000104213	chr8	rs4518706	0.02037546	AMR
AMR_subclass_IN_SST	ENSG00000104213	chr8	rs4449838	0.01912209	AMR
AMR_subclass_IN_SST	ENSG00000104213	chr8	rs76460901	-0.1475443	AMR
AMR_subclass_IN_SST	ENSG00000104213	chr8	rs117643163	-0.02548914	AMR
AMR_subclass_IN_SST	ENSG00000104213	chr8	rs11785247	-0.02384203	AMR
AMR_subclass_IN_SST	ENSG00000104213	chr8	rs11776543	-0.01341597	AMR
AMR_subclass_IN_SST	ENSG00000104213	chr8	rs77548743	-0.07929945	AMR
AMR_subclass_IN_SST	ENSG00000104213	chr8	rs13279660	0.1888621	AMR
AMR_subclass_IN_SST	ENSG00000104213	chr8	rs10092297	-0.003195006	AMR
AMR_subclass_IN_SST	ENSG00000104213	chr8	rs62500565	-0.333534	AMR
AMR_subclass_IN_SST	ENSG00000104213	chr8	rs28435169	0.0007339363	AMR
AMR_subclass_IN_SST	ENSG00000104213	chr8	rs28489861	7.120589e-05	AMR
AMR_subclass_IN_SST	ENSG00000104213	chr8	rs4921943	0.03446149	AMR
AMR_subclass_IN_SST	ENSG00000104356	chr8	rs73272610	0.1032217223	AMR
AMR_subclass_IN_SST	ENSG00000104356	chr8	rs73272611	0.1044627351	AMR
AMR_subclass_IN_SST	ENSG00000104356	chr8	rs73272612	0.1048255009	AMR
AMR_subclass_IN_SST	ENSG00000104356	chr8	rs7835138	0.103777009	AMR
AMR_subclass_IN_SST	ENSG00000104356	chr8	rs74503664	0.1020152075	AMR
AMR_subclass_IN_SST	ENSG00000104356	chr8	rs138962262	-0.0284909601	AMR
AMR_subclass_IN_SST	ENSG00000104356	chr8	rs72666248	0.0251241335	AMR
AMR_subclass_IN_SST	ENSG00000104356	chr8	rs28669903	-0.0019587941	AMR
AMR_subclass_IN_SST	ENSG00000104356	chr8	rs16895489	-0.0520014779	AMR
AMR_subclass_IN_SST	ENSG00000104356	chr8	rs2853292	-0.077848445	AMR
AMR_subclass_IN_SST	ENSG00000104356	chr8	rs2253976	-0.1541585895	AMR
AMR_subclass_IN_SST	ENSG00000104356	chr8	rs1478957	0.0293006401	AMR
AMR_subclass_IN_SST	ENSG00000104356	chr8	rs482677	0.026167927	AMR
AMR_subclass_IN_SST	ENSG00000104356	chr8	rs483590	0.0246652518	AMR
AMR_subclass_IN_SST	ENSG00000104356	chr8	rs56089008	0.0167590432	AMR
AMR_subclass_IN_SST	ENSG00000104356	chr8	rs2448168	0.0812819212	AMR
AMR_subclass_IN_SST	ENSG00000104356	chr8	rs2448170	0.0829246679	AMR
AMR_subclass_IN_SST	ENSG00000104356	chr8	rs2512459	0.4634983281	AMR
AMR_subclass_IN_SST	ENSG00000104356	chr8	rs12681549	-0.0049462561	AMR
AMR_subclass_IN_SST	ENSG00000104356	chr8	rs72669663	-0.3113988636	AMR
AMR_subclass_IN_SST	ENSG00000104356	chr8	rs1542556	-0.1540098432	AMR
AMR_subclass_IN_SST	ENSG00000104356	chr8	rs2512426	-0.0077179573	AMR
AMR_subclass_IN_SST	ENSG00000104356	chr8	rs4270931	0.21473316	AMR
AMR_subclass_IN_SST	ENSG00000104356	chr8	rs1317572	-0.0105607023	AMR
AMR_subclass_IN_SST	ENSG00000104356	chr8	rs61216095	0.1047003817	AMR
AMR_subclass_IN_SST	ENSG00000104356	chr8	rs111444175	-0.0161429141	AMR
AMR_subclass_IN_SST	ENSG00000104356	chr8	rs10094310	0.0001518201	AMR
AMR_subclass_IN_SST	ENSG00000104356	chr8	rs2256367	0.0325904714	AMR
AMR_subclass_IN_SST	ENSG00000104356	chr8	rs2444906	0.291020355	AMR
AMR_subclass_IN_SST	ENSG00000104356	chr8	rs7835120	-0.12129097	AMR
AMR_subclass_IN_SST	ENSG00000104356	chr8	rs7835897	-0.1214684054	AMR
AMR_subclass_IN_SST	ENSG00000104356	chr8	rs144481413	-0.006130592	AMR
AMR_subclass_IN_SST	ENSG00000104356	chr8	rs113900743	-0.0091295314	AMR
AMR_subclass_IN_SST	ENSG00000104356	chr8	rs188086631	-0.010012653	AMR
AMR_subclass_IN_SST	ENSG00000104356	chr8	rs144983559	-0.0093108614	AMR
AMR_subclass_IN_SST	ENSG00000104356	chr8	rs77782133	-0.0076985356	AMR
AMR_subclass_IN_SST	ENSG00000104356	chr8	rs16896537	-0.0057450154	AMR
AMR_subclass_IN_SST	ENSG00000104356	chr8	rs16896541	-0.0038951287	AMR
AMR_subclass_IN_SST	ENSG00000104356	chr8	rs57773259	-0.0024141354	AMR
AMR_subclass_IN_SST	ENSG00000104356	chr8	rs114640132	-0.0013769129	AMR
AMR_subclass_IN_SST	ENSG00000104356	chr8	rs139882621	-0.0007275844	AMR
AMR_subclass_IN_SST	ENSG00000104356	chr8	rs80065207	-0.0003584799	AMR
AMR_subclass_IN_SST	ENSG00000104356	chr8	rs79258171	-0.0001656474	AMR
AMR_subclass_IN_SST	ENSG00000104356	chr8	rs28575522	-0.2012822666	AMR
AMR_subclass_IN_SST	ENSG00000104356	chr8	rs117998567	0.2446782167	AMR
AMR_subclass_IN_SST	ENSG00000104356	chr8	rs2514330	-0.1412971198	AMR
AMR_subclass_IN_SST	ENSG00000104356	chr8	rs148575713	0.0655431812	AMR
AMR_subclass_IN_SST	ENSG00000104356	chr8	rs17367639	0.0648037404	AMR
AMR_subclass_IN_SST	ENSG00000104356	chr8	rs72664868	0.0672143791	AMR
AMR_subclass_IN_SST	ENSG00000104356	chr8	rs113835390	0.0631447348	AMR
AMR_subclass_IN_SST	ENSG00000104356	chr8	rs6468636	-0.0267286619	AMR
AMR_subclass_IN_SST	ENSG00000104356	chr8	rs4735560	-0.0296195405	AMR
AMR_subclass_IN_SST	ENSG00000104356	chr8	rs10106618	-0.0141432489	AMR
AMR_subclass_IN_SST	ENSG00000104356	chr8	rs11775820	-0.0447972711	AMR
AMR_subclass_IN_SST	ENSG00000104356	chr8	rs12386847	-0.0994566891	AMR
AMR_subclass_IN_SST	ENSG00000104356	chr8	rs11783149	-0.0098188593	AMR
AMR_subclass_IN_SST	ENSG00000104356	chr8	rs12541026	0.001236249	AMR
AMR_subclass_IN_SST	ENSG00000104356	chr8	rs4332102	0.0005401563	AMR
AMR_subclass_IN_SST	ENSG00000104356	chr8	rs10955184	0.0001542259	AMR
AMR_subclass_IN_SST	ENSG00000104356	chr8	rs16897110	-0.2634655759	AMR
AMR_subclass_IN_SST	ENSG00000104356	chr8	rs60420184	0.0163858368	AMR
AMR_subclass_IN_SST	ENSG00000104356	chr8	rs7816170	0.0190167301	AMR
AMR_subclass_IN_SST	ENSG00000104356	chr8	rs73699966	0.0188381064	AMR
AMR_subclass_IN_SST	ENSG00000104356	chr8	rs6997344	0.0170855003	AMR
AMR_subclass_IN_SST	ENSG00000104356	chr8	rs7844193	0.0147295674	AMR
AMR_subclass_IN_SST	ENSG00000104356	chr8	rs73699970	0.01217136	AMR
AMR_subclass_IN_SST	ENSG00000104450	chr8	rs77210013	0.063402068	AMR
AMR_subclass_IN_SST	ENSG00000104450	chr8	rs1660318	-0.019564665	AMR
AMR_subclass_IN_SST	ENSG00000104450	chr8	rs1660319	-0.017499009	AMR
AMR_subclass_IN_SST	ENSG00000104450	chr8	rs6986151	-0.115900905	AMR
AMR_subclass_IN_SST	ENSG00000104450	chr8	rs7816411	-0.007615613	AMR
AMR_subclass_IN_SST	ENSG00000104450	chr8	rs10104673	-0.006667042	AMR
AMR_subclass_IN_SST	ENSG00000104450	chr8	rs2555203	-0.089738587	AMR
AMR_subclass_IN_SST	ENSG00000104450	chr8	rs17428985	-0.201131888	AMR
AMR_subclass_IN_SST	ENSG00000104497	chr8	rs80224588	-0.021423	AMR
AMR_subclass_IN_SST	ENSG00000104497	chr8	rs11782652	-0.1172838	AMR
AMR_subclass_IN_SST	ENSG00000104497	chr8	rs902110	0.01867022	AMR
AMR_subclass_IN_SST	ENSG00000104497	chr8	rs7008528	0.01995465	AMR
AMR_subclass_IN_SST	ENSG00000104497	chr8	rs11776932	0.02020396	AMR
AMR_subclass_IN_SST	ENSG00000104497	chr8	rs2600600	0.02002931	AMR
AMR_subclass_IN_SST	ENSG00000104497	chr8	rs2600601	0.0198349	AMR
AMR_subclass_IN_SST	ENSG00000104497	chr8	rs774475	0.01965128	AMR
AMR_subclass_IN_SST	ENSG00000104497	chr8	rs1021329	0.01942305	AMR
AMR_subclass_IN_SST	ENSG00000104497	chr8	rs59128379	-0.01912919	AMR
AMR_subclass_IN_SST	ENSG00000104497	chr8	rs28636665	-0.01877876	AMR
AMR_subclass_IN_SST	ENSG00000104497	chr8	rs12676438	-0.01838865	AMR
AMR_subclass_IN_SST	ENSG00000104497	chr8	rs1451994	-0.01797442	AMR
AMR_subclass_IN_SST	ENSG00000104497	chr8	rs2198235	-0.06758789	AMR
AMR_subclass_IN_SST	ENSG00000104497	chr8	rs10099817	-0.04012735	AMR
AMR_subclass_IN_SST	ENSG00000104695	chr8	rs6980701	-0.006697199	AMR
AMR_subclass_IN_SST	ENSG00000104695	chr8	rs74423397	-0.03638004	AMR
AMR_subclass_IN_SST	ENSG00000104695	chr8	rs58829654	0.0102919	AMR
AMR_subclass_IN_SST	ENSG00000104695	chr8	rs60171649	0.01065464	AMR
AMR_subclass_IN_SST	ENSG00000104695	chr8	rs28875248	0.01117063	AMR
AMR_subclass_IN_SST	ENSG00000104695	chr8	rs6980770	0.007114897	AMR
AMR_subclass_IN_SST	ENSG00000104695	chr8	rs76580078	-0.01530609	AMR
AMR_subclass_IN_SST	ENSG00000104695	chr8	rs75223534	-0.01564926	AMR
AMR_subclass_IN_SST	ENSG00000104695	chr8	rs79952190	-0.01214445	AMR
AMR_subclass_IN_SST	ENSG00000104695	chr8	rs73236001	-0.1448121	AMR
AMR_subclass_IN_SST	ENSG00000104695	chr8	rs73563269	0.08099981	AMR
AMR_subclass_IN_SST	ENSG00000104695	chr8	rs58368713	0.08059727	AMR
AMR_subclass_IN_SST	ENSG00000104695	chr8	rs7829853	-0.01686951	AMR
AMR_subclass_IN_SST	ENSG00000104695	chr8	rs10096097	-0.0165004	AMR
AMR_subclass_IN_SST	ENSG00000104695	chr8	rs77450068	0.01956428	AMR
AMR_subclass_IN_SST	ENSG00000104695	chr8	rs56307249	0.0001174781	AMR
AMR_subclass_IN_SST	ENSG00000104695	chr8	rs6987718	5.793089e-05	AMR
AMR_subclass_IN_SST	ENSG00000104695	chr8	rs58106772	0.2844634	AMR
AMR_subclass_IN_SST	ENSG00000104695	chr8	rs11986153	0.09234286	AMR
AMR_subclass_IN_SST	ENSG00000104695	chr8	rs13254365	0.1146093	AMR
AMR_subclass_IN_SST	ENSG00000104695	chr8	rs12679495	0.1757026	AMR
AMR_subclass_IN_SST	ENSG00000104695	chr8	rs7015785	0.1976951	AMR
AMR_subclass_IN_SST	ENSG00000104695	chr8	rs17619470	0.001393923	AMR
AMR_subclass_IN_SST	ENSG00000104695	chr8	rs7839988	0.0007870852	AMR
AMR_subclass_IN_SST	ENSG00000104695	chr8	rs74767712	0.02119499	AMR
AMR_subclass_IN_SST	ENSG00000104695	chr8	rs8190893	0.02439805	AMR
AMR_subclass_IN_SST	ENSG00000104695	chr8	rs1074246	0.009102094	AMR
AMR_subclass_IN_SST	ENSG00000104695	chr8	rs1362912	0.009239725	AMR
AMR_subclass_IN_SST	ENSG00000104695	chr8	rs4733203	0.009289534	AMR
AMR_subclass_IN_SST	ENSG00000104695	chr8	rs77316565	0.007775521	AMR
AMR_subclass_IN_SST	ENSG00000104695	chr8	rs731662	0.009190097	AMR
AMR_subclass_IN_SST	ENSG00000104695	chr8	rs76611244	0.009035249	AMR
AMR_subclass_IN_SST	ENSG00000104695	chr8	rs531473267	0.008918336	AMR
AMR_subclass_IN_SST	ENSG00000104695	chr8	rs929917	0.008909398	AMR
AMR_subclass_IN_SST	ENSG00000104695	chr8	rs75406576	0.009007619	AMR
AMR_subclass_IN_SST	ENSG00000104695	chr8	rs12680604	0.009171964	AMR
AMR_subclass_IN_SST	ENSG00000104695	chr8	rs12544327	0.009349482	AMR
AMR_subclass_IN_SST	ENSG00000104695	chr8	rs114435820	0.009495102	AMR
AMR_subclass_IN_SST	ENSG00000104695	chr8	rs2344116	0.1689015	AMR
AMR_subclass_IN_SST	ENSG00000104695	chr8	rs11995272	0.0001034232	AMR
AMR_subclass_IN_SST	ENSG00000104695	chr8	rs16877521	0.0001801251	AMR
AMR_subclass_IN_SST	ENSG00000104695	chr8	rs116861564	0.007973892	AMR
AMR_subclass_IN_SST	ENSG00000104695	chr8	rs4733206	0.0001239608	AMR
AMR_subclass_IN_SST	ENSG00000104695	chr8	rs150385462	0.006878399	AMR
AMR_subclass_IN_SST	ENSG00000104695	chr8	rs57864287	-0.06927394	AMR
AMR_subclass_IN_SST	ENSG00000104695	chr8	rs113655530	-0.006406536	AMR
AMR_subclass_IN_SST	ENSG00000104695	chr8	rs79506782	-0.002245601	AMR
AMR_subclass_IN_SST	ENSG00000104695	chr8	rs11574302	-0.02479917	AMR
AMR_subclass_IN_SST	ENSG00000104695	chr8	rs116373730	-0.0244211	AMR
AMR_subclass_IN_SST	ENSG00000104695	chr8	rs6988789	-0.02472847	AMR
AMR_subclass_IN_SST	ENSG00000104695	chr8	rs7844211	-0.0249998	AMR
AMR_subclass_IN_SST	ENSG00000104695	chr8	rs4398867	-0.2037484	AMR
AMR_subclass_IN_SST	ENSG00000104695	chr8	rs73230794	-0.01753636	AMR
AMR_subclass_IN_SST	ENSG00000104695	chr8	rs67035165	-0.1371594	AMR
AMR_subclass_IN_SST	ENSG00000104695	chr8	rs67795744	0.01022711	AMR
AMR_subclass_IN_SST	ENSG00000104695	chr8	rs60414651	0.008623622	AMR
AMR_subclass_IN_SST	ENSG00000104695	chr8	rs73573655	0.01917294	AMR
AMR_subclass_IN_SST	ENSG00000104695	chr8	rs2575069	-0.04357707	AMR
AMR_subclass_IN_SST	ENSG00000104695	chr8	rs12550335	-0.1383993	AMR
AMR_subclass_IN_SST	ENSG00000104695	chr8	rs2716959	0.08883888	AMR
AMR_subclass_IN_SST	ENSG00000104695	chr8	rs12676969	-0.02137981	AMR
AMR_subclass_IN_SST	ENSG00000104695	chr8	rs12679090	-0.02470761	AMR
AMR_subclass_IN_SST	ENSG00000104695	chr8	rs115196338	-0.02535403	AMR
AMR_subclass_IN_SST	ENSG00000104695	chr8	rs12682226	-0.02499683	AMR
AMR_subclass_IN_SST	ENSG00000104695	chr8	rs74664688	-0.02441647	AMR
AMR_subclass_IN_SST	ENSG00000104695	chr8	rs114737602	-0.0237125	AMR
AMR_subclass_IN_SST	ENSG00000104695	chr8	rs4570113	-0.02289353	AMR
AMR_subclass_IN_SST	ENSG00000104695	chr8	rs140546761	-0.02200302	AMR
AMR_subclass_IN_SST	ENSG00000104695	chr8	rs113544127	-0.02108553	AMR
AMR_subclass_IN_SST	ENSG00000104695	chr8	rs2189137	-0.02016453	AMR
AMR_subclass_IN_SST	ENSG00000104695	chr8	rs2189139	-0.01924647	AMR
AMR_subclass_IN_SST	ENSG00000104695	chr8	rs77903359	-0.0183329	AMR
AMR_subclass_IN_SST	ENSG00000104695	chr8	rs77509430	-0.01742825	AMR
AMR_subclass_IN_SST	ENSG00000104695	chr8	rs4342551	0.2284928	AMR
AMR_subclass_IN_SST	ENSG00000104695	chr8	rs74522885	0.1366517	AMR
AMR_subclass_IN_SST	ENSG00000104695	chr8	rs113248406	-0.04558856	AMR
AMR_subclass_IN_SST	ENSG00000104695	chr8	rs28707215	0.1003688	AMR
AMR_subclass_IN_SST	ENSG00000104695	chr8	rs62506868	0.02711588	AMR
AMR_subclass_IN_SST	ENSG00000104695	chr8	rs77822881	-0.2286863	AMR
AMR_subclass_IN_SST	ENSG00000104695	chr8	rs73237542	-0.2310204	AMR
AMR_subclass_IN_SST	ENSG00000104714	chr8	rs61313507	-0.056091128	AMR
AMR_subclass_IN_SST	ENSG00000104714	chr8	rs3750097	0.011934116	AMR
AMR_subclass_IN_SST	ENSG00000104714	chr8	rs2909628	-0.010493051	AMR
AMR_subclass_IN_SST	ENSG00000104714	chr8	rs2909617	-0.001129282	AMR
AMR_subclass_IN_SST	ENSG00000104714	chr8	rs35156593	-0.033475326	AMR
AMR_subclass_IN_SST	ENSG00000104714	chr8	rs7824330	0.009974501	AMR
AMR_subclass_IN_SST	ENSG00000104714	chr8	rs58690392	-0.043059855	AMR
AMR_subclass_IN_SST	ENSG00000104714	chr8	rs7009965	-0.0049906	AMR
AMR_subclass_IN_SST	ENSG00000104714	chr8	rs75012344	0.039507003	AMR
AMR_subclass_IN_SST	ENSG00000104714	chr8	rs1046060	-0.103154273	AMR
AMR_subclass_IN_SST	ENSG00000104714	chr8	rs1669711	-0.060162988	AMR
AMR_subclass_IN_SST	ENSG00000104714	chr8	rs17751994	-0.03542258	AMR
AMR_subclass_IN_SST	ENSG00000104714	chr8	rs1703927	-0.074247618	AMR
AMR_subclass_IN_SST	ENSG00000104714	chr8	rs79927500	-0.190545882	AMR
AMR_subclass_IN_SST	ENSG00000104714	chr8	rs78191393	-0.188634987	AMR
AMR_subclass_IN_SST	ENSG00000104714	chr8	rs55965165	0.002440651	AMR
AMR_subclass_IN_SST	ENSG00000104714	chr8	rs73178887	0.112477195	AMR
AMR_subclass_IN_SST	ENSG00000104714	chr8	rs11784310	0.055901214	AMR
AMR_subclass_IN_SST	ENSG00000104714	chr8	rs77734482	-0.554454622	AMR
AMR_subclass_IN_SST	ENSG00000104714	chr8	rs77471981	-0.212103786	AMR
AMR_subclass_IN_SST	ENSG00000104714	chr8	rs10086548	-0.008189199	AMR
AMR_subclass_IN_SST	ENSG00000104714	chr8	rs12675321	0.018475376	AMR
AMR_subclass_IN_SST	ENSG00000104714	chr8	rs79596699	-0.099331365	AMR
AMR_subclass_IN_SST	ENSG00000104714	chr8	rs62486831	-0.008770763	AMR
AMR_subclass_IN_SST	ENSG00000104714	chr8	rs62486832	-0.007177034	AMR
AMR_subclass_IN_SST	ENSG00000104714	chr8	rs62487487	-0.003285368	AMR
AMR_subclass_IN_SST	ENSG00000104714	chr8	rs79435448	0.138853979	AMR
AMR_subclass_IN_SST	ENSG00000104714	chr8	rs7818243	0.14403188	AMR
AMR_subclass_IN_SST	ENSG00000104714	chr8	rs6558418	0.009311527	AMR
AMR_subclass_IN_SST	ENSG00000104714	chr8	rs73184599	0.061095105	AMR
AMR_subclass_IN_SST	ENSG00000104714	chr8	rs117062609	0.036443181	AMR
AMR_subclass_IN_SST	ENSG00000104714	chr8	rs61362293	-0.236161728	AMR
AMR_subclass_IN_SST	ENSG00000104714	chr8	rs58461497	-0.074153546	AMR
AMR_subclass_IN_SST	ENSG00000104714	chr8	rs6988077	0.007269068	AMR
AMR_subclass_IN_SST	ENSG00000104714	chr8	rs74417836	0.004324246	AMR
AMR_subclass_IN_SST	ENSG00000104714	chr8	rs73170459	0.024517342	AMR
AMR_subclass_IN_SST	ENSG00000104714	chr8	rs2142137	0.207781783	AMR
AMR_subclass_IN_SST	ENSG00000104714	chr8	rs35864727	-0.051589851	AMR
AMR_subclass_IN_SST	ENSG00000104714	chr8	rs12678087	-0.051330898	AMR
AMR_subclass_IN_SST	ENSG00000104714	chr8	rs72507639	-0.048936307	AMR
AMR_subclass_IN_SST	ENSG00000104714	chr8	rs7828342	0.190715069	AMR
AMR_subclass_IN_SST	ENSG00000104714	chr8	rs4876064	-0.031990662	AMR
AMR_subclass_IN_SST	ENSG00000104714	chr8	rs4876065	-0.075443502	AMR
AMR_subclass_IN_SST	ENSG00000104714	chr8	rs73536548	-0.270704076	AMR
AMR_subclass_IN_SST	ENSG00000104714	chr8	rs7839346	-0.017443629	AMR
AMR_subclass_IN_SST	ENSG00000104714	chr8	rs17063983	-0.092847957	AMR
AMR_subclass_IN_SST	ENSG00000104714	chr8	rs12543006	0.414559414	AMR
AMR_subclass_IN_SST	ENSG00000104714	chr8	rs28412344	-0.004042533	AMR
AMR_subclass_IN_SST	ENSG00000104714	chr8	rs7006320	-0.13177661	AMR
AMR_subclass_IN_SST	ENSG00000104714	chr8	rs74507189	-0.004334038	AMR
AMR_subclass_IN_SST	ENSG00000104714	chr8	rs9918757	-0.005569385	AMR
AMR_subclass_IN_SST	ENSG00000104714	chr8	rs73672801	-0.005586861	AMR
AMR_subclass_IN_SST	ENSG00000104714	chr8	rs73549746	-0.101358001	AMR
AMR_subclass_IN_SST	ENSG00000104714	chr8	rs73672939	-0.00304546	AMR
AMR_subclass_IN_SST	ENSG00000104714	chr8	rs6987690	0.099401858	AMR
AMR_subclass_IN_SST	ENSG00000104714	chr8	rs56305421	0.34522307	AMR
AMR_subclass_IN_SST	ENSG00000104714	chr8	rs77747091	0.399846651	AMR
AMR_subclass_IN_SST	ENSG00000104714	chr8	rs116847184	0.034884679	AMR
AMR_subclass_IN_SST	ENSG00000104731	chr16	rs11644985	0.006694837	AMR
AMR_subclass_IN_SST	ENSG00000104731	chr16	rs4843423	0.005382173	AMR
AMR_subclass_IN_SST	ENSG00000104731	chr16	rs4843424	0.005201594	AMR
AMR_subclass_IN_SST	ENSG00000104731	chr16	rs4843425	-0.003530577	AMR
AMR_subclass_IN_SST	ENSG00000104731	chr16	rs73267072	-0.2923805	AMR
AMR_subclass_IN_SST	ENSG00000104731	chr16	rs75514191	0.2015849	AMR
AMR_subclass_IN_SST	ENSG00000104731	chr16	rs4843458	-0.1569352	AMR
AMR_subclass_IN_SST	ENSG00000104731	chr16	rs76604071	-0.0001121148	AMR
AMR_subclass_IN_SST	ENSG00000104731	chr16	rs55646952	0.02956453	AMR
AMR_subclass_IN_SST	ENSG00000104731	chr16	rs72810304	0.02120692	AMR
AMR_subclass_IN_SST	ENSG00000104731	chr16	rs4075600	0.01539677	AMR
AMR_subclass_IN_SST	ENSG00000104731	chr16	rs12597884	0.05684991	AMR
AMR_subclass_IN_SST	ENSG00000104731	chr16	rs8060943	0.09613059	AMR
AMR_subclass_IN_SST	ENSG00000104731	chr16	rs12598069	0.02840821	AMR
AMR_subclass_IN_SST	ENSG00000104731	chr16	rs4843489	-0.034209	AMR
AMR_subclass_IN_SST	ENSG00000104731	chr16	rs9935789	-0.04912	AMR
AMR_subclass_IN_SST	ENSG00000104731	chr16	rs8062884	-0.04808832	AMR
AMR_subclass_IN_SST	ENSG00000104731	chr16	rs72813959	-0.3756121	AMR
AMR_subclass_IN_SST	ENSG00000104731	chr16	rs113254636	0.0396446	AMR
AMR_subclass_IN_SST	ENSG00000104731	chr16	rs75106008	0.1660639	AMR
AMR_subclass_IN_SST	ENSG00000104731	chr16	rs34250289	-0.03320342	AMR
AMR_subclass_IN_SST	ENSG00000104731	chr16	rs12926382	0.03148363	AMR
AMR_subclass_IN_SST	ENSG00000104731	chr16	rs74037599	-0.03849815	AMR
AMR_subclass_IN_SST	ENSG00000104731	chr16	rs77287873	-0.01178572	AMR
AMR_subclass_IN_SST	ENSG00000104731	chr16	rs112849755	-0.01401107	AMR
AMR_subclass_IN_SST	ENSG00000104731	chr16	rs77791934	-0.0154021	AMR
AMR_subclass_IN_SST	ENSG00000104731	chr16	rs78261304	-0.008582145	AMR
AMR_subclass_IN_SST	ENSG00000104731	chr16	rs7193979	-0.1403981	AMR
AMR_subclass_IN_SST	ENSG00000104731	chr16	rs7195819	-0.1048748	AMR
AMR_subclass_IN_SST	ENSG00000104731	chr16	rs146217589	-0.002726705	AMR
AMR_subclass_IN_SST	ENSG00000104731	chr16	rs11117266	0.008962929	AMR
AMR_subclass_IN_SST	ENSG00000104731	chr16	rs117786605	-0.2351866	AMR
AMR_subclass_IN_SST	ENSG00000104731	chr16	rs117722164	-0.001458635	AMR
AMR_subclass_IN_SST	ENSG00000104731	chr16	rs16942916	-0.009328806	AMR
AMR_subclass_IN_SST	ENSG00000104731	chr16	rs9972730	0.0002466243	AMR
AMR_subclass_IN_SST	ENSG00000104731	chr16	rs8054103	0.001501967	AMR
AMR_subclass_IN_SST	ENSG00000104731	chr16	rs181860771	0.03503267	AMR
AMR_subclass_IN_SST	ENSG00000104731	chr16	rs12149219	0.2310894	AMR
AMR_subclass_IN_SST	ENSG00000104731	chr16	rs4080580	0.1344796	AMR
AMR_subclass_IN_SST	ENSG00000104731	chr16	rs55841501	0.01186417	AMR
AMR_subclass_IN_SST	ENSG00000104731	chr16	rs72810137	0.01093254	AMR
AMR_subclass_IN_SST	ENSG00000104731	chr16	rs78226960	0.02742503	AMR
AMR_subclass_IN_SST	ENSG00000104731	chr16	rs75837650	0.02641026	AMR
AMR_subclass_IN_SST	ENSG00000104731	chr16	rs77629025	0.02531865	AMR
AMR_subclass_IN_SST	ENSG00000104731	chr16	rs117186386	0.02426248	AMR
AMR_subclass_IN_SST	ENSG00000104731	chr16	rs4843257	-0.08390493	AMR
AMR_subclass_IN_SST	ENSG00000104731	chr16	rs9929191	0.0445155	AMR
AMR_subclass_IN_SST	ENSG00000104731	chr16	rs60515490	-0.04308284	AMR
AMR_subclass_IN_SST	ENSG00000104731	chr16	rs9933061	0.145629	AMR
AMR_subclass_IN_SST	ENSG00000104731	chr16	rs8054180	0.02007072	AMR
AMR_subclass_IN_SST	ENSG00000104731	chr16	rs4843680	0.06026504	AMR
AMR_subclass_IN_SST	ENSG00000104731	chr16	rs12447885	0.003256132	AMR
AMR_subclass_IN_SST	ENSG00000104731	chr16	rs149908343	-0.2848129	AMR
AMR_subclass_IN_SST	ENSG00000104731	chr16	rs7190280	0.04533151	AMR
AMR_subclass_IN_SST	ENSG00000104731	chr16	rs74472113	0.003647202	AMR
AMR_subclass_IN_SST	ENSG00000104731	chr16	rs1599801	0.01164445	AMR
AMR_subclass_IN_SST	ENSG00000104731	chr16	rs12596601	0.02123577	AMR
AMR_subclass_IN_SST	ENSG00000104731	chr16	rs12596602	0.01897219	AMR
AMR_subclass_IN_SST	ENSG00000104731	chr16	rs12599621	0.01718646	AMR
AMR_subclass_IN_SST	ENSG00000104731	chr16	rs34681991	0.0162059	AMR
AMR_subclass_IN_SST	ENSG00000104731	chr16	rs12597435	0.01525921	AMR
AMR_subclass_IN_SST	ENSG00000104731	chr16	rs12599814	0.01416617	AMR
AMR_subclass_IN_SST	ENSG00000104731	chr16	rs34499475	0.01293722	AMR
AMR_subclass_IN_SST	ENSG00000104731	chr16	rs12934862	0.01158948	AMR
AMR_subclass_IN_SST	ENSG00000104731	chr16	rs77472719	0.01013683	AMR
AMR_subclass_IN_SST	ENSG00000104731	chr16	rs35038394	0.008612591	AMR
AMR_subclass_IN_SST	ENSG00000104731	chr16	rs80044280	-0.06630865	AMR
AMR_subclass_IN_SST	ENSG00000104731	chr16	rs8060870	0.1147599	AMR
AMR_subclass_IN_SST	ENSG00000104731	chr16	rs11117302	0.03007851	AMR
AMR_subclass_IN_SST	ENSG00000104731	chr16	rs4843706	0.01194257	AMR
AMR_subclass_IN_SST	ENSG00000104731	chr16	rs7200117	0.01338648	AMR
AMR_subclass_IN_SST	ENSG00000104731	chr16	rs4843708	7.609873e-06	AMR
AMR_subclass_IN_SST	ENSG00000104731	chr16	rs5014367	0.03319286	AMR
AMR_subclass_IN_SST	ENSG00000104731	chr16	rs71383671	0.03193456	AMR
AMR_subclass_IN_SST	ENSG00000104731	chr16	rs55748143	-0.06174637	AMR
AMR_subclass_IN_SST	ENSG00000104731	chr16	rs111404030	0.05369249	AMR
AMR_subclass_IN_SST	ENSG00000104731	chr16	rs74041804	-0.01993384	AMR
AMR_subclass_IN_SST	ENSG00000104731	chr16	rs12933820	0.02472689	AMR
AMR_subclass_IN_SST	ENSG00000104731	chr16	rs72816338	0.02280244	AMR
AMR_subclass_IN_SST	ENSG00000104731	chr16	rs3922728	0.5217665	AMR
AMR_subclass_IN_SST	ENSG00000104731	chr16	rs114563724	0.2052817	AMR
AMR_subclass_IN_SST	ENSG00000104731	chr16	rs7501216	-0.02176648	AMR
AMR_subclass_IN_SST	ENSG00000104731	chr16	rs72816349	-0.005504148	AMR
AMR_subclass_IN_SST	ENSG00000104731	chr16	rs57641558	0.04657079	AMR
AMR_subclass_IN_SST	ENSG00000104731	chr16	rs4569291	0.1221031	AMR
AMR_subclass_IN_SST	ENSG00000104731	chr16	rs59155840	0.06523539	AMR
AMR_subclass_IN_SST	ENSG00000104731	chr16	rs77033269	0.1379865	AMR
AMR_subclass_IN_SST	ENSG00000104731	chr16	rs74534548	0.1327573	AMR
AMR_subclass_IN_SST	ENSG00000104731	chr16	rs4843789	-0.05050705	AMR
AMR_subclass_IN_SST	ENSG00000104731	chr16	rs78478386	-0.03732263	AMR
AMR_subclass_IN_SST	ENSG00000104731	chr16	rs79054403	-0.03837185	AMR
AMR_subclass_IN_SST	ENSG00000104731	chr16	rs74251079	-0.03758781	AMR
AMR_subclass_IN_SST	ENSG00000104731	chr16	rs12925430	0.004158868	AMR
AMR_subclass_IN_SST	ENSG00000104731	chr16	rs74336176	-0.08373654	AMR
AMR_subclass_IN_SST	ENSG00000104731	chr16	rs75269424	-0.2828574	AMR
AMR_subclass_IN_SST	ENSG00000104731	chr16	rs8063419	0.02784831	AMR
AMR_subclass_IN_SST	ENSG00000104731	chr16	rs1985938	0.02584426	AMR
AMR_subclass_IN_SST	ENSG00000104731	chr16	rs9930244	-0.09851098	AMR
AMR_subclass_IN_SST	ENSG00000104731	chr16	rs72820520	0.151251	AMR
AMR_subclass_IN_SST	ENSG00000104731	chr16	rs12920327	-0.1829826	AMR
AMR_subclass_IN_SST	ENSG00000104731	chr16	rs11117395	-0.01926171	AMR
AMR_subclass_IN_SST	ENSG00000104731	chr16	rs12933008	-0.01922751	AMR
AMR_subclass_IN_SST	ENSG00000104731	chr16	rs7190045	0.1813776	AMR
AMR_subclass_IN_SST	ENSG00000104731	chr16	rs74469385	-0.02464172	AMR
AMR_subclass_IN_SST	ENSG00000104731	chr16	rs7198032	0.005460453	AMR
AMR_subclass_IN_SST	ENSG00000104731	chr16	rs12443818	-0.004296326	AMR
AMR_subclass_IN_SST	ENSG00000104731	chr16	rs61472141	0.09939422	AMR
AMR_subclass_IN_SST	ENSG00000104731	chr16	rs3812953	-0.008593381	AMR
AMR_subclass_IN_SST	ENSG00000104731	chr16	rs11644305	0.2701547	AMR
AMR_subclass_IN_SST	ENSG00000104731	chr16	rs55706388	1.30141e-05	AMR
AMR_subclass_IN_SST	ENSG00000104731	chr16	rs56372651	4.027934e-07	AMR
AMR_subclass_IN_SST	ENSG00000104731	chr16	rs113752529	-0.03344814	AMR
AMR_subclass_IN_SST	ENSG00000104731	chr16	rs1107792	0.01986886	AMR
AMR_subclass_IN_SST	ENSG00000104731	chr16	rs881255	0.008884749	AMR
AMR_subclass_IN_SST	ENSG00000104731	chr16	rs1353984	0.04038618	AMR
AMR_subclass_IN_SST	ENSG00000104731	chr16	rs899732	0.03411948	AMR
AMR_subclass_IN_SST	ENSG00000104731	chr16	rs28584853	0.001163436	AMR
AMR_subclass_IN_SST	ENSG00000104731	chr16	rs11647454	0.06226934	AMR
AMR_subclass_IN_SST	ENSG00000104731	chr16	rs12597859	0.04437909	AMR
AMR_subclass_IN_SST	ENSG00000104731	chr16	rs149822010	0.08750852	AMR
AMR_subclass_IN_SST	ENSG00000104731	chr16	rs12443511	0.09285177	AMR
AMR_subclass_IN_SST	ENSG00000104731	chr16	rs7199364	-0.1077909	AMR
AMR_subclass_IN_SST	ENSG00000104731	chr16	rs4468599	-0.04941807	AMR
AMR_subclass_IN_SST	ENSG00000104731	chr16	rs149933335	-0.1162152	AMR
AMR_subclass_IN_SST	ENSG00000104731	chr16	rs113132586	-0.2144739	AMR
AMR_subclass_IN_SST	ENSG00000104731	chr16	rs62048041	-0.03792633	AMR
AMR_subclass_IN_SST	ENSG00000104731	chr16	rs11646378	-0.01085132	AMR
AMR_subclass_IN_SST	ENSG00000104731	chr16	rs11642407	-0.04156436	AMR
AMR_subclass_IN_SST	ENSG00000104731	chr16	rs11642408	-0.04456304	AMR
AMR_subclass_IN_SST	ENSG00000104731	chr16	rs112081600	0.2749447	AMR
AMR_subclass_IN_SST	ENSG00000104731	chr16	rs28642110	-0.034458	AMR
AMR_subclass_IN_SST	ENSG00000104899	chr19	rs10423344	0.1580484	AMR
AMR_subclass_IN_SST	ENSG00000104899	chr19	rs10424501	0.1486195	AMR
AMR_subclass_IN_SST	ENSG00000104899	chr19	rs72979588	0.1053162	AMR
AMR_subclass_IN_SST	ENSG00000104899	chr19	rs80285308	-0.02184666	AMR
AMR_subclass_IN_SST	ENSG00000104899	chr19	rs3826942	-0.04456926	AMR
AMR_subclass_IN_SST	ENSG00000104899	chr19	rs2668419	-0.00104283	AMR
AMR_subclass_IN_SST	ENSG00000104899	chr19	rs2668427	-0.0001306448	AMR
AMR_subclass_IN_SST	ENSG00000104899	chr19	rs34885619	-0.1300851	AMR
AMR_subclass_IN_SST	ENSG00000104899	chr19	rs72983545	-0.1588102	AMR
AMR_subclass_IN_SST	ENSG00000104899	chr19	rs2074898	-0.006119729	AMR
AMR_subclass_IN_SST	ENSG00000104899	chr19	rs12977033	-0.05000861	AMR
AMR_subclass_IN_SST	ENSG00000104899	chr19	rs117229743	0.3738957	AMR
AMR_subclass_IN_SST	ENSG00000104899	chr19	rs3894776	0.01456427	AMR
AMR_subclass_IN_SST	ENSG00000104899	chr19	rs2456163	0.1480376	AMR
AMR_subclass_IN_SST	ENSG00000104899	chr19	rs1047854	-0.03254384	AMR
AMR_subclass_IN_SST	ENSG00000104899	chr19	rs4133069	-0.1086802	AMR
AMR_subclass_IN_SST	ENSG00000104899	chr19	rs72987538	-0.02369674	AMR
AMR_subclass_IN_SST	ENSG00000104899	chr19	rs8101420	-0.04349893	AMR
AMR_subclass_IN_SST	ENSG00000104899	chr19	rs10406647	-0.0117909	AMR
AMR_subclass_IN_SST	ENSG00000104899	chr19	rs79566256	-0.07899296	AMR
AMR_subclass_IN_SST	ENSG00000104899	chr19	rs79546356	-0.06197332	AMR
AMR_subclass_IN_SST	ENSG00000104899	chr19	rs72989730	0.003206235	AMR
AMR_subclass_IN_SST	ENSG00000104899	chr19	rs57642624	0.007467273	AMR
AMR_subclass_IN_SST	ENSG00000104899	chr19	rs60325622	0.004827237	AMR
AMR_subclass_IN_SST	ENSG00000104899	chr19	rs78492185	-0.2945434	AMR
AMR_subclass_IN_SST	ENSG00000104899	chr19	rs549502722	-0.03473549	AMR
AMR_subclass_IN_SST	ENSG00000104899	chr19	rs147979300	-0.03907462	AMR
AMR_subclass_IN_SST	ENSG00000104899	chr19	rs12461105	-0.03655633	AMR
AMR_subclass_IN_SST	ENSG00000104899	chr19	rs149818105	-0.5330304	AMR
AMR_subclass_IN_SST	ENSG00000104899	chr19	rs10412162	0.05948416	AMR
AMR_subclass_IN_SST	ENSG00000104899	chr19	rs77881769	-0.1466642	AMR
AMR_subclass_IN_SST	ENSG00000104899	chr19	rs11670034	0.0008811145	AMR
AMR_subclass_IN_SST	ENSG00000104899	chr19	rs7259757	0.01946494	AMR
AMR_subclass_IN_SST	ENSG00000104899	chr19	rs4807192	-0.2233758	AMR
AMR_subclass_IN_SST	ENSG00000104899	chr19	rs12984886	-0.06930649	AMR
AMR_subclass_IN_SST	ENSG00000104899	chr19	rs80099718	-0.02890651	AMR
AMR_subclass_IN_SST	ENSG00000104899	chr19	rs62129536	0.0070277	AMR
AMR_subclass_IN_SST	ENSG00000104899	chr19	rs77850522	-0.08244877	AMR
AMR_subclass_IN_SST	ENSG00000104899	chr19	rs60379186	0.06893214	AMR
AMR_subclass_IN_SST	ENSG00000104899	chr19	rs12981780	0.002405615	AMR
AMR_subclass_IN_SST	ENSG00000104899	chr19	rs4806831	0.0003015185	AMR
AMR_subclass_IN_SST	ENSG00000104899	chr19	rs2005325	-0.4262792	AMR
AMR_subclass_IN_SST	ENSG00000104899	chr19	rs78591932	-0.150192	AMR
AMR_subclass_IN_SST	ENSG00000104899	chr19	rs145111748	-6.070481e-05	AMR
AMR_subclass_IN_SST	ENSG00000104899	chr19	rs3746161	-7.269488e-07	AMR
AMR_subclass_IN_SST	ENSG00000104899	chr19	rs2301798	-8.705316e-09	AMR
AMR_subclass_IN_SST	ENSG00000104899	chr19	rs11548482	-1.042474e-10	AMR
AMR_subclass_IN_SST	ENSG00000104899	chr19	rs77585572	-1.248371e-12	AMR
AMR_subclass_IN_SST	ENSG00000104899	chr19	rs76064118	-1.495728e-14	AMR
AMR_subclass_IN_SST	ENSG00000104899	chr19	rs77682561	-0.2868825	AMR
AMR_subclass_IN_SST	ENSG00000104899	chr19	rs77245362	-0.2943902	AMR
AMR_subclass_IN_SST	ENSG00000104899	chr19	rs76440256	-0.002388672	AMR
AMR_subclass_IN_SST	ENSG00000104899	chr19	rs7249235	0.1458871	AMR
AMR_subclass_IN_SST	ENSG00000104899	chr19	rs4806833	0.2425114	AMR
AMR_subclass_IN_SST	ENSG00000104899	chr19	rs77542691	-0.0001909826	AMR
AMR_subclass_IN_SST	ENSG00000104899	chr19	rs3761018	-4.837786e-06	AMR
AMR_subclass_IN_SST	ENSG00000104899	chr19	rs4807217	-0.03103852	AMR
AMR_subclass_IN_SST	ENSG00000104899	chr19	rs4806834	-0.1152685	AMR
AMR_subclass_IN_SST	ENSG00000104899	chr19	rs56054943	0.1453193	AMR
AMR_subclass_IN_SST	ENSG00000104899	chr19	rs55662626	-0.07128773	AMR
AMR_subclass_IN_SST	ENSG00000104899	chr19	rs6510655	-0.06914025	AMR
AMR_subclass_IN_SST	ENSG00000104899	chr19	rs8102479	-0.03717694	AMR
AMR_subclass_IN_SST	ENSG00000104899	chr19	rs74584365	-0.01596468	AMR
AMR_subclass_IN_SST	ENSG00000104899	chr19	rs76528906	-0.005703319	AMR
AMR_subclass_IN_SST	ENSG00000104899	chr19	rs113345392	-0.00173529	AMR
AMR_subclass_IN_SST	ENSG00000104899	chr19	rs4807222	-0.06434942	AMR
AMR_subclass_IN_SST	ENSG00000104899	chr19	rs12151295	0.2412564	AMR
AMR_subclass_IN_SST	ENSG00000104899	chr19	rs876692	-0.00370078	AMR
AMR_subclass_IN_SST	ENSG00000104899	chr19	rs80292256	-0.002143187	AMR
AMR_subclass_IN_SST	ENSG00000104899	chr19	rs77101477	0.04264662	AMR
AMR_subclass_IN_SST	ENSG00000104899	chr19	rs79980491	-0.0002125566	AMR
AMR_subclass_IN_SST	ENSG00000104899	chr19	rs75504785	-1.664244e-05	AMR
AMR_subclass_IN_SST	ENSG00000104899	chr19	rs77855457	-1.005517e-06	AMR
AMR_subclass_IN_SST	ENSG00000104899	chr19	rs111466490	-5.044584e-08	AMR
AMR_subclass_IN_SST	ENSG00000104899	chr19	rs55769436	0.06252047	AMR
AMR_subclass_IN_SST	ENSG00000104899	chr19	rs12977539	0.0278756	AMR
AMR_subclass_IN_SST	ENSG00000104899	chr19	rs77246366	0.2351844	AMR
AMR_subclass_IN_SST	ENSG00000104899	chr19	rs139729144	0.007060686	AMR
AMR_subclass_IN_SST	ENSG00000104899	chr19	rs62122260	-0.01876407	AMR
AMR_subclass_IN_SST	ENSG00000104899	chr19	rs58617887	-0.01561035	AMR
AMR_subclass_IN_SST	ENSG00000104899	chr19	rs735911	-0.01347991	AMR
AMR_subclass_IN_SST	ENSG00000104899	chr19	rs111768825	0.07827228	AMR
AMR_subclass_IN_SST	ENSG00000104899	chr19	rs76105646	-0.01273639	AMR
AMR_subclass_IN_SST	ENSG00000104899	chr19	rs7247162	-0.012744	AMR
AMR_subclass_IN_SST	ENSG00000104899	chr19	rs111706781	-0.008996781	AMR
AMR_subclass_IN_SST	ENSG00000104899	chr19	rs4807277	0.008279631	AMR
AMR_subclass_IN_SST	ENSG00000104899	chr19	rs3752174	-0.0752382	AMR
AMR_subclass_IN_SST	ENSG00000104899	chr19	rs4807287	-0.06733267	AMR
AMR_subclass_IN_SST	ENSG00000104899	chr19	rs60154733	-0.02861835	AMR
AMR_subclass_IN_SST	ENSG00000104899	chr19	rs7246554	0.05099009	AMR
AMR_subclass_IN_SST	ENSG00000104899	chr19	rs10409191	-0.06064793	AMR
AMR_subclass_IN_SST	ENSG00000104899	chr19	rs74562660	-0.004118313	AMR
AMR_subclass_IN_SST	ENSG00000104899	chr19	rs10404003	0.02801423	AMR
AMR_subclass_IN_SST	ENSG00000104899	chr19	rs73918096	0.02972144	AMR
AMR_subclass_IN_SST	ENSG00000104899	chr19	rs7252355	0.02513713	AMR
AMR_subclass_IN_SST	ENSG00000104899	chr19	rs1860662	-0.2814227	AMR
AMR_subclass_IN_SST	ENSG00000104899	chr19	rs73510507	0.00600905	AMR
AMR_subclass_IN_SST	ENSG00000104899	chr19	rs8100745	0.2130924	AMR
AMR_subclass_IN_SST	ENSG00000104899	chr19	rs11666073	0.06121525	AMR
AMR_subclass_IN_SST	ENSG00000104899	chr19	rs148594525	-0.003561288	AMR
AMR_subclass_IN_SST	ENSG00000104899	chr19	rs77718413	-0.01562102	AMR
AMR_subclass_IN_SST	ENSG00000104899	chr19	rs76359417	-0.02067206	AMR
AMR_subclass_IN_SST	ENSG00000104899	chr19	rs73920531	-0.02135064	AMR
AMR_subclass_IN_SST	ENSG00000104899	chr19	rs73920532	-0.02054675	AMR
AMR_subclass_IN_SST	ENSG00000104899	chr19	rs56064339	-0.01957912	AMR
AMR_subclass_IN_SST	ENSG00000104899	chr19	rs74493858	-0.01873734	AMR
AMR_subclass_IN_SST	ENSG00000104899	chr19	rs143669080	-0.1184454	AMR
AMR_subclass_IN_SST	ENSG00000104899	chr19	rs8104152	0.120264	AMR
AMR_subclass_IN_SST	ENSG00000104899	chr19	rs149972721	-0.1100823	AMR
AMR_subclass_IN_SST	ENSG00000104899	chr19	rs72978800	-0.09933599	AMR
AMR_subclass_IN_SST	ENSG00000104899	chr19	rs73920498	-0.06378653	AMR
AMR_subclass_IN_SST	ENSG00000104899	chr19	rs112483997	-0.05846201	AMR
AMR_subclass_IN_SST	ENSG00000104899	chr19	rs73920499	-0.05558414	AMR
AMR_subclass_IN_SST	ENSG00000104899	chr19	rs73920500	-0.05534296	AMR
AMR_subclass_IN_SST	ENSG00000104899	chr19	rs59527085	-0.05638776	AMR
AMR_subclass_IN_SST	ENSG00000104899	chr19	rs58755664	-0.05756774	AMR
AMR_subclass_IN_SST	ENSG00000104899	chr19	rs7343093	-0.09434847	AMR
AMR_subclass_IN_SST	ENSG00000104899	chr19	rs57521154	-0.278268	AMR
AMR_subclass_IN_SST	ENSG00000104899	chr19	rs57662515	-0.1494652	AMR
AMR_subclass_IN_SST	ENSG00000104899	chr19	rs12971451	-0.07026648	AMR
AMR_subclass_IN_SST	ENSG00000104899	chr19	rs45459194	0.04507044	AMR
AMR_subclass_IN_SST	ENSG00000104899	chr19	rs6510701	0.0966129	AMR
AMR_subclass_IN_SST	ENSG00000104899	chr19	rs72982709	0.0484951	AMR
AMR_subclass_IN_SST	ENSG00000104899	chr19	rs1640274	0.1073505	AMR
AMR_subclass_IN_SST	ENSG00000104899	chr19	rs116948235	0.08315789	AMR
AMR_subclass_IN_SST	ENSG00000104899	chr19	rs12609359	0.008119407	AMR
AMR_subclass_IN_SST	ENSG00000104899	chr19	rs4807357	0.04803548	AMR
AMR_subclass_IN_SST	ENSG00000104899	chr19	rs4806887	0.001397596	AMR
AMR_subclass_IN_SST	ENSG00000104899	chr19	rs8101583	0.0026518	AMR
AMR_subclass_IN_SST	ENSG00000104899	chr19	rs148349372	-0.06005241	AMR
AMR_subclass_IN_SST	ENSG00000104899	chr19	rs2316869	-0.04368268	AMR
AMR_subclass_IN_SST	ENSG00000104899	chr19	rs60447818	-0.1405274	AMR
AMR_subclass_IN_SST	ENSG00000104899	chr19	rs2277739	-0.07063665	AMR
AMR_subclass_IN_SST	ENSG00000104899	chr19	rs4807381	-0.019664	AMR
AMR_subclass_IN_SST	ENSG00000104899	chr19	rs72986873	-0.2107662	AMR
AMR_subclass_IN_SST	ENSG00000104899	chr19	rs35008596	-0.1148943	AMR
AMR_subclass_IN_SST	ENSG00000104899	chr19	rs3760963	-0.09071565	AMR
AMR_subclass_IN_SST	ENSG00000104899	chr19	rs115387851	-0.01061654	AMR
AMR_subclass_IN_SST	ENSG00000104899	chr19	rs62125450	-0.1643698	AMR
AMR_subclass_IN_SST	ENSG00000104899	chr19	rs4806901	-0.01515383	AMR
AMR_subclass_IN_SST	ENSG00000104899	chr19	rs367825	-0.005437191	AMR
AMR_subclass_IN_SST	ENSG00000104899	chr19	rs35212176	-0.0611014	AMR
AMR_subclass_IN_SST	ENSG00000104899	chr19	rs12978363	-0.2618446	AMR
AMR_subclass_IN_SST	ENSG00000104899	chr19	rs1688132	-0.003469993	AMR
AMR_subclass_IN_SST	ENSG00000104899	chr19	rs1688133	-0.008993095	AMR
AMR_subclass_IN_SST	ENSG00000104899	chr19	rs113141647	-0.3792259	AMR
AMR_subclass_IN_SST	ENSG00000104899	chr19	rs11882719	-0.05395246	AMR
AMR_subclass_IN_SST	ENSG00000104899	chr19	rs10409051	-0.03149116	AMR
AMR_subclass_IN_SST	ENSG00000104899	chr19	rs10421389	-0.01367689	AMR
AMR_subclass_IN_SST	ENSG00000104899	chr19	rs412874	-0.02283757	AMR
AMR_subclass_IN_SST	ENSG00000104899	chr19	rs12461818	-0.01929913	AMR
AMR_subclass_IN_SST	ENSG00000104899	chr19	rs117131166	-0.04658387	AMR
AMR_subclass_IN_SST	ENSG00000104915	chr19	rs182558787	-0.149917832	AMR
AMR_subclass_IN_SST	ENSG00000104915	chr19	rs11672533	0.132992879	AMR
AMR_subclass_IN_SST	ENSG00000104915	chr19	rs12327597	-0.009448303	AMR
AMR_subclass_IN_SST	ENSG00000104915	chr19	rs55981930	0.019646831	AMR
AMR_subclass_IN_SST	ENSG00000104915	chr19	rs7255124	0.018854458	AMR
AMR_subclass_IN_SST	ENSG00000104915	chr19	rs56236546	0.01687241	AMR
AMR_subclass_IN_SST	ENSG00000104915	chr19	rs137982532	-0.086853636	AMR
AMR_subclass_IN_SST	ENSG00000104915	chr19	rs111809493	0.028354813	AMR
AMR_subclass_IN_SST	ENSG00000104915	chr19	rs61261429	-0.010652117	AMR
AMR_subclass_IN_SST	ENSG00000104915	chr19	rs13382150	-0.127217117	AMR
AMR_subclass_IN_SST	ENSG00000104915	chr19	rs8109635	0.221135463	AMR
AMR_subclass_IN_SST	ENSG00000104915	chr19	rs17777900	-0.043871926	AMR
AMR_subclass_IN_SST	ENSG00000104915	chr19	rs11667852	0.047450992	AMR
AMR_subclass_IN_SST	ENSG00000104915	chr19	rs12460146	-0.106893462	AMR
AMR_subclass_IN_SST	ENSG00000104915	chr19	rs35183062	0.317919332	AMR
AMR_subclass_IN_SST	ENSG00000105186	chr19	rs16965956	0.02832886	AMR
AMR_subclass_IN_SST	ENSG00000105186	chr19	rs59214841	0.03060526	AMR
AMR_subclass_IN_SST	ENSG00000105186	chr19	rs892210	-0.0328344	AMR
AMR_subclass_IN_SST	ENSG00000105186	chr19	rs113773944	0.3546765	AMR
AMR_subclass_IN_SST	ENSG00000105186	chr19	rs79478036	-0.05829526	AMR
AMR_subclass_IN_SST	ENSG00000105186	chr19	rs76056216	-0.2006111	AMR
AMR_subclass_IN_SST	ENSG00000105186	chr19	rs113248333	-0.05850713	AMR
AMR_subclass_IN_SST	ENSG00000105186	chr19	rs66648423	-0.03663871	AMR
AMR_subclass_IN_SST	ENSG00000105186	chr19	rs35601001	-0.03544637	AMR
AMR_subclass_IN_SST	ENSG00000105186	chr19	rs74554856	-0.01943754	AMR
AMR_subclass_IN_SST	ENSG00000105186	chr19	rs8113622	0.08217109	AMR
AMR_subclass_IN_SST	ENSG00000105186	chr19	rs11084613	0.03074238	AMR
AMR_subclass_IN_SST	ENSG00000105186	chr19	rs8112704	0.004404516	AMR
AMR_subclass_IN_SST	ENSG00000105186	chr19	rs77763446	-0.01550496	AMR
AMR_subclass_IN_SST	ENSG00000105186	chr19	rs74595824	-0.01539302	AMR
AMR_subclass_IN_SST	ENSG00000105186	chr19	rs78596920	-0.01628256	AMR
AMR_subclass_IN_SST	ENSG00000105186	chr19	rs77296698	-0.01739132	AMR
AMR_subclass_IN_SST	ENSG00000105186	chr19	rs114359832	-0.05523581	AMR
AMR_subclass_IN_SST	ENSG00000105186	chr19	rs2240661	0.05157157	AMR
AMR_subclass_IN_SST	ENSG00000105186	chr19	rs1468477	0.1202782	AMR
AMR_subclass_IN_SST	ENSG00000105186	chr19	rs73027567	-0.1772265	AMR
AMR_subclass_IN_SST	ENSG00000105186	chr19	rs62103587	0.1365786	AMR
AMR_subclass_IN_SST	ENSG00000105186	chr19	rs7257815	0.03667032	AMR
AMR_subclass_IN_SST	ENSG00000105186	chr19	rs117629776	0.03413429	AMR
AMR_subclass_IN_SST	ENSG00000105186	chr19	rs79712207	0.03787009	AMR
AMR_subclass_IN_SST	ENSG00000105186	chr19	rs74844923	0.03859124	AMR
AMR_subclass_IN_SST	ENSG00000105186	chr19	rs11084622	-0.003563985	AMR
AMR_subclass_IN_SST	ENSG00000105186	chr19	rs117227209	0.03733669	AMR
AMR_subclass_IN_SST	ENSG00000105186	chr19	rs4805722	-0.003544962	AMR
AMR_subclass_IN_SST	ENSG00000105186	chr19	rs117839502	0.0356817	AMR
AMR_subclass_IN_SST	ENSG00000105186	chr19	rs34486100	-0.07957116	AMR
AMR_subclass_IN_SST	ENSG00000105186	chr19	rs1030688	-0.1098231	AMR
AMR_subclass_IN_SST	ENSG00000105186	chr19	rs1549961	-0.03139836	AMR
AMR_subclass_IN_SST	ENSG00000105186	chr19	rs12709991	-0.03279672	AMR
AMR_subclass_IN_SST	ENSG00000105186	chr19	rs71351149	-0.03270722	AMR
AMR_subclass_IN_SST	ENSG00000105186	chr19	rs58722475	-0.03192643	AMR
AMR_subclass_IN_SST	ENSG00000105186	chr19	rs10402328	-0.03098349	AMR
AMR_subclass_IN_SST	ENSG00000105186	chr19	rs77794720	0.03392309	AMR
AMR_subclass_IN_SST	ENSG00000105186	chr19	rs77707913	0.03211452	AMR
AMR_subclass_IN_SST	ENSG00000105186	chr19	rs78183022	0.03029937	AMR
AMR_subclass_IN_SST	ENSG00000105186	chr19	rs73927519	-0.08518959	AMR
AMR_subclass_IN_SST	ENSG00000105186	chr19	rs7255163	-0.1687674	AMR
AMR_subclass_IN_SST	ENSG00000105186	chr19	rs4805734	-0.04773975	AMR
AMR_subclass_IN_SST	ENSG00000105186	chr19	rs7259401	-0.04847885	AMR
AMR_subclass_IN_SST	ENSG00000105186	chr19	rs7259538	-0.04759554	AMR
AMR_subclass_IN_SST	ENSG00000105186	chr19	rs17625918	0.01711876	AMR
AMR_subclass_IN_SST	ENSG00000105186	chr19	rs8112620	0.008686047	AMR
AMR_subclass_IN_SST	ENSG00000105186	chr19	rs2108627	0.007899455	AMR
AMR_subclass_IN_SST	ENSG00000105186	chr19	rs73578469	0.05710305	AMR
AMR_subclass_IN_SST	ENSG00000105186	chr19	rs71351162	-0.08226008	AMR
AMR_subclass_IN_SST	ENSG00000105186	chr19	rs71351163	-0.08463626	AMR
AMR_subclass_IN_SST	ENSG00000105186	chr19	rs71351166	-0.08467619	AMR
AMR_subclass_IN_SST	ENSG00000105186	chr19	rs36021469	-0.06310007	AMR
AMR_subclass_IN_SST	ENSG00000105186	chr19	rs4805780	0.07343734	AMR
AMR_subclass_IN_SST	ENSG00000105186	chr19	rs8100917	0.05987277	AMR
AMR_subclass_IN_SST	ENSG00000105186	chr19	rs150159787	0.01530933	AMR
AMR_subclass_IN_SST	ENSG00000105186	chr19	rs8113523	0.01991101	AMR
AMR_subclass_IN_SST	ENSG00000105186	chr19	rs10422710	0.02174589	AMR
AMR_subclass_IN_SST	ENSG00000105186	chr19	rs10408280	0.02119342	AMR
AMR_subclass_IN_SST	ENSG00000105186	chr19	rs10414208	0.01951609	AMR
AMR_subclass_IN_SST	ENSG00000105186	chr19	rs35709439	0.1561874	AMR
AMR_subclass_IN_SST	ENSG00000105186	chr19	rs7248788	-0.008973756	AMR
AMR_subclass_IN_SST	ENSG00000105186	chr19	rs1827700	0.01736166	AMR
AMR_subclass_IN_SST	ENSG00000105186	chr19	rs8113684	0.0176921	AMR
AMR_subclass_IN_SST	ENSG00000105186	chr19	rs12986412	0.01703856	AMR
AMR_subclass_IN_SST	ENSG00000105186	chr19	rs78142838	0.03610724	AMR
AMR_subclass_IN_SST	ENSG00000105186	chr19	rs76026953	-0.08103662	AMR
AMR_subclass_IN_SST	ENSG00000105186	chr19	rs7247715	-0.1698058	AMR
AMR_subclass_IN_SST	ENSG00000105186	chr19	rs59965700	0.01213936	AMR
AMR_subclass_IN_SST	ENSG00000105186	chr19	rs67225923	0.002099498	AMR
AMR_subclass_IN_SST	ENSG00000105186	chr19	rs10422724	0.002134371	AMR
AMR_subclass_IN_SST	ENSG00000105186	chr19	rs10421384	0.002278764	AMR
AMR_subclass_IN_SST	ENSG00000105186	chr19	rs10424007	0.002581589	AMR
AMR_subclass_IN_SST	ENSG00000105186	chr19	rs10423470	0.002913641	AMR
AMR_subclass_IN_SST	ENSG00000105186	chr19	rs16967712	-0.101027	AMR
AMR_subclass_IN_SST	ENSG00000105186	chr19	rs71351707	0.0008566393	AMR
AMR_subclass_IN_SST	ENSG00000105186	chr19	rs67517408	0.0002061814	AMR
AMR_subclass_IN_SST	ENSG00000105186	chr19	rs2163807	0.05099086	AMR
AMR_subclass_IN_SST	ENSG00000105186	chr19	rs10410414	0.0001100706	AMR
AMR_subclass_IN_SST	ENSG00000105186	chr19	rs10411068	0.0003390079	AMR
AMR_subclass_IN_SST	ENSG00000105186	chr19	rs10420808	-0.01077788	AMR
AMR_subclass_IN_SST	ENSG00000105186	chr19	rs73583817	0.01768889	AMR
AMR_subclass_IN_SST	ENSG00000105186	chr19	rs147872338	0.05992151	AMR
AMR_subclass_IN_SST	ENSG00000105186	chr19	rs11881580	0.04188783	AMR
AMR_subclass_IN_SST	ENSG00000105186	chr19	rs11669923	-0.06515505	AMR
AMR_subclass_IN_SST	ENSG00000105186	chr19	rs17694108	-0.06423845	AMR
AMR_subclass_IN_SST	ENSG00000105186	chr19	rs889106	-0.1335969	AMR
AMR_subclass_IN_SST	ENSG00000105186	chr19	rs34583164	0.001071741	AMR
AMR_subclass_IN_SST	ENSG00000105186	chr19	rs55741859	7.424359e-05	AMR
AMR_subclass_IN_SST	ENSG00000105186	chr19	rs17760904	0.09245727	AMR
AMR_subclass_IN_SST	ENSG00000105186	chr19	rs62102167	-0.02742275	AMR
AMR_subclass_IN_SST	ENSG00000105186	chr19	rs12232839	-0.0104784	AMR
AMR_subclass_IN_SST	ENSG00000105186	chr19	rs73027359	-0.08411282	AMR
AMR_subclass_IN_SST	ENSG00000105186	chr19	rs58279560	0.01071212	AMR
AMR_subclass_IN_SST	ENSG00000105186	chr19	rs79894698	0.009480708	AMR
AMR_subclass_IN_SST	ENSG00000105186	chr19	rs111604512	-0.124138	AMR
AMR_subclass_IN_SST	ENSG00000105402	chr19	rs11665715	0.0798517948	AMR
AMR_subclass_IN_SST	ENSG00000105402	chr19	rs74174239	0.1715489946	AMR
AMR_subclass_IN_SST	ENSG00000105402	chr19	rs12462534	0.0036243643	AMR
AMR_subclass_IN_SST	ENSG00000105402	chr19	rs12982537	0.0007306328	AMR
AMR_subclass_IN_SST	ENSG00000105429	chr19	rs117489163	-0.355060877	AMR
AMR_subclass_IN_SST	ENSG00000105429	chr19	rs11466338	-0.019911768	AMR
AMR_subclass_IN_SST	ENSG00000105429	chr19	rs73560846	-0.408955384	AMR
AMR_subclass_IN_SST	ENSG00000105429	chr19	rs59823881	-0.408852948	AMR
AMR_subclass_IN_SST	ENSG00000105429	chr19	rs74504701	-0.074768602	AMR
AMR_subclass_IN_SST	ENSG00000105429	chr19	rs77867699	-0.076757973	AMR
AMR_subclass_IN_SST	ENSG00000105429	chr19	rs111673482	-0.077492817	AMR
AMR_subclass_IN_SST	ENSG00000105429	chr19	rs112564019	-0.076877813	AMR
AMR_subclass_IN_SST	ENSG00000105429	chr19	rs59053697	-0.07567189	AMR
AMR_subclass_IN_SST	ENSG00000105429	chr19	rs75674145	-0.074336406	AMR
AMR_subclass_IN_SST	ENSG00000105429	chr19	rs8102548	-0.010259446	AMR
AMR_subclass_IN_SST	ENSG00000105429	chr19	rs116502431	0.003366919	AMR
AMR_subclass_IN_SST	ENSG00000105429	chr19	rs74259565	0.004897411	AMR
AMR_subclass_IN_SST	ENSG00000105429	chr19	rs3745231	0.005429347	AMR
AMR_subclass_IN_SST	ENSG00000105429	chr19	rs59099214	0.004673558	AMR
AMR_subclass_IN_SST	ENSG00000105429	chr19	rs8108096	0.003345339	AMR
AMR_subclass_IN_SST	ENSG00000105671	chr19	rs4808722	0.1305114	AMR
AMR_subclass_IN_SST	ENSG00000105671	chr19	rs73024609	0.003970699	AMR
AMR_subclass_IN_SST	ENSG00000105671	chr19	rs4808726	0.1376325	AMR
AMR_subclass_IN_SST	ENSG00000105671	chr19	rs150396214	0.4416068	AMR
AMR_subclass_IN_SST	ENSG00000105671	chr19	rs449747	-0.03116564	AMR
AMR_subclass_IN_SST	ENSG00000105671	chr19	rs112144875	-0.163882	AMR
AMR_subclass_IN_SST	ENSG00000105671	chr19	rs113698848	0.05285919	AMR
AMR_subclass_IN_SST	ENSG00000105671	chr19	rs141446888	-0.1639084	AMR
AMR_subclass_IN_SST	ENSG00000105671	chr19	rs7259012	0.0551155	AMR
AMR_subclass_IN_SST	ENSG00000105671	chr19	rs271832	-0.07184514	AMR
AMR_subclass_IN_SST	ENSG00000105671	chr19	rs1019445	-0.08588391	AMR
AMR_subclass_IN_SST	ENSG00000105671	chr19	rs11668079	0.04514934	AMR
AMR_subclass_IN_SST	ENSG00000105671	chr19	rs73009419	0.07370849	AMR
AMR_subclass_IN_SST	ENSG00000105671	chr19	rs139751608	-0.3319712	AMR
AMR_subclass_IN_SST	ENSG00000105671	chr19	rs145536188	0.06831538	AMR
AMR_subclass_IN_SST	ENSG00000105671	chr19	rs116986030	0.3005581	AMR
AMR_subclass_IN_SST	ENSG00000105671	chr19	rs2303694	-0.00147484	AMR
AMR_subclass_IN_SST	ENSG00000105671	chr19	rs79888481	-0.0004491134	AMR
AMR_subclass_IN_SST	ENSG00000105671	chr19	rs75245298	-9.424739e-05	AMR
AMR_subclass_IN_SST	ENSG00000105671	chr19	rs78855479	-1.67485e-05	AMR
AMR_subclass_IN_SST	ENSG00000105671	chr19	rs8107222	-2.702138e-06	AMR
AMR_subclass_IN_SST	ENSG00000105671	chr19	rs79341622	-4.090188e-07	AMR
AMR_subclass_IN_SST	ENSG00000105671	chr19	rs7251067	-5.916343e-08	AMR
AMR_subclass_IN_SST	ENSG00000105671	chr19	rs8101992	-8.271191e-09	AMR
AMR_subclass_IN_SST	ENSG00000105671	chr19	rs7246328	-1.126056e-09	AMR
AMR_subclass_IN_SST	ENSG00000105671	chr19	rs77543386	-1.500782e-10	AMR
AMR_subclass_IN_SST	ENSG00000105671	chr19	rs8108720	-0.1202997	AMR
AMR_subclass_IN_SST	ENSG00000105671	chr19	rs10424149	0.05074022	AMR
AMR_subclass_IN_SST	ENSG00000105671	chr19	rs139252711	-0.2790715	AMR
AMR_subclass_IN_SST	ENSG00000105671	chr19	rs76918953	-0.02458006	AMR
AMR_subclass_IN_SST	ENSG00000105671	chr19	rs138777417	-0.03322116	AMR
AMR_subclass_IN_SST	ENSG00000105671	chr19	rs78176924	-0.03334039	AMR
AMR_subclass_IN_SST	ENSG00000105671	chr19	rs112461059	-0.03370598	AMR
AMR_subclass_IN_SST	ENSG00000105671	chr19	rs75539352	-0.08166684	AMR
AMR_subclass_IN_SST	ENSG00000105671	chr19	rs4808926	-0.001794774	AMR
AMR_subclass_IN_SST	ENSG00000105671	chr19	rs12973258	-0.03971585	AMR
AMR_subclass_IN_SST	ENSG00000105671	chr19	rs34755166	-0.2143702	AMR
AMR_subclass_IN_SST	ENSG00000105671	chr19	rs45593331	-0.00488963	AMR
AMR_subclass_IN_SST	ENSG00000105671	chr19	rs117211530	-0.001482513	AMR
AMR_subclass_IN_SST	ENSG00000105671	chr19	rs113428937	-0.0003145227	AMR
AMR_subclass_IN_SST	ENSG00000105671	chr19	rs73923021	0.1702279	AMR
AMR_subclass_IN_SST	ENSG00000105671	chr19	rs7256713	0.04307697	AMR
AMR_subclass_IN_SST	ENSG00000105671	chr19	rs10422520	-0.06090156	AMR
AMR_subclass_IN_SST	ENSG00000105671	chr19	rs12327770	0.04265786	AMR
AMR_subclass_IN_SST	ENSG00000105671	chr19	rs16996360	0.01161239	AMR
AMR_subclass_IN_SST	ENSG00000105671	chr19	rs74979032	0.04588938	AMR
AMR_subclass_IN_SST	ENSG00000105671	chr19	rs57490026	0.0451696	AMR
AMR_subclass_IN_SST	ENSG00000105671	chr19	rs73925533	-0.184486	AMR
AMR_subclass_IN_SST	ENSG00000105671	chr19	rs57992944	-0.1839966	AMR
AMR_subclass_IN_SST	ENSG00000105983	chr7	rs58431129	0.202521567	AMR
AMR_subclass_IN_SST	ENSG00000105983	chr7	rs78217518	0.3183446067	AMR
AMR_subclass_IN_SST	ENSG00000105983	chr7	rs13242795	-0.0010469688	AMR
AMR_subclass_IN_SST	ENSG00000105983	chr7	rs78542781	-0.0676352761	AMR
AMR_subclass_IN_SST	ENSG00000105983	chr7	rs62481725	-0.0247186132	AMR
AMR_subclass_IN_SST	ENSG00000105983	chr7	rs56037097	-0.0034681986	AMR
AMR_subclass_IN_SST	ENSG00000105983	chr7	rs150059528	-0.4592642089	AMR
AMR_subclass_IN_SST	ENSG00000105983	chr7	rs4716567	-0.0056466609	AMR
AMR_subclass_IN_SST	ENSG00000105983	chr7	rs10225087	-0.072504128	AMR
AMR_subclass_IN_SST	ENSG00000105983	chr7	rs112799924	-0.0045144387	AMR
AMR_subclass_IN_SST	ENSG00000105983	chr7	rs10233932	-0.2070596997	AMR
AMR_subclass_IN_SST	ENSG00000105983	chr7	rs6963337	-0.0771529187	AMR
AMR_subclass_IN_SST	ENSG00000105983	chr7	rs6968422	-0.0792677277	AMR
AMR_subclass_IN_SST	ENSG00000105983	chr7	rs113001887	-0.0765945958	AMR
AMR_subclass_IN_SST	ENSG00000105983	chr7	rs6949156	-0.0725247877	AMR
AMR_subclass_IN_SST	ENSG00000105983	chr7	rs62480428	0.1047130319	AMR
AMR_subclass_IN_SST	ENSG00000105983	chr7	rs57043161	-0.0755606154	AMR
AMR_subclass_IN_SST	ENSG00000105983	chr7	rs58680104	-0.0750080988	AMR
AMR_subclass_IN_SST	ENSG00000105983	chr7	rs11972349	-0.0728046559	AMR
AMR_subclass_IN_SST	ENSG00000105983	chr7	rs760199	-0.022492784	AMR
AMR_subclass_IN_SST	ENSG00000105983	chr7	rs9987054	-0.0237067913	AMR
AMR_subclass_IN_SST	ENSG00000105983	chr7	rs9986901	-0.0226523417	AMR
AMR_subclass_IN_SST	ENSG00000105983	chr7	rs6459987	-0.02106624	AMR
AMR_subclass_IN_SST	ENSG00000105983	chr7	rs12665900	-0.0195599005	AMR
AMR_subclass_IN_SST	ENSG00000105983	chr7	rs7783638	-0.021916626	AMR
AMR_subclass_IN_SST	ENSG00000105983	chr7	rs11764667	-0.0210403753	AMR
AMR_subclass_IN_SST	ENSG00000105983	chr7	rs34195992	-0.0212231003	AMR
AMR_subclass_IN_SST	ENSG00000105983	chr7	rs11763761	-0.0221009003	AMR
AMR_subclass_IN_SST	ENSG00000105983	chr7	rs4717027	-0.0188510168	AMR
AMR_subclass_IN_SST	ENSG00000105983	chr7	rs11766938	-0.0173184645	AMR
AMR_subclass_IN_SST	ENSG00000105983	chr7	rs35518850	-0.1552032945	AMR
AMR_subclass_IN_SST	ENSG00000105983	chr7	rs13224994	-0.0326148665	AMR
AMR_subclass_IN_SST	ENSG00000105983	chr7	rs76875763	0.0295149006	AMR
AMR_subclass_IN_SST	ENSG00000105983	chr7	rs11766138	-0.0561481912	AMR
AMR_subclass_IN_SST	ENSG00000105983	chr7	rs1524432	-0.0067031022	AMR
AMR_subclass_IN_SST	ENSG00000105983	chr7	rs73494441	-0.2347791228	AMR
AMR_subclass_IN_SST	ENSG00000105983	chr7	rs66853781	-0.2329150876	AMR
AMR_subclass_IN_SST	ENSG00000105983	chr7	rs12697963	-0.0200845526	AMR
AMR_subclass_IN_SST	ENSG00000105983	chr7	rs11766070	-0.0448061344	AMR
AMR_subclass_IN_SST	ENSG00000105983	chr7	rs2140629	-0.0548119655	AMR
AMR_subclass_IN_SST	ENSG00000105983	chr7	rs79098517	0.0323459556	AMR
AMR_subclass_IN_SST	ENSG00000105983	chr7	rs73501958	-0.1188235734	AMR
AMR_subclass_IN_SST	ENSG00000105983	chr7	rs74979180	0.0696597197	AMR
AMR_subclass_IN_SST	ENSG00000105983	chr7	rs2695573	0.0009939482	AMR
AMR_subclass_IN_SST	ENSG00000105983	chr7	rs849068	0.0004832207	AMR
AMR_subclass_IN_SST	ENSG00000105983	chr7	rs849067	0.0184445952	AMR
AMR_subclass_IN_SST	ENSG00000105983	chr7	rs849064	0.0003863416	AMR
AMR_subclass_IN_SST	ENSG00000105983	chr7	rs10235524	0.0119556772	AMR
AMR_subclass_IN_SST	ENSG00000105983	chr7	rs10249290	0.1609155172	AMR
AMR_subclass_IN_SST	ENSG00000105983	chr7	rs6459708	0.4182246106	AMR
AMR_subclass_IN_SST	ENSG00000105983	chr7	rs181094159	0.3316197346	AMR
AMR_subclass_IN_SST	ENSG00000105983	chr7	rs74442924	-0.0951139611	AMR
AMR_subclass_IN_SST	ENSG00000105983	chr7	rs1990436	-0.0504312032	AMR
AMR_subclass_IN_SST	ENSG00000105983	chr7	rs6459723	-0.0791558338	AMR
AMR_subclass_IN_SST	ENSG00000105983	chr7	rs62493375	-0.0085378711	AMR
AMR_subclass_IN_SST	ENSG00000105983	chr7	rs10265753	-0.0080590767	AMR
AMR_subclass_IN_SST	ENSG00000105983	chr7	rs78151905	-0.0376366931	AMR
AMR_subclass_IN_SST	ENSG00000105983	chr7	rs80034983	-0.0407236471	AMR
AMR_subclass_IN_SST	ENSG00000105983	chr7	rs139534704	-0.0385352144	AMR
AMR_subclass_IN_SST	ENSG00000105983	chr7	rs147592571	-0.0352044394	AMR
AMR_subclass_IN_SST	ENSG00000105983	chr7	rs146016943	-0.0324158375	AMR
AMR_subclass_IN_SST	ENSG00000105983	chr7	rs143369426	-0.0303857991	AMR
AMR_subclass_IN_SST	ENSG00000105983	chr7	rs6967700	-0.0289023582	AMR
AMR_subclass_IN_SST	ENSG00000105983	chr7	rs113039062	-0.0277325829	AMR
AMR_subclass_IN_SST	ENSG00000105983	chr7	rs6968613	-0.0072127604	AMR
AMR_subclass_IN_SST	ENSG00000105983	chr7	rs143647457	0.0464250428	AMR
AMR_subclass_IN_SST	ENSG00000105983	chr7	rs76140892	-0.0111688616	AMR
AMR_subclass_IN_SST	ENSG00000105983	chr7	rs11761751	-0.2048103879	AMR
AMR_subclass_IN_SST	ENSG00000105983	chr7	rs10262786	0.0206784728	AMR
AMR_subclass_IN_SST	ENSG00000105983	chr7	rs10234498	0.0202231587	AMR
AMR_subclass_IN_SST	ENSG00000105983	chr7	rs10253773	0.019829278	AMR
AMR_subclass_IN_SST	ENSG00000105983	chr7	rs12670477	-0.0630836039	AMR
AMR_subclass_IN_SST	ENSG00000105983	chr7	rs72505547	0.005448621	AMR
AMR_subclass_IN_SST	ENSG00000105983	chr7	rs4716503	0.0566758534	AMR
AMR_subclass_IN_SST	ENSG00000105983	chr7	rs892740	0.1792471578	AMR
AMR_subclass_IN_SST	ENSG00000105983	chr7	rs12667537	0.0205199911	AMR
AMR_subclass_IN_SST	ENSG00000105983	chr7	rs73165886	0.2206992169	AMR
AMR_subclass_IN_SST	ENSG00000106261	chr7	rs75840348	-0.2370018	AMR
AMR_subclass_IN_SST	ENSG00000106261	chr7	rs3801241	-0.005768579	AMR
AMR_subclass_IN_SST	ENSG00000106261	chr7	rs73709530	-0.006000352	AMR
AMR_subclass_IN_SST	ENSG00000106261	chr7	rs10255856	0.4281656	AMR
AMR_subclass_IN_SST	ENSG00000106261	chr7	rs11772472	-0.06035165	AMR
AMR_subclass_IN_SST	ENSG00000106261	chr7	rs9691336	0.4278853	AMR
AMR_subclass_IN_SST	ENSG00000106261	chr7	rs12705026	0.04428812	AMR
AMR_subclass_IN_SST	ENSG00000106261	chr7	rs10231880	-0.2301039	AMR
AMR_subclass_IN_SST	ENSG00000106261	chr7	rs17161608	-0.1417243	AMR
AMR_subclass_IN_SST	ENSG00000106261	chr7	rs73403272	-0.003719562	AMR
AMR_subclass_IN_SST	ENSG00000106261	chr7	rs56167514	-0.002184437	AMR
AMR_subclass_IN_SST	ENSG00000106261	chr7	rs7805661	-0.0007799663	AMR
AMR_subclass_IN_SST	ENSG00000106261	chr7	rs7792939	0.01930545	AMR
AMR_subclass_IN_SST	ENSG00000106261	chr7	rs12538820	0.1050112	AMR
AMR_subclass_IN_SST	ENSG00000106261	chr7	rs143421330	-0.00922356	AMR
AMR_subclass_IN_SST	ENSG00000106261	chr7	rs2897031	-0.01348918	AMR
AMR_subclass_IN_SST	ENSG00000106261	chr7	rs187273255	-0.0154149	AMR
AMR_subclass_IN_SST	ENSG00000106261	chr7	rs75227933	-0.01517196	AMR
AMR_subclass_IN_SST	ENSG00000106261	chr7	rs78828444	-0.01398209	AMR
AMR_subclass_IN_SST	ENSG00000106261	chr7	rs77611862	-0.01248921	AMR
AMR_subclass_IN_SST	ENSG00000106261	chr7	rs113780351	-0.01087755	AMR
AMR_subclass_IN_SST	ENSG00000106261	chr7	rs75298748	-0.009180574	AMR
AMR_subclass_IN_SST	ENSG00000106261	chr7	rs138229375	-0.007441738	AMR
AMR_subclass_IN_SST	ENSG00000106261	chr7	rs79335386	-0.005751576	AMR
AMR_subclass_IN_SST	ENSG00000106261	chr7	rs1060544	0.004465679	AMR
AMR_subclass_IN_SST	ENSG00000106261	chr7	rs6953441	0.005171771	AMR
AMR_subclass_IN_SST	ENSG00000106261	chr7	rs1963304	-0.0728332	AMR
AMR_subclass_IN_SST	ENSG00000106261	chr7	rs1015538	-0.07348163	AMR
AMR_subclass_IN_SST	ENSG00000106261	chr7	rs41280968	-0.05758937	AMR
AMR_subclass_IN_SST	ENSG00000106261	chr7	rs60458236	0.2230603	AMR
AMR_subclass_IN_SST	ENSG00000106261	chr7	rs11768171	0.06787336	AMR
AMR_subclass_IN_SST	ENSG00000106261	chr7	rs184249272	0.03967512	AMR
AMR_subclass_IN_SST	ENSG00000106261	chr7	rs60568054	-0.007306735	AMR
AMR_subclass_IN_SST	ENSG00000106261	chr7	rs142712263	-0.004203812	AMR
AMR_subclass_IN_SST	ENSG00000106261	chr7	rs10257359	-0.001506713	AMR
AMR_subclass_IN_SST	ENSG00000106261	chr7	rs10224352	-0.0004229464	AMR
AMR_subclass_IN_SST	ENSG00000106261	chr7	rs28559768	-0.0001016991	AMR
AMR_subclass_IN_SST	ENSG00000106261	chr7	rs57116449	-2.194195e-05	AMR
AMR_subclass_IN_SST	ENSG00000106261	chr7	rs116165980	-4.366979e-06	AMR
AMR_subclass_IN_SST	ENSG00000106261	chr7	rs138290846	0.1546566	AMR
AMR_subclass_IN_SST	ENSG00000106261	chr7	rs7793561	0.01303744	AMR
AMR_subclass_IN_SST	ENSG00000106261	chr7	rs66639430	0.01077187	AMR
AMR_subclass_IN_SST	ENSG00000106261	chr7	rs60668677	0.09192489	AMR
AMR_subclass_IN_SST	ENSG00000106261	chr7	rs41295942	-0.04814445	AMR
AMR_subclass_IN_SST	ENSG00000106261	chr7	rs314317	0.03453942	AMR
AMR_subclass_IN_SST	ENSG00000106261	chr7	rs62482461	0.03343473	AMR
AMR_subclass_IN_SST	ENSG00000106261	chr7	rs7787389	-0.04772061	AMR
AMR_subclass_IN_SST	ENSG00000106261	chr7	rs6952926	-0.04907327	AMR
AMR_subclass_IN_SST	ENSG00000106261	chr7	rs4640994	-0.0480104	AMR
AMR_subclass_IN_SST	ENSG00000106261	chr7	rs7811415	-0.04553753	AMR
AMR_subclass_IN_SST	ENSG00000106261	chr7	rs4582488	-0.007663172	AMR
AMR_subclass_IN_SST	ENSG00000106682	chr7	rs56313117	0.328901891	AMR
AMR_subclass_IN_SST	ENSG00000106682	chr7	rs7812050	0.006717959	AMR
AMR_subclass_IN_SST	ENSG00000106682	chr7	rs56733546	0.003602275	AMR
AMR_subclass_IN_SST	ENSG00000106733	chr9	rs11143788	0.002450042	AMR
AMR_subclass_IN_SST	ENSG00000106733	chr9	rs12238881	0.0008474587	AMR
AMR_subclass_IN_SST	ENSG00000106733	chr9	rs12685396	0.0002081812	AMR
AMR_subclass_IN_SST	ENSG00000106733	chr9	rs11143794	4.368059e-05	AMR
AMR_subclass_IN_SST	ENSG00000106733	chr9	rs56327646	-0.0394901	AMR
AMR_subclass_IN_SST	ENSG00000106733	chr9	rs11788210	-0.03883395	AMR
AMR_subclass_IN_SST	ENSG00000106733	chr9	rs12553143	0.02534407	AMR
AMR_subclass_IN_SST	ENSG00000106733	chr9	rs11143854	-0.08994976	AMR
AMR_subclass_IN_SST	ENSG00000106733	chr9	rs2991753	-0.05717726	AMR
AMR_subclass_IN_SST	ENSG00000106733	chr9	rs11144044	-0.0533838	AMR
AMR_subclass_IN_SST	ENSG00000106733	chr9	rs773143	-0.0002919653	AMR
AMR_subclass_IN_SST	ENSG00000106733	chr9	rs773146	-0.0001022619	AMR
AMR_subclass_IN_SST	ENSG00000106733	chr9	rs3739444	0.03864468	AMR
AMR_subclass_IN_SST	ENSG00000106733	chr9	rs13293640	0.007537657	AMR
AMR_subclass_IN_SST	ENSG00000106733	chr9	rs34132905	0.1148097	AMR
AMR_subclass_IN_SST	ENSG00000106733	chr9	rs2273766	-0.1635839	AMR
AMR_subclass_IN_SST	ENSG00000106733	chr9	rs2273768	-0.0292875	AMR
AMR_subclass_IN_SST	ENSG00000106733	chr9	rs10869495	-0.02741963	AMR
AMR_subclass_IN_SST	ENSG00000106733	chr9	rs10869497	-0.04401055	AMR
AMR_subclass_IN_SST	ENSG00000106733	chr9	rs10869499	-0.0278969	AMR
AMR_subclass_IN_SST	ENSG00000106733	chr9	rs79734664	0.009877714	AMR
AMR_subclass_IN_SST	ENSG00000106733	chr9	rs3780180	-0.1453178	AMR
AMR_subclass_IN_SST	ENSG00000106733	chr9	rs11144236	-0.02148299	AMR
AMR_subclass_IN_SST	ENSG00000106733	chr9	rs111702186	0.009376713	AMR
AMR_subclass_IN_SST	ENSG00000106733	chr9	rs10735642	0.02540494	AMR
AMR_subclass_IN_SST	ENSG00000106733	chr9	rs7043806	0.04565824	AMR
AMR_subclass_IN_SST	ENSG00000106733	chr9	rs11144500	0.0469403	AMR
AMR_subclass_IN_SST	ENSG00000106733	chr9	rs12380503	0.04612441	AMR
AMR_subclass_IN_SST	ENSG00000106733	chr9	rs11144508	0.04443104	AMR
AMR_subclass_IN_SST	ENSG00000106733	chr9	rs149474885	-0.09698225	AMR
AMR_subclass_IN_SST	ENSG00000106733	chr9	rs10869619	0.03695007	AMR
AMR_subclass_IN_SST	ENSG00000106733	chr9	rs62560674	-0.1322368	AMR
AMR_subclass_IN_SST	ENSG00000106733	chr9	rs80115330	-0.02913903	AMR
AMR_subclass_IN_SST	ENSG00000106733	chr9	rs78580855	0.004036229	AMR
AMR_subclass_IN_SST	ENSG00000106733	chr9	rs496314	0.0412845	AMR
AMR_subclass_IN_SST	ENSG00000106733	chr9	rs1575944	0.06222525	AMR
AMR_subclass_IN_SST	ENSG00000106733	chr9	rs11794112	0.02405618	AMR
AMR_subclass_IN_SST	ENSG00000106733	chr9	rs9411144	0.02521752	AMR
AMR_subclass_IN_SST	ENSG00000106733	chr9	rs11791376	-0.05410644	AMR
AMR_subclass_IN_SST	ENSG00000106733	chr9	rs2148588	-0.05375711	AMR
AMR_subclass_IN_SST	ENSG00000106733	chr9	rs56688289	-0.002303679	AMR
AMR_subclass_IN_SST	ENSG00000106733	chr9	rs113936219	-0.02721872	AMR
AMR_subclass_IN_SST	ENSG00000106733	chr9	rs17061835	-0.1100394	AMR
AMR_subclass_IN_SST	ENSG00000106733	chr9	rs4467999	-0.1108774	AMR
AMR_subclass_IN_SST	ENSG00000107147	chr9	rs113326980	-0.043839312	AMR
AMR_subclass_IN_SST	ENSG00000107147	chr9	rs73558199	-0.045173578	AMR
AMR_subclass_IN_SST	ENSG00000107147	chr9	rs73560211	-0.046306063	AMR
AMR_subclass_IN_SST	ENSG00000107147	chr9	rs61197275	-0.046306379	AMR
AMR_subclass_IN_SST	ENSG00000107147	chr9	rs74447576	-0.045402052	AMR
AMR_subclass_IN_SST	ENSG00000107147	chr9	rs77051488	-0.044115421	AMR
AMR_subclass_IN_SST	ENSG00000107147	chr9	rs62574873	-0.010169594	AMR
AMR_subclass_IN_SST	ENSG00000107147	chr9	rs62574874	-0.127133659	AMR
AMR_subclass_IN_SST	ENSG00000107147	chr9	rs10858363	-0.006986246	AMR
AMR_subclass_IN_SST	ENSG00000107147	chr9	rs62574875	-0.006685416	AMR
AMR_subclass_IN_SST	ENSG00000107147	chr9	rs7036094	0.009224188	AMR
AMR_subclass_IN_SST	ENSG00000107147	chr9	rs9410017	0.009416418	AMR
AMR_subclass_IN_SST	ENSG00000107147	chr9	rs7869343	0.104871059	AMR
AMR_subclass_IN_SST	ENSG00000107147	chr9	rs10123048	0.025598287	AMR
AMR_subclass_IN_SST	ENSG00000107147	chr9	rs10116738	0.024537401	AMR
AMR_subclass_IN_SST	ENSG00000107147	chr9	rs10735239	0.007205348	AMR
AMR_subclass_IN_SST	ENSG00000107147	chr9	rs10776849	-0.115043016	AMR
AMR_subclass_IN_SST	ENSG00000107147	chr9	rs55991563	-0.003953328	AMR
AMR_subclass_IN_SST	ENSG00000107147	chr9	rs11103188	-0.118835085	AMR
AMR_subclass_IN_SST	ENSG00000107147	chr9	rs11103190	-0.004108349	AMR
AMR_subclass_IN_SST	ENSG00000107147	chr9	rs59866798	0.018624296	AMR
AMR_subclass_IN_SST	ENSG00000107147	chr9	rs62585218	-0.039552536	AMR
AMR_subclass_IN_SST	ENSG00000107147	chr9	rs1164898	-0.054608735	AMR
AMR_subclass_IN_SST	ENSG00000107147	chr9	rs76997145	-0.017084464	AMR
AMR_subclass_IN_SST	ENSG00000107147	chr9	rs2891756	0.00854993	AMR
AMR_subclass_IN_SST	ENSG00000107147	chr9	rs11794870	0.018138355	AMR
AMR_subclass_IN_SST	ENSG00000107147	chr9	rs56102564	-0.016694126	AMR
AMR_subclass_IN_SST	ENSG00000107147	chr9	rs7470825	-0.011917263	AMR
AMR_subclass_IN_SST	ENSG00000107443	chr10	rs56412102	-0.05209559	AMR
AMR_subclass_IN_SST	ENSG00000107443	chr10	rs11188256	0.02379702	AMR
AMR_subclass_IN_SST	ENSG00000107443	chr10	rs11188263	-0.06851716	AMR
AMR_subclass_IN_SST	ENSG00000107443	chr10	rs72822527	-0.03421232	AMR
AMR_subclass_IN_SST	ENSG00000107443	chr10	rs35025323	-0.1098009	AMR
AMR_subclass_IN_SST	ENSG00000107443	chr10	rs34891824	-0.02037255	AMR
AMR_subclass_IN_SST	ENSG00000107443	chr10	rs1536561	-0.003775109	AMR
AMR_subclass_IN_SST	ENSG00000107443	chr10	rs1536562	-0.003775063	AMR
AMR_subclass_IN_SST	ENSG00000107443	chr10	rs10882605	-0.04611246	AMR
AMR_subclass_IN_SST	ENSG00000107443	chr10	rs12217222	-0.01006819	AMR
AMR_subclass_IN_SST	ENSG00000107443	chr10	rs143134585	-0.01385489	AMR
AMR_subclass_IN_SST	ENSG00000107443	chr10	rs11188361	-0.3994908	AMR
AMR_subclass_IN_SST	ENSG00000107443	chr10	rs74150942	0.2045902	AMR
AMR_subclass_IN_SST	ENSG00000107443	chr10	rs56085433	0.007007807	AMR
AMR_subclass_IN_SST	ENSG00000107443	chr10	rs7085474	0.01773564	AMR
AMR_subclass_IN_SST	ENSG00000107443	chr10	rs7895441	0.01788451	AMR
AMR_subclass_IN_SST	ENSG00000107443	chr10	rs10882657	0.002212863	AMR
AMR_subclass_IN_SST	ENSG00000107443	chr10	rs6584017	0.002327732	AMR
AMR_subclass_IN_SST	ENSG00000107443	chr10	rs1933172	0.002267832	AMR
AMR_subclass_IN_SST	ENSG00000107443	chr10	rs3934409	-0.002243065	AMR
AMR_subclass_IN_SST	ENSG00000107443	chr10	rs1891535	-0.01312033	AMR
AMR_subclass_IN_SST	ENSG00000107443	chr10	rs7099844	-0.002291846	AMR
AMR_subclass_IN_SST	ENSG00000107443	chr10	rs11188465	-0.002526628	AMR
AMR_subclass_IN_SST	ENSG00000107443	chr10	rs3814159	-0.00281795	AMR
AMR_subclass_IN_SST	ENSG00000107443	chr10	rs10786234	-0.003070151	AMR
AMR_subclass_IN_SST	ENSG00000107443	chr10	rs6584027	-0.003239658	AMR
AMR_subclass_IN_SST	ENSG00000107443	chr10	rs4918969	-0.003329646	AMR
AMR_subclass_IN_SST	ENSG00000107443	chr10	rs3181122	-0.01286753	AMR
AMR_subclass_IN_SST	ENSG00000107443	chr10	rs11598475	-0.04916291	AMR
AMR_subclass_IN_SST	ENSG00000107443	chr10	rs2861153	-0.04951254	AMR
AMR_subclass_IN_SST	ENSG00000107443	chr10	rs2861154	-0.01443353	AMR
AMR_subclass_IN_SST	ENSG00000107443	chr10	rs4512761	-0.04809088	AMR
AMR_subclass_IN_SST	ENSG00000107443	chr10	rs1414914	0.1490994	AMR
AMR_subclass_IN_SST	ENSG00000107443	chr10	rs142204825	-0.08206229	AMR
AMR_subclass_IN_SST	ENSG00000107443	chr10	rs72818983	-0.02210607	AMR
AMR_subclass_IN_SST	ENSG00000107443	chr10	rs146481749	0.1637191	AMR
AMR_subclass_IN_SST	ENSG00000107443	chr10	rs10882840	0.01775881	AMR
AMR_subclass_IN_SST	ENSG00000107443	chr10	rs117863239	-0.6324716	AMR
AMR_subclass_IN_SST	ENSG00000107443	chr10	rs1172377	-0.2203497	AMR
AMR_subclass_IN_SST	ENSG00000107443	chr10	rs140803084	-0.002732287	AMR
AMR_subclass_IN_SST	ENSG00000107443	chr10	rs145202931	-0.000826763	AMR
AMR_subclass_IN_SST	ENSG00000107443	chr10	rs114730724	-0.0001776097	AMR
AMR_subclass_IN_SST	ENSG00000107443	chr10	rs116556933	-3.262661e-05	AMR
AMR_subclass_IN_SST	ENSG00000107443	chr10	rs12571254	0.0230868	AMR
AMR_subclass_IN_SST	ENSG00000107443	chr10	rs12414434	-0.2671881	AMR
AMR_subclass_IN_SST	ENSG00000107611	chr10	rs7917002	0.01524264	AMR
AMR_subclass_IN_SST	ENSG00000107611	chr10	rs6602179	0.01684997	AMR
AMR_subclass_IN_SST	ENSG00000107611	chr10	rs7100163	0.00549365	AMR
AMR_subclass_IN_SST	ENSG00000107611	chr10	rs7081790	0.01722325	AMR
AMR_subclass_IN_SST	ENSG00000107611	chr10	rs2176286	0.01695195	AMR
AMR_subclass_IN_SST	ENSG00000107611	chr10	rs7074891	0.01655905	AMR
AMR_subclass_IN_SST	ENSG00000107611	chr10	rs7075029	0.01629003	AMR
AMR_subclass_IN_SST	ENSG00000107611	chr10	rs4748359	0.01610544	AMR
AMR_subclass_IN_SST	ENSG00000107611	chr10	rs6602181	0.01591455	AMR
AMR_subclass_IN_SST	ENSG00000107611	chr10	rs7894884	0.01567402	AMR
AMR_subclass_IN_SST	ENSG00000107611	chr10	rs725356	0.0153878	AMR
AMR_subclass_IN_SST	ENSG00000107611	chr10	rs2176285	0.01507843	AMR
AMR_subclass_IN_SST	ENSG00000107611	chr10	rs11254413	0.01491845	AMR
AMR_subclass_IN_SST	ENSG00000107611	chr10	rs11254419	0.0151125	AMR
AMR_subclass_IN_SST	ENSG00000107611	chr10	rs2273734	0.01489641	AMR
AMR_subclass_IN_SST	ENSG00000107611	chr10	rs7090965	0.01469521	AMR
AMR_subclass_IN_SST	ENSG00000107611	chr10	rs7091104	0.0147441	AMR
AMR_subclass_IN_SST	ENSG00000107611	chr10	rs10904898	0.0144385	AMR
AMR_subclass_IN_SST	ENSG00000107611	chr10	rs4133467	0.02440819	AMR
AMR_subclass_IN_SST	ENSG00000107611	chr10	rs7474602	0.01417155	AMR
AMR_subclass_IN_SST	ENSG00000107611	chr10	rs67505314	0.02488442	AMR
AMR_subclass_IN_SST	ENSG00000107611	chr10	rs7090386	0.01388078	AMR
AMR_subclass_IN_SST	ENSG00000107611	chr10	rs7086021	0.01354381	AMR
AMR_subclass_IN_SST	ENSG00000107611	chr10	rs2884038	0.02476726	AMR
AMR_subclass_IN_SST	ENSG00000107611	chr10	rs11254486	0.01543264	AMR
AMR_subclass_IN_SST	ENSG00000107625	chr10	rs180789114	-0.2088044837	AMR
AMR_subclass_IN_SST	ENSG00000107625	chr10	rs112027228	-0.0593438262	AMR
AMR_subclass_IN_SST	ENSG00000107625	chr10	rs7079157	-0.2291505262	AMR
AMR_subclass_IN_SST	ENSG00000107625	chr10	rs1867975	-0.001774588	AMR
AMR_subclass_IN_SST	ENSG00000107625	chr10	rs1867972	-0.0009254801	AMR
AMR_subclass_IN_SST	ENSG00000107625	chr10	rs768505	0.0304721217	AMR
AMR_subclass_IN_SST	ENSG00000107625	chr10	rs12411657	0.0416550547	AMR
AMR_subclass_IN_SST	ENSG00000107779	chr10	rs10788473	-0.0076196007	AMR
AMR_subclass_IN_SST	ENSG00000107779	chr10	rs4934142	-0.0089066957	AMR
AMR_subclass_IN_SST	ENSG00000107779	chr10	rs11201860	-0.0091154511	AMR
AMR_subclass_IN_SST	ENSG00000107779	chr10	rs10509525	-0.0085871798	AMR
AMR_subclass_IN_SST	ENSG00000107779	chr10	rs10509526	-0.0078190288	AMR
AMR_subclass_IN_SST	ENSG00000107779	chr10	rs10788474	-0.007041234	AMR
AMR_subclass_IN_SST	ENSG00000107779	chr10	rs77195301	0.0106294271	AMR
AMR_subclass_IN_SST	ENSG00000107779	chr10	rs75036036	0.0110941033	AMR
AMR_subclass_IN_SST	ENSG00000107779	chr10	rs7075712	-0.0871904806	AMR
AMR_subclass_IN_SST	ENSG00000107779	chr10	rs7074988	0.0152316652	AMR
AMR_subclass_IN_SST	ENSG00000107779	chr10	rs77325669	0.0139136816	AMR
AMR_subclass_IN_SST	ENSG00000107779	chr10	rs67828258	-0.0164150228	AMR
AMR_subclass_IN_SST	ENSG00000107779	chr10	rs66601895	-0.016975577	AMR
AMR_subclass_IN_SST	ENSG00000107779	chr10	rs11596904	-0.0248223662	AMR
AMR_subclass_IN_SST	ENSG00000107779	chr10	rs745271	-0.1155626609	AMR
AMR_subclass_IN_SST	ENSG00000107779	chr10	rs2814328	-0.4345462867	AMR
AMR_subclass_IN_SST	ENSG00000107779	chr10	rs77211772	-0.0157689328	AMR
AMR_subclass_IN_SST	ENSG00000107779	chr10	rs2492742	-0.2197154296	AMR
AMR_subclass_IN_SST	ENSG00000107779	chr10	rs145454525	0.0058627742	AMR
AMR_subclass_IN_SST	ENSG00000107779	chr10	rs150342298	0.0029255359	AMR
AMR_subclass_IN_SST	ENSG00000107779	chr10	rs7907442	0.0009681559	AMR
AMR_subclass_IN_SST	ENSG00000107779	chr10	rs112616589	0.0002623971	AMR
AMR_subclass_IN_SST	ENSG00000107779	chr10	rs12257300	0.0156732254	AMR
AMR_subclass_IN_SST	ENSG00000107779	chr10	rs12257301	0.0169655919	AMR
AMR_subclass_IN_SST	ENSG00000107779	chr10	rs7911340	0.0154611821	AMR
AMR_subclass_IN_SST	ENSG00000107779	chr10	rs11202119	0.0284081599	AMR
AMR_subclass_IN_SST	ENSG00000107779	chr10	rs11202121	0.0292365386	AMR
AMR_subclass_IN_SST	ENSG00000107779	chr10	rs2354360	0.0288570643	AMR
AMR_subclass_IN_SST	ENSG00000107779	chr10	rs7895178	0.0277014837	AMR
AMR_subclass_IN_SST	ENSG00000107779	chr10	rs74150412	0.1186606756	AMR
AMR_subclass_IN_SST	ENSG00000107779	chr10	rs4550144	0.0980493353	AMR
AMR_subclass_IN_SST	ENSG00000107779	chr10	rs11202459	0.0765092166	AMR
AMR_subclass_IN_SST	ENSG00000107779	chr10	rs11202462	0.028625655	AMR
AMR_subclass_IN_SST	ENSG00000107779	chr10	rs111564978	0.0283463977	AMR
AMR_subclass_IN_SST	ENSG00000107779	chr10	rs73353221	0.0284728243	AMR
AMR_subclass_IN_SST	ENSG00000107779	chr10	rs11202471	0.0286792049	AMR
AMR_subclass_IN_SST	ENSG00000107779	chr10	rs79654069	0.4089987176	AMR
AMR_subclass_IN_SST	ENSG00000107874	chr10	rs139586092	-0.216176363	AMR
AMR_subclass_IN_SST	ENSG00000107874	chr10	rs12355004	-0.589870244	AMR
AMR_subclass_IN_SST	ENSG00000107874	chr10	rs75671305	-0.006356426	AMR
AMR_subclass_IN_SST	ENSG00000107874	chr10	rs17114146	-0.004531599	AMR
AMR_subclass_IN_SST	ENSG00000107874	chr10	rs4919588	0.126184182	AMR
AMR_subclass_IN_SST	ENSG00000107874	chr10	rs12777629	0.117217056	AMR
AMR_subclass_IN_SST	ENSG00000107874	chr10	rs3218248	0.031987867	AMR
AMR_subclass_IN_SST	ENSG00000107874	chr10	rs111514173	0.032054867	AMR
AMR_subclass_IN_SST	ENSG00000107874	chr10	rs11817154	-0.098119491	AMR
AMR_subclass_IN_SST	ENSG00000107874	chr10	rs1867931	-0.03363056	AMR
AMR_subclass_IN_SST	ENSG00000107874	chr10	rs17114260	-0.098362164	AMR
AMR_subclass_IN_SST	ENSG00000107874	chr10	rs17777943	-0.02869231	AMR
AMR_subclass_IN_SST	ENSG00000107874	chr10	rs61873643	0.030543468	AMR
AMR_subclass_IN_SST	ENSG00000107874	chr10	rs34915952	-0.024482175	AMR
AMR_subclass_IN_SST	ENSG00000107874	chr10	rs111783873	0.028795509	AMR
AMR_subclass_IN_SST	ENSG00000107874	chr10	rs148089364	0.109524775	AMR
AMR_subclass_IN_SST	ENSG00000107874	chr10	rs17779355	0.021129364	AMR
AMR_subclass_IN_SST	ENSG00000107874	chr10	rs12773990	-0.11511645	AMR
AMR_subclass_IN_SST	ENSG00000107874	chr10	rs140312320	0.020265922	AMR
AMR_subclass_IN_SST	ENSG00000107874	chr10	rs77041839	0.019295645	AMR
AMR_subclass_IN_SST	ENSG00000107874	chr10	rs117779480	0.018788517	AMR
AMR_subclass_IN_SST	ENSG00000107874	chr10	rs78531123	0.018656099	AMR
AMR_subclass_IN_SST	ENSG00000107874	chr10	rs75779120	-0.120713213	AMR
AMR_subclass_IN_SST	ENSG00000107874	chr10	rs79931565	0.018683678	AMR
AMR_subclass_IN_SST	ENSG00000107874	chr10	rs117793008	0.018595052	AMR
AMR_subclass_IN_SST	ENSG00000107874	chr10	rs117305908	-0.120200417	AMR
AMR_subclass_IN_SST	ENSG00000107874	chr10	rs73349055	-0.185281689	AMR
AMR_subclass_IN_SST	ENSG00000107874	chr10	rs11191291	-0.036908518	AMR
AMR_subclass_IN_SST	ENSG00000107874	chr10	rs77516398	-0.162251775	AMR
AMR_subclass_IN_SST	ENSG00000107874	chr10	rs12414479	0.028254026	AMR
AMR_subclass_IN_SST	ENSG00000107874	chr10	rs117132407	-0.403419636	AMR
AMR_subclass_IN_SST	ENSG00000107874	chr10	rs660850	0.052878616	AMR
AMR_subclass_IN_SST	ENSG00000107874	chr10	rs284861	0.176559413	AMR
AMR_subclass_IN_SST	ENSG00000107874	chr10	rs1750480	-0.005144386	AMR
AMR_subclass_IN_SST	ENSG00000107874	chr10	rs1773924	-0.004206206	AMR
AMR_subclass_IN_SST	ENSG00000107874	chr10	rs11191649	0.009917601	AMR
AMR_subclass_IN_SST	ENSG00000107874	chr10	rs11191664	0.140659453	AMR
AMR_subclass_IN_SST	ENSG00000107874	chr10	rs4918014	0.014072188	AMR
AMR_subclass_IN_SST	ENSG00000108443	chr17	rs57928695	-0.1404718	AMR
AMR_subclass_IN_SST	ENSG00000108443	chr17	rs9903755	-0.1391278	AMR
AMR_subclass_IN_SST	ENSG00000108448	chr17	rs4244601	-0.125867311	AMR
AMR_subclass_IN_SST	ENSG00000108448	chr17	rs76381434	0.042578298	AMR
AMR_subclass_IN_SST	ENSG00000108448	chr17	rs941449	-0.141489194	AMR
AMR_subclass_IN_SST	ENSG00000108448	chr17	rs116700149	-0.095536039	AMR
AMR_subclass_IN_SST	ENSG00000108448	chr17	rs59531660	-0.096570461	AMR
AMR_subclass_IN_SST	ENSG00000108448	chr17	rs149797892	-0.093734146	AMR
AMR_subclass_IN_SST	ENSG00000108448	chr17	rs8066177	0.008910303	AMR
AMR_subclass_IN_SST	ENSG00000108448	chr17	rs117599491	-0.111985013	AMR
AMR_subclass_IN_SST	ENSG00000108448	chr17	rs114347092	0.256250214	AMR
AMR_subclass_IN_SST	ENSG00000108448	chr17	rs76595964	-0.104968261	AMR
AMR_subclass_IN_SST	ENSG00000108448	chr17	rs12150484	0.009255363	AMR
AMR_subclass_IN_SST	ENSG00000108448	chr17	rs17731766	0.009223704	AMR
AMR_subclass_IN_SST	ENSG00000108448	chr17	rs75200848	-0.083430109	AMR
AMR_subclass_IN_SST	ENSG00000108448	chr17	rs2075658	-0.004707183	AMR
AMR_subclass_IN_SST	ENSG00000108448	chr17	rs854783	-0.005980911	AMR
AMR_subclass_IN_SST	ENSG00000108448	chr17	rs854778	-0.004424933	AMR
AMR_subclass_IN_SST	ENSG00000108448	chr17	rs854774	-0.002393838	AMR
AMR_subclass_IN_SST	ENSG00000108448	chr17	rs712271	-0.001048247	AMR
AMR_subclass_IN_SST	ENSG00000108448	chr17	rs1064629	-0.012624969	AMR
AMR_subclass_IN_SST	ENSG00000108448	chr17	rs113683457	-0.06540191	AMR
AMR_subclass_IN_SST	ENSG00000108448	chr17	rs77697889	-0.006524306	AMR
AMR_subclass_IN_SST	ENSG00000108448	chr17	rs8070633	0.024179989	AMR
AMR_subclass_IN_SST	ENSG00000108448	chr17	rs570145	0.059322033	AMR
AMR_subclass_IN_SST	ENSG00000108448	chr17	rs73291450	-0.150677575	AMR
AMR_subclass_IN_SST	ENSG00000108448	chr17	rs4924766	0.012983736	AMR
AMR_subclass_IN_SST	ENSG00000108448	chr17	rs8076874	0.015723199	AMR
AMR_subclass_IN_SST	ENSG00000108448	chr17	rs1969051	0.015716277	AMR
AMR_subclass_IN_SST	ENSG00000108448	chr17	rs1973459	0.101713629	AMR
AMR_subclass_IN_SST	ENSG00000108448	chr17	rs28687730	0.120857545	AMR
AMR_subclass_IN_SST	ENSG00000108448	chr17	rs9902016	0.084643328	AMR
AMR_subclass_IN_SST	ENSG00000108448	chr17	rs9303159	0.00475104	AMR
AMR_subclass_IN_SST	ENSG00000108448	chr17	rs2472692	-0.016185956	AMR
AMR_subclass_IN_SST	ENSG00000108448	chr17	rs61740520	-0.244710032	AMR
AMR_subclass_IN_SST	ENSG00000108448	chr17	rs78197087	0.622918783	AMR
AMR_subclass_IN_SST	ENSG00000108448	chr17	rs8070971	-0.144679912	AMR
AMR_subclass_IN_SST	ENSG00000108448	chr17	rs117432708	0.081207437	AMR
AMR_subclass_IN_SST	ENSG00000108448	chr17	rs72836770	0.076498254	AMR
AMR_subclass_IN_SST	ENSG00000108448	chr17	rs3785783	0.079272659	AMR
AMR_subclass_IN_SST	ENSG00000108448	chr17	rs9915473	0.078006261	AMR
AMR_subclass_IN_SST	ENSG00000108448	chr17	rs3785775	0.075181367	AMR
AMR_subclass_IN_SST	ENSG00000108448	chr17	rs72836794	0.072228483	AMR
AMR_subclass_IN_SST	ENSG00000108448	chr17	rs11204343	0.028333718	AMR
AMR_subclass_IN_SST	ENSG00000108448	chr17	rs12941722	0.028147161	AMR
AMR_subclass_IN_SST	ENSG00000108448	chr17	rs4924785	0.028344135	AMR
AMR_subclass_IN_SST	ENSG00000108448	chr17	rs117947661	0.048562498	AMR
AMR_subclass_IN_SST	ENSG00000108448	chr17	rs2453568	-0.06048352	AMR
AMR_subclass_IN_SST	ENSG00000108448	chr17	rs73981548	-0.01289471	AMR
AMR_subclass_IN_SST	ENSG00000108448	chr17	rs146876070	-0.380391836	AMR
AMR_subclass_IN_SST	ENSG00000108448	chr17	rs139334500	-0.377520099	AMR
AMR_subclass_IN_SST	ENSG00000108448	chr17	rs7215	0.005670003	AMR
AMR_subclass_IN_SST	ENSG00000108448	chr17	rs4925044	0.0777497	AMR
AMR_subclass_IN_SST	ENSG00000108448	chr17	rs9898022	0.012562217	AMR
AMR_subclass_IN_SST	ENSG00000108448	chr17	rs117483482	-0.121135338	AMR
AMR_subclass_IN_SST	ENSG00000108448	chr17	rs116202639	-0.123229488	AMR
AMR_subclass_IN_SST	ENSG00000108448	chr17	rs74786588	-0.123319814	AMR
AMR_subclass_IN_SST	ENSG00000108448	chr17	rs59939658	-0.12262795	AMR
AMR_subclass_IN_SST	ENSG00000108448	chr17	rs75423696	-0.12201039	AMR
AMR_subclass_IN_SST	ENSG00000108448	chr17	rs59204628	-0.121668718	AMR
AMR_subclass_IN_SST	ENSG00000108448	chr17	rs116955768	-0.121530725	AMR
AMR_subclass_IN_SST	ENSG00000108448	chr17	rs1006554	0.028765595	AMR
AMR_subclass_IN_SST	ENSG00000108448	chr17	rs11204414	0.02945204	AMR
AMR_subclass_IN_SST	ENSG00000108561	chr17	rs12450838	-0.024912405	AMR
AMR_subclass_IN_SST	ENSG00000108561	chr17	rs9890941	-0.040076934	AMR
AMR_subclass_IN_SST	ENSG00000108561	chr17	rs9899585	-0.040155212	AMR
AMR_subclass_IN_SST	ENSG00000108561	chr17	rs9898961	-0.040938255	AMR
AMR_subclass_IN_SST	ENSG00000108561	chr17	rs146782494	-0.041477183	AMR
AMR_subclass_IN_SST	ENSG00000108561	chr17	rs117442243	-0.041503327	AMR
AMR_subclass_IN_SST	ENSG00000108561	chr17	rs118107953	-0.041209804	AMR
AMR_subclass_IN_SST	ENSG00000108561	chr17	rs144892035	-0.040799712	AMR
AMR_subclass_IN_SST	ENSG00000108561	chr17	rs147962622	-0.040370262	AMR
AMR_subclass_IN_SST	ENSG00000108561	chr17	rs148547193	-0.039948249	AMR
AMR_subclass_IN_SST	ENSG00000108561	chr17	rs80050569	-0.10393289	AMR
AMR_subclass_IN_SST	ENSG00000108561	chr17	rs150544409	0.020909337	AMR
AMR_subclass_IN_SST	ENSG00000108561	chr17	rs4790229	-0.054124912	AMR
AMR_subclass_IN_SST	ENSG00000108561	chr17	rs111731283	0.019935872	AMR
AMR_subclass_IN_SST	ENSG00000108561	chr17	rs112976693	0.068186965	AMR
AMR_subclass_IN_SST	ENSG00000108561	chr17	rs28604453	0.022438736	AMR
AMR_subclass_IN_SST	ENSG00000108561	chr17	rs11870574	0.164014811	AMR
AMR_subclass_IN_SST	ENSG00000108561	chr17	rs11871409	0.102194004	AMR
AMR_subclass_IN_SST	ENSG00000108561	chr17	rs12938850	-0.15429552	AMR
AMR_subclass_IN_SST	ENSG00000108561	chr17	rs12949470	-0.154766495	AMR
AMR_subclass_IN_SST	ENSG00000108561	chr17	rs9895275	-0.012896933	AMR
AMR_subclass_IN_SST	ENSG00000108561	chr17	rs12603910	-0.02179842	AMR
AMR_subclass_IN_SST	ENSG00000108561	chr17	rs11078617	-0.023454931	AMR
AMR_subclass_IN_SST	ENSG00000108561	chr17	rs7213869	-0.024455285	AMR
AMR_subclass_IN_SST	ENSG00000108561	chr17	rs34583045	-0.024389388	AMR
AMR_subclass_IN_SST	ENSG00000108561	chr17	rs12944646	-0.023677389	AMR
AMR_subclass_IN_SST	ENSG00000108561	chr17	rs8078594	-0.022739211	AMR
AMR_subclass_IN_SST	ENSG00000108561	chr17	rs8076579	-0.003293787	AMR
AMR_subclass_IN_SST	ENSG00000108561	chr17	rs8065782	0.042063734	AMR
AMR_subclass_IN_SST	ENSG00000108950	chr17	rs6504515	0.0042906336	AMR
AMR_subclass_IN_SST	ENSG00000108950	chr17	rs6504516	0.0024914802	AMR
AMR_subclass_IN_SST	ENSG00000108950	chr17	rs7216738	0.0631371254	AMR
AMR_subclass_IN_SST	ENSG00000108950	chr17	rs72848186	-0.0274235568	AMR
AMR_subclass_IN_SST	ENSG00000108950	chr17	rs9914152	-0.0535993702	AMR
AMR_subclass_IN_SST	ENSG00000108950	chr17	rs62084212	0.0090200041	AMR
AMR_subclass_IN_SST	ENSG00000108950	chr17	rs4791046	0.0416895473	AMR
AMR_subclass_IN_SST	ENSG00000108950	chr17	rs116578596	-0.1253194147	AMR
AMR_subclass_IN_SST	ENSG00000108950	chr17	rs113290201	-0.1786486595	AMR
AMR_subclass_IN_SST	ENSG00000108950	chr17	rs141064553	-0.0003301516	AMR
AMR_subclass_IN_SST	ENSG00000108950	chr17	rs140386586	-0.0003891166	AMR
AMR_subclass_IN_SST	ENSG00000108950	chr17	rs2909209	0.2020881248	AMR
AMR_subclass_IN_SST	ENSG00000108950	chr17	rs1808335	0.0159904695	AMR
AMR_subclass_IN_SST	ENSG00000108950	chr17	rs2952294	0.0433862928	AMR
AMR_subclass_IN_SST	ENSG00000108950	chr17	rs3744506	-0.0220268495	AMR
AMR_subclass_IN_SST	ENSG00000108950	chr17	rs67717905	-0.1392682671	AMR
AMR_subclass_IN_SST	ENSG00000108950	chr17	rs11077624	-0.0154980048	AMR
AMR_subclass_IN_SST	ENSG00000108950	chr17	rs12938535	-0.0040493671	AMR
AMR_subclass_IN_SST	ENSG00000108950	chr17	rs11658683	-0.1891236301	AMR
AMR_subclass_IN_SST	ENSG00000108950	chr17	rs12051776	-0.1388299158	AMR
AMR_subclass_IN_SST	ENSG00000108950	chr17	rs887281	0.0098770395	AMR
AMR_subclass_IN_SST	ENSG00000108950	chr17	rs12450375	0.0268391548	AMR
AMR_subclass_IN_SST	ENSG00000108950	chr17	rs75871556	-0.229035039	AMR
AMR_subclass_IN_SST	ENSG00000108950	chr17	rs112906317	-0.0974886635	AMR
AMR_subclass_IN_SST	ENSG00000109046	chr17	rs79786666	0.032926931	AMR
AMR_subclass_IN_SST	ENSG00000109046	chr17	rs9902474	-0.154846286	AMR
AMR_subclass_IN_SST	ENSG00000109046	chr17	rs6505198	-0.009711813	AMR
AMR_subclass_IN_SST	ENSG00000109046	chr17	rs3751921	-0.047743386	AMR
AMR_subclass_IN_SST	ENSG00000109046	chr17	rs322167	0.023664422	AMR
AMR_subclass_IN_SST	ENSG00000109046	chr17	rs322177	0.022402767	AMR
AMR_subclass_IN_SST	ENSG00000109046	chr17	rs322180	0.022606259	AMR
AMR_subclass_IN_SST	ENSG00000109046	chr17	rs322184	0.179037413	AMR
AMR_subclass_IN_SST	ENSG00000109046	chr17	rs1676579	0.055258683	AMR
AMR_subclass_IN_SST	ENSG00000109046	chr17	rs1695670	0.008411609	AMR
AMR_subclass_IN_SST	ENSG00000109046	chr17	rs1623030	0.009569416	AMR
AMR_subclass_IN_SST	ENSG00000109046	chr17	rs225135	0.014331569	AMR
AMR_subclass_IN_SST	ENSG00000109046	chr17	rs322185	0.01005922	AMR
AMR_subclass_IN_SST	ENSG00000109046	chr17	rs322186	0.010121682	AMR
AMR_subclass_IN_SST	ENSG00000109046	chr17	rs9989455	-0.002964984	AMR
AMR_subclass_IN_SST	ENSG00000109046	chr17	rs7222116	-0.003285157	AMR
AMR_subclass_IN_SST	ENSG00000109046	chr17	rs2313917	-0.012871416	AMR
AMR_subclass_IN_SST	ENSG00000109046	chr17	rs4408591	0.007357931	AMR
AMR_subclass_IN_SST	ENSG00000109046	chr17	rs117054138	-0.005778412	AMR
AMR_subclass_IN_SST	ENSG00000109046	chr17	rs4794976	0.003038987	AMR
AMR_subclass_IN_SST	ENSG00000109046	chr17	rs28944186	-0.080772501	AMR
AMR_subclass_IN_SST	ENSG00000109046	chr17	rs2297515	-0.081089497	AMR
AMR_subclass_IN_SST	ENSG00000109046	chr17	rs28999412	0.024306528	AMR
AMR_subclass_IN_SST	ENSG00000109046	chr17	rs144924964	-0.304151908	AMR
AMR_subclass_IN_SST	ENSG00000109046	chr17	rs35851984	0.067623938	AMR
AMR_subclass_IN_SST	ENSG00000109046	chr17	rs72846708	-0.046558404	AMR
AMR_subclass_IN_SST	ENSG00000109046	chr17	rs71372371	0.041579607	AMR
AMR_subclass_IN_SST	ENSG00000109099	chr17	rs8070987	-0.013547614	AMR
AMR_subclass_IN_SST	ENSG00000109099	chr17	rs12450065	0.015969603	AMR
AMR_subclass_IN_SST	ENSG00000109099	chr17	rs521419	-0.105952681	AMR
AMR_subclass_IN_SST	ENSG00000109099	chr17	rs595360	-0.107130882	AMR
AMR_subclass_IN_SST	ENSG00000109099	chr17	rs7502174	0.015110523	AMR
AMR_subclass_IN_SST	ENSG00000109099	chr17	rs4473238	0.014395332	AMR
AMR_subclass_IN_SST	ENSG00000109099	chr17	rs72824504	0.012825898	AMR
AMR_subclass_IN_SST	ENSG00000109099	chr17	rs11078269	-0.01520356	AMR
AMR_subclass_IN_SST	ENSG00000109099	chr17	rs117904976	-0.08756741	AMR
AMR_subclass_IN_SST	ENSG00000109099	chr17	rs8077409	0.002607157	AMR
AMR_subclass_IN_SST	ENSG00000109099	chr17	rs12938070	0.028415066	AMR
AMR_subclass_IN_SST	ENSG00000109099	chr17	rs11078278	0.028330044	AMR
AMR_subclass_IN_SST	ENSG00000109099	chr17	rs114049849	-0.004228787	AMR
AMR_subclass_IN_SST	ENSG00000109099	chr17	rs7216059	-0.001867238	AMR
AMR_subclass_IN_SST	ENSG00000109099	chr17	rs60782702	0.012592949	AMR
AMR_subclass_IN_SST	ENSG00000109099	chr17	rs9890896	0.040605191	AMR
AMR_subclass_IN_SST	ENSG00000109099	chr17	rs28688840	0.005413471	AMR
AMR_subclass_IN_SST	ENSG00000109099	chr17	rs2601951	0.004730182	AMR
AMR_subclass_IN_SST	ENSG00000109099	chr17	rs9914346	0.02499515	AMR
AMR_subclass_IN_SST	ENSG00000109111	chr17	rs113308036	0.0890468401	AMR
AMR_subclass_IN_SST	ENSG00000109111	chr17	rs138869148	0.1632878218	AMR
AMR_subclass_IN_SST	ENSG00000109111	chr17	rs35784694	-0.0866993594	AMR
AMR_subclass_IN_SST	ENSG00000109111	chr17	rs148241051	-0.0955710733	AMR
AMR_subclass_IN_SST	ENSG00000109111	chr17	rs241791	-0.0425564422	AMR
AMR_subclass_IN_SST	ENSG00000109111	chr17	rs241780	-0.0414836802	AMR
AMR_subclass_IN_SST	ENSG00000109111	chr17	rs171360	-0.0423801811	AMR
AMR_subclass_IN_SST	ENSG00000109111	chr17	rs241776	-0.0416096218	AMR
AMR_subclass_IN_SST	ENSG00000109111	chr17	rs11080054	0.0410181739	AMR
AMR_subclass_IN_SST	ENSG00000109111	chr17	rs1858837	0.0003514545	AMR
AMR_subclass_IN_SST	ENSG00000109111	chr17	rs916657	-0.0576243689	AMR
AMR_subclass_IN_SST	ENSG00000109111	chr17	rs117348742	-0.0871508883	AMR
AMR_subclass_IN_SST	ENSG00000109111	chr17	rs187879277	-0.0585992112	AMR
AMR_subclass_IN_SST	ENSG00000109111	chr17	rs192608723	-0.0552065881	AMR
AMR_subclass_IN_SST	ENSG00000109111	chr17	rs11651087	0.0183201245	AMR
AMR_subclass_IN_SST	ENSG00000109111	chr17	rs62066617	0.0186643083	AMR
AMR_subclass_IN_SST	ENSG00000109111	chr17	rs71371121	0.0171278628	AMR
AMR_subclass_IN_SST	ENSG00000109163	chr4	rs6820443	0.030014941	AMR
AMR_subclass_IN_SST	ENSG00000109163	chr4	rs1425658	0.030127583	AMR
AMR_subclass_IN_SST	ENSG00000109163	chr4	rs147377744	-0.120654755	AMR
AMR_subclass_IN_SST	ENSG00000109163	chr4	rs74457995	-0.120421589	AMR
AMR_subclass_IN_SST	ENSG00000109163	chr4	rs141318750	-0.229126903	AMR
AMR_subclass_IN_SST	ENSG00000109163	chr4	rs72642346	0.005500847	AMR
AMR_subclass_IN_SST	ENSG00000109163	chr4	rs7678366	0.022967261	AMR
AMR_subclass_IN_SST	ENSG00000109163	chr4	rs77075932	0.015513142	AMR
AMR_subclass_IN_SST	ENSG00000109163	chr4	rs72642359	0.016569513	AMR
AMR_subclass_IN_SST	ENSG00000109163	chr4	rs17088553	0.017101042	AMR
AMR_subclass_IN_SST	ENSG00000109163	chr4	rs72642371	0.017206748	AMR
AMR_subclass_IN_SST	ENSG00000109163	chr4	rs12648675	0.017110483	AMR
AMR_subclass_IN_SST	ENSG00000109163	chr4	rs17634475	0.016941071	AMR
AMR_subclass_IN_SST	ENSG00000109163	chr4	rs111573985	0.016741302	AMR
AMR_subclass_IN_SST	ENSG00000109163	chr4	rs78578320	0.016525016	AMR
AMR_subclass_IN_SST	ENSG00000109163	chr4	rs72643608	0.025089333	AMR
AMR_subclass_IN_SST	ENSG00000109163	chr4	rs72643611	0.016210953	AMR
AMR_subclass_IN_SST	ENSG00000109163	chr4	rs72643612	0.016027927	AMR
AMR_subclass_IN_SST	ENSG00000109163	chr4	rs72643626	0.015862694	AMR
AMR_subclass_IN_SST	ENSG00000109163	chr4	rs78566488	0.008022666	AMR
AMR_subclass_IN_SST	ENSG00000109163	chr4	rs17573334	0.015470082	AMR
AMR_subclass_IN_SST	ENSG00000109163	chr4	rs1843593	0.006980483	AMR
AMR_subclass_IN_SST	ENSG00000109163	chr4	rs10518042	0.005546364	AMR
AMR_subclass_IN_SST	ENSG00000109163	chr4	rs10005857	0.149014982	AMR
AMR_subclass_IN_SST	ENSG00000109163	chr4	rs138938426	0.008032287	AMR
AMR_subclass_IN_SST	ENSG00000109270	chr4	rs182647496	0.014187308	AMR
AMR_subclass_IN_SST	ENSG00000109270	chr4	rs192949697	0.008128241	AMR
AMR_subclass_IN_SST	ENSG00000109270	chr4	rs77704423	-0.007342353	AMR
AMR_subclass_IN_SST	ENSG00000109270	chr4	rs7665953	-0.009067783	AMR
AMR_subclass_IN_SST	ENSG00000109270	chr4	rs74948655	-0.010138938	AMR
AMR_subclass_IN_SST	ENSG00000109270	chr4	rs7695613	-0.010559499	AMR
AMR_subclass_IN_SST	ENSG00000109270	chr4	rs10024157	0.032075106	AMR
AMR_subclass_IN_SST	ENSG00000109270	chr4	rs77026667	-0.010497207	AMR
AMR_subclass_IN_SST	ENSG00000109270	chr4	rs78147472	-0.01058329	AMR
AMR_subclass_IN_SST	ENSG00000109270	chr4	rs112685894	-0.010572038	AMR
AMR_subclass_IN_SST	ENSG00000109270	chr4	rs187674807	-0.010463181	AMR
AMR_subclass_IN_SST	ENSG00000109270	chr4	rs78928374	-0.010251011	AMR
AMR_subclass_IN_SST	ENSG00000109270	chr4	rs76958788	-0.009947516	AMR
AMR_subclass_IN_SST	ENSG00000109270	chr4	rs2105780	-0.009578848	AMR
AMR_subclass_IN_SST	ENSG00000109270	chr4	rs75601592	-0.009176932	AMR
AMR_subclass_IN_SST	ENSG00000109270	chr4	rs112582051	-0.008771975	AMR
AMR_subclass_IN_SST	ENSG00000109270	chr4	rs6814114	-0.008387993	AMR
AMR_subclass_IN_SST	ENSG00000109270	chr4	rs1130921	-0.008041007	AMR
AMR_subclass_IN_SST	ENSG00000109270	chr4	rs17219626	-0.00773888	AMR
AMR_subclass_IN_SST	ENSG00000109270	chr4	rs28720140	-0.007482033	AMR
AMR_subclass_IN_SST	ENSG00000109270	chr4	rs28720139	-0.007264637	AMR
AMR_subclass_IN_SST	ENSG00000109270	chr4	rs55830616	-0.007076067	AMR
AMR_subclass_IN_SST	ENSG00000109270	chr4	rs34664835	0.28104284	AMR
AMR_subclass_IN_SST	ENSG00000109270	chr4	rs17028965	0.008061498	AMR
AMR_subclass_IN_SST	ENSG00000109270	chr4	rs2851296	-0.073051073	AMR
AMR_subclass_IN_SST	ENSG00000109270	chr4	rs2584463	-0.043800106	AMR
AMR_subclass_IN_SST	ENSG00000109270	chr4	rs729147	-0.035291546	AMR
AMR_subclass_IN_SST	ENSG00000109270	chr4	rs2851011	-0.034754291	AMR
AMR_subclass_IN_SST	ENSG00000109270	chr4	rs971074	0.022976192	AMR
AMR_subclass_IN_SST	ENSG00000109270	chr4	rs1549518	-0.180836437	AMR
AMR_subclass_IN_SST	ENSG00000109270	chr4	rs6815065	-0.01746899	AMR
AMR_subclass_IN_SST	ENSG00000109270	chr4	rs72684341	-0.011378127	AMR
AMR_subclass_IN_SST	ENSG00000109270	chr4	rs7684872	-0.050839576	AMR
AMR_subclass_IN_SST	ENSG00000109270	chr4	rs11947795	-0.059793571	AMR
AMR_subclass_IN_SST	ENSG00000109270	chr4	rs28711485	-0.05938109	AMR
AMR_subclass_IN_SST	ENSG00000109270	chr4	rs75944035	0.220827271	AMR
AMR_subclass_IN_SST	ENSG00000109270	chr4	rs73833474	-0.074770954	AMR
AMR_subclass_IN_SST	ENSG00000109270	chr4	rs73833477	-0.025131295	AMR
AMR_subclass_IN_SST	ENSG00000109270	chr4	rs1396282	-0.023511906	AMR
AMR_subclass_IN_SST	ENSG00000109270	chr4	rs9990699	0.071927628	AMR
AMR_subclass_IN_SST	ENSG00000109270	chr4	rs78667637	-0.13783345	AMR
AMR_subclass_IN_SST	ENSG00000109686	chr4	rs78118878	-0.065195711	AMR
AMR_subclass_IN_SST	ENSG00000109686	chr4	rs60467236	-0.066824689	AMR
AMR_subclass_IN_SST	ENSG00000109686	chr4	rs56141146	-0.066497365	AMR
AMR_subclass_IN_SST	ENSG00000109686	chr4	rs77766870	-0.065172267	AMR
AMR_subclass_IN_SST	ENSG00000109686	chr4	rs7340876	-0.061805976	AMR
AMR_subclass_IN_SST	ENSG00000109686	chr4	rs62328550	0.043457835	AMR
AMR_subclass_IN_SST	ENSG00000109686	chr4	rs62328551	0.044594665	AMR
AMR_subclass_IN_SST	ENSG00000109686	chr4	rs55684420	0.044602214	AMR
AMR_subclass_IN_SST	ENSG00000109686	chr4	rs56347427	0.049447504	AMR
AMR_subclass_IN_SST	ENSG00000109686	chr4	rs72725947	0.019912034	AMR
AMR_subclass_IN_SST	ENSG00000109686	chr4	rs72725950	0.049351874	AMR
AMR_subclass_IN_SST	ENSG00000109686	chr4	rs72725953	0.049495564	AMR
AMR_subclass_IN_SST	ENSG00000109686	chr4	rs59990331	0.049507504	AMR
AMR_subclass_IN_SST	ENSG00000109686	chr4	rs62327167	0.018910482	AMR
AMR_subclass_IN_SST	ENSG00000109686	chr4	rs6858515	0.049148608	AMR
AMR_subclass_IN_SST	ENSG00000109686	chr4	rs76885071	-0.007927476	AMR
AMR_subclass_IN_SST	ENSG00000109686	chr4	rs144997731	-0.010132639	AMR
AMR_subclass_IN_SST	ENSG00000109686	chr4	rs9991670	-0.010294567	AMR
AMR_subclass_IN_SST	ENSG00000109686	chr4	rs10014199	-0.009572481	AMR
AMR_subclass_IN_SST	ENSG00000109686	chr4	rs10001678	-0.008681825	AMR
AMR_subclass_IN_SST	ENSG00000109686	chr4	rs10001535	-0.007850212	AMR
AMR_subclass_IN_SST	ENSG00000109686	chr4	rs76063446	-0.007114641	AMR
AMR_subclass_IN_SST	ENSG00000109686	chr4	rs77276129	-0.00643985	AMR
AMR_subclass_IN_SST	ENSG00000109686	chr4	rs10033020	-0.005768315	AMR
AMR_subclass_IN_SST	ENSG00000109686	chr4	rs28550752	-0.005058159	AMR
AMR_subclass_IN_SST	ENSG00000109686	chr4	rs28672920	-0.004302941	AMR
AMR_subclass_IN_SST	ENSG00000109686	chr4	rs72730175	-0.032353024	AMR
AMR_subclass_IN_SST	ENSG00000109686	chr4	rs139342969	-0.034193374	AMR
AMR_subclass_IN_SST	ENSG00000109686	chr4	rs72730179	-0.034323733	AMR
AMR_subclass_IN_SST	ENSG00000109686	chr4	rs72730180	-0.033378551	AMR
AMR_subclass_IN_SST	ENSG00000109686	chr4	rs72730181	-0.032063921	AMR
AMR_subclass_IN_SST	ENSG00000109686	chr4	rs72730182	-0.030703573	AMR
AMR_subclass_IN_SST	ENSG00000109686	chr4	rs360919	0.087931176	AMR
AMR_subclass_IN_SST	ENSG00000109686	chr4	rs7679733	0.050582496	AMR
AMR_subclass_IN_SST	ENSG00000109686	chr4	rs11935184	0.128922952	AMR
AMR_subclass_IN_SST	ENSG00000109686	chr4	rs17028449	0.098425816	AMR
AMR_subclass_IN_SST	ENSG00000109686	chr4	rs12711281	0.021195186	AMR
AMR_subclass_IN_SST	ENSG00000109686	chr4	rs2897480	0.022241454	AMR
AMR_subclass_IN_SST	ENSG00000109686	chr4	rs9683469	0.02231245	AMR
AMR_subclass_IN_SST	ENSG00000109686	chr4	rs11940348	0.021769861	AMR
AMR_subclass_IN_SST	ENSG00000109686	chr4	rs1559696	0.021036565	AMR
AMR_subclass_IN_SST	ENSG00000109686	chr4	rs1559697	0.020289583	AMR
AMR_subclass_IN_SST	ENSG00000109686	chr4	rs62319037	-0.036986329	AMR
AMR_subclass_IN_SST	ENSG00000109686	chr4	rs114394358	-0.122342368	AMR
AMR_subclass_IN_SST	ENSG00000109771	chr4	rs6552790	-0.085013502	AMR
AMR_subclass_IN_SST	ENSG00000109771	chr4	rs28644329	-0.002987452	AMR
AMR_subclass_IN_SST	ENSG00000109771	chr4	rs112017996	-0.140085389	AMR
AMR_subclass_IN_SST	ENSG00000109771	chr4	rs3733645	0.003578437	AMR
AMR_subclass_IN_SST	ENSG00000109771	chr4	rs6815168	-0.238004727	AMR
AMR_subclass_IN_SST	ENSG00000109771	chr4	rs73029580	-0.493940178	AMR
AMR_subclass_IN_SST	ENSG00000109771	chr4	rs74560263	-0.070158497	AMR
AMR_subclass_IN_SST	ENSG00000109771	chr4	rs78870788	-0.069759418	AMR
AMR_subclass_IN_SST	ENSG00000109771	chr4	rs6856368	0.014227878	AMR
AMR_subclass_IN_SST	ENSG00000109771	chr4	rs112419187	0.015679325	AMR
AMR_subclass_IN_SST	ENSG00000109771	chr4	rs28786245	0.015713833	AMR
AMR_subclass_IN_SST	ENSG00000109771	chr4	rs73018228	0.014803166	AMR
AMR_subclass_IN_SST	ENSG00000109771	chr4	rs73013693	-0.031947253	AMR
AMR_subclass_IN_SST	ENSG00000109771	chr4	rs78840841	0.040514355	AMR
AMR_subclass_IN_SST	ENSG00000109771	chr4	rs76915693	0.040824869	AMR
AMR_subclass_IN_SST	ENSG00000109771	chr4	rs116242808	0.039686691	AMR
AMR_subclass_IN_SST	ENSG00000109771	chr4	rs7695825	-0.008345165	AMR
AMR_subclass_IN_SST	ENSG00000109771	chr4	rs75202734	-0.01156663	AMR
AMR_subclass_IN_SST	ENSG00000109771	chr4	rs6848012	-0.098743858	AMR
AMR_subclass_IN_SST	ENSG00000109771	chr4	rs6848332	-0.009940608	AMR
AMR_subclass_IN_SST	ENSG00000109771	chr4	rs4862622	-0.157243853	AMR
AMR_subclass_IN_SST	ENSG00000109771	chr4	rs13108439	-0.02710772	AMR
AMR_subclass_IN_SST	ENSG00000109771	chr4	rs28667529	-0.012933918	AMR
AMR_subclass_IN_SST	ENSG00000109771	chr4	rs28648889	-0.013297223	AMR
AMR_subclass_IN_SST	ENSG00000109771	chr4	rs4253832	-0.135399266	AMR
AMR_subclass_IN_SST	ENSG00000109771	chr4	rs36054182	0.024143892	AMR
AMR_subclass_IN_SST	ENSG00000109846	chr11	rs1944114	-0.016143051	AMR
AMR_subclass_IN_SST	ENSG00000109846	chr11	rs1944116	-0.016809784	AMR
AMR_subclass_IN_SST	ENSG00000109846	chr11	rs7938620	-0.124720116	AMR
AMR_subclass_IN_SST	ENSG00000109846	chr11	rs9633937	-0.016391943	AMR
AMR_subclass_IN_SST	ENSG00000109846	chr11	rs7115263	-0.0161742	AMR
AMR_subclass_IN_SST	ENSG00000109846	chr11	rs4938723	-0.03018373	AMR
AMR_subclass_IN_SST	ENSG00000109846	chr11	rs12270454	-0.11190292	AMR
AMR_subclass_IN_SST	ENSG00000109846	chr11	rs116641317	-0.112095706	AMR
AMR_subclass_IN_SST	ENSG00000109846	chr11	rs113516276	-0.127963746	AMR
AMR_subclass_IN_SST	ENSG00000109846	chr11	rs11214036	-0.023882843	AMR
AMR_subclass_IN_SST	ENSG00000109846	chr11	rs77610019	-0.126841155	AMR
AMR_subclass_IN_SST	ENSG00000109846	chr11	rs12808601	-0.023364199	AMR
AMR_subclass_IN_SST	ENSG00000109846	chr11	rs10891323	-0.064593745	AMR
AMR_subclass_IN_SST	ENSG00000109846	chr11	rs2518345	0.00589542	AMR
AMR_subclass_IN_SST	ENSG00000109846	chr11	rs2518346	0.006832557	AMR
AMR_subclass_IN_SST	ENSG00000109846	chr11	rs2564867	0.006585455	AMR
AMR_subclass_IN_SST	ENSG00000109846	chr11	rs2518347	0.006071514	AMR
AMR_subclass_IN_SST	ENSG00000109846	chr11	rs1154763	0.005655407	AMR
AMR_subclass_IN_SST	ENSG00000109846	chr11	rs2019209	0.005277865	AMR
AMR_subclass_IN_SST	ENSG00000109846	chr11	rs2676375	0.004827208	AMR
AMR_subclass_IN_SST	ENSG00000109846	chr11	rs2435289	0.004265697	AMR
AMR_subclass_IN_SST	ENSG00000109846	chr11	rs7105881	0.002338579	AMR
AMR_subclass_IN_SST	ENSG00000109846	chr11	rs7108821	0.002114152	AMR
AMR_subclass_IN_SST	ENSG00000109846	chr11	rs10502160	-0.114295409	AMR
AMR_subclass_IN_SST	ENSG00000109846	chr11	rs2054267	-0.004000227	AMR
AMR_subclass_IN_SST	ENSG00000109846	chr11	rs61902387	-0.003508538	AMR
AMR_subclass_IN_SST	ENSG00000109846	chr11	rs7947440	-0.003034987	AMR
AMR_subclass_IN_SST	ENSG00000109846	chr11	rs7951615	-0.002702159	AMR
AMR_subclass_IN_SST	ENSG00000109919	chr11	rs11570051	0.006674082	AMR
AMR_subclass_IN_SST	ENSG00000109919	chr11	rs7937331	0.02006223	AMR
AMR_subclass_IN_SST	ENSG00000109919	chr11	rs755553	0.020154146	AMR
AMR_subclass_IN_SST	ENSG00000109919	chr11	rs6485756	0.019761918	AMR
AMR_subclass_IN_SST	ENSG00000109919	chr11	rs2293578	-0.012782003	AMR
AMR_subclass_IN_SST	ENSG00000109919	chr11	rs2053979	-0.01103901	AMR
AMR_subclass_IN_SST	ENSG00000109919	chr11	rs3781625	-0.014634949	AMR
AMR_subclass_IN_SST	ENSG00000109919	chr11	rs11600581	-0.015601437	AMR
AMR_subclass_IN_SST	ENSG00000109919	chr11	rs35496532	-0.003788212	AMR
AMR_subclass_IN_SST	ENSG00000109919	chr11	rs35184771	-0.013643028	AMR
AMR_subclass_IN_SST	ENSG00000109919	chr11	rs4752845	-0.014041888	AMR
AMR_subclass_IN_SST	ENSG00000109919	chr11	rs34958982	-0.014637792	AMR
AMR_subclass_IN_SST	ENSG00000109919	chr11	rs12798346	-0.014955424	AMR
AMR_subclass_IN_SST	ENSG00000109919	chr11	rs12799623	-0.015001805	AMR
AMR_subclass_IN_SST	ENSG00000109919	chr11	rs12419692	-0.01493026	AMR
AMR_subclass_IN_SST	ENSG00000109919	chr11	rs4752856	-0.0148426	AMR
AMR_subclass_IN_SST	ENSG00000109919	chr11	rs4752857	-0.014769333	AMR
AMR_subclass_IN_SST	ENSG00000109919	chr11	rs79837139	0.017716524	AMR
AMR_subclass_IN_SST	ENSG00000109919	chr11	rs77684932	0.017672558	AMR
AMR_subclass_IN_SST	ENSG00000109919	chr11	rs113253936	0.028229462	AMR
AMR_subclass_IN_SST	ENSG00000109919	chr11	rs7947811	-0.017105528	AMR
AMR_subclass_IN_SST	ENSG00000109919	chr11	rs11529374	0.01949345	AMR
AMR_subclass_IN_SST	ENSG00000109919	chr11	rs11039603	0.020073493	AMR
AMR_subclass_IN_SST	ENSG00000109919	chr11	rs76142260	0.020478591	AMR
AMR_subclass_IN_SST	ENSG00000109919	chr11	rs11039684	0.020510763	AMR
AMR_subclass_IN_SST	ENSG00000109919	chr11	rs4882054	-0.024578298	AMR
AMR_subclass_IN_SST	ENSG00000109919	chr11	rs4436572	0.020397188	AMR
AMR_subclass_IN_SST	ENSG00000109919	chr11	rs9943617	-0.003031792	AMR
AMR_subclass_IN_SST	ENSG00000109919	chr11	rs4882076	-0.003301018	AMR
AMR_subclass_IN_SST	ENSG00000109919	chr11	rs12420372	-0.003280415	AMR
AMR_subclass_IN_SST	ENSG00000109919	chr11	rs4881994	-0.003121106	AMR
AMR_subclass_IN_SST	ENSG00000109919	chr11	rs10838931	-0.002934974	AMR
AMR_subclass_IN_SST	ENSG00000109919	chr11	rs12366252	-0.00276481	AMR
AMR_subclass_IN_SST	ENSG00000109919	chr11	rs7121460	-0.002614187	AMR
AMR_subclass_IN_SST	ENSG00000109919	chr11	rs10838941	-0.002478555	AMR
AMR_subclass_IN_SST	ENSG00000109919	chr11	rs11603882	-0.002357568	AMR
AMR_subclass_IN_SST	ENSG00000109919	chr11	rs4882011	-0.002255031	AMR
AMR_subclass_IN_SST	ENSG00000109919	chr11	rs4882117	-0.002175643	AMR
AMR_subclass_IN_SST	ENSG00000109919	chr11	rs36133585	-0.002122559	AMR
AMR_subclass_IN_SST	ENSG00000109919	chr11	rs6485865	-0.002096237	AMR
AMR_subclass_IN_SST	ENSG00000109919	chr11	rs7107184	-0.002094187	AMR
AMR_subclass_IN_SST	ENSG00000109919	chr11	rs7933546	-0.002111311	AMR
AMR_subclass_IN_SST	ENSG00000109919	chr11	rs7481211	-0.002140651	AMR
AMR_subclass_IN_SST	ENSG00000109919	chr11	rs7483920	-0.002174376	AMR
AMR_subclass_IN_SST	ENSG00000109919	chr11	rs12800770	-0.002204741	AMR
AMR_subclass_IN_SST	ENSG00000109919	chr11	rs10838971	-0.002224852	AMR
AMR_subclass_IN_SST	ENSG00000109919	chr11	rs11039857	-0.00222914	AMR
AMR_subclass_IN_SST	ENSG00000109919	chr11	rs11039859	-0.002213562	AMR
AMR_subclass_IN_SST	ENSG00000109919	chr11	rs7129386	-0.002175612	AMR
AMR_subclass_IN_SST	ENSG00000109919	chr11	rs10838975	-0.002114231	AMR
AMR_subclass_IN_SST	ENSG00000109919	chr11	rs12418721	-0.002029693	AMR
AMR_subclass_IN_SST	ENSG00000109919	chr11	rs4882140	-0.001923491	AMR
AMR_subclass_IN_SST	ENSG00000109927	chr11	rs7108596	0.009989522	AMR
AMR_subclass_IN_SST	ENSG00000109927	chr11	rs747419	0.006570035	AMR
AMR_subclass_IN_SST	ENSG00000109927	chr11	rs7948299	0.010335766	AMR
AMR_subclass_IN_SST	ENSG00000109927	chr11	rs3902978	0.20112894	AMR
AMR_subclass_IN_SST	ENSG00000109927	chr11	rs17124543	-0.013793263	AMR
AMR_subclass_IN_SST	ENSG00000109927	chr11	rs78148740	-0.012869389	AMR
AMR_subclass_IN_SST	ENSG00000109927	chr11	rs143243843	-0.005415181	AMR
AMR_subclass_IN_SST	ENSG00000109927	chr11	rs7122879	-0.066462623	AMR
AMR_subclass_IN_SST	ENSG00000109927	chr11	rs2000528	-0.031482326	AMR
AMR_subclass_IN_SST	ENSG00000109927	chr11	rs11218125	-0.03188892	AMR
AMR_subclass_IN_SST	ENSG00000109927	chr11	rs10502245	-0.031900739	AMR
AMR_subclass_IN_SST	ENSG00000109927	chr11	rs10892666	-0.031578416	AMR
AMR_subclass_IN_SST	ENSG00000109927	chr11	rs504626	-0.04351468	AMR
AMR_subclass_IN_SST	ENSG00000109927	chr11	rs638903	-0.02659854	AMR
AMR_subclass_IN_SST	ENSG00000109927	chr11	rs727422	-0.012415376	AMR
AMR_subclass_IN_SST	ENSG00000109927	chr11	rs12275106	-0.035402688	AMR
AMR_subclass_IN_SST	ENSG00000109927	chr11	rs139131517	-0.012967267	AMR
AMR_subclass_IN_SST	ENSG00000109927	chr11	rs141633273	-0.011657808	AMR
AMR_subclass_IN_SST	ENSG00000111231	chr12	rs10774808	0.01412102	AMR
AMR_subclass_IN_SST	ENSG00000111231	chr12	rs117278527	-0.08110814	AMR
AMR_subclass_IN_SST	ENSG00000111231	chr12	rs77038962	-0.07964202	AMR
AMR_subclass_IN_SST	ENSG00000111231	chr12	rs16940902	0.01596546	AMR
AMR_subclass_IN_SST	ENSG00000111231	chr12	rs11065687	0.07938597	AMR
AMR_subclass_IN_SST	ENSG00000111231	chr12	rs75118465	0.02721917	AMR
AMR_subclass_IN_SST	ENSG00000111231	chr12	rs2339524	-0.04159302	AMR
AMR_subclass_IN_SST	ENSG00000111231	chr12	rs10047617	-0.05020099	AMR
AMR_subclass_IN_SST	ENSG00000111231	chr12	rs148700469	-0.05630165	AMR
AMR_subclass_IN_SST	ENSG00000111231	chr12	rs7299070	-0.0823224	AMR
AMR_subclass_IN_SST	ENSG00000111231	chr12	rs79809236	-0.01039601	AMR
AMR_subclass_IN_SST	ENSG00000111231	chr12	rs77516645	-0.01163253	AMR
AMR_subclass_IN_SST	ENSG00000111231	chr12	rs79261072	-0.01140705	AMR
AMR_subclass_IN_SST	ENSG00000111231	chr12	rs7956942	-0.01060945	AMR
AMR_subclass_IN_SST	ENSG00000111231	chr12	rs146251610	0.18366441	AMR
AMR_subclass_IN_SST	ENSG00000111231	chr12	rs78276102	0.18198797	AMR
AMR_subclass_IN_SST	ENSG00000111231	chr12	rs139760108	-0.17318134	AMR
AMR_subclass_IN_SST	ENSG00000111231	chr12	rs75309233	-0.17379147	AMR
AMR_subclass_IN_SST	ENSG00000111231	chr12	rs79258632	-0.17355543	AMR
AMR_subclass_IN_SST	ENSG00000111669	chr12	rs11064282	0.305277978	AMR
AMR_subclass_IN_SST	ENSG00000111669	chr12	rs6489725	-0.058229445	AMR
AMR_subclass_IN_SST	ENSG00000111669	chr12	rs115031458	-0.12764902	AMR
AMR_subclass_IN_SST	ENSG00000111669	chr12	rs144055655	-0.052198039	AMR
AMR_subclass_IN_SST	ENSG00000111669	chr12	rs146902162	-0.051841018	AMR
AMR_subclass_IN_SST	ENSG00000111669	chr12	rs11835335	0.099674777	AMR
AMR_subclass_IN_SST	ENSG00000111669	chr12	rs2286947	0.010120224	AMR
AMR_subclass_IN_SST	ENSG00000111669	chr12	rs1966415	-0.06144561	AMR
AMR_subclass_IN_SST	ENSG00000111669	chr12	rs112367559	0.005922295	AMR
AMR_subclass_IN_SST	ENSG00000111669	chr12	rs73272941	0.084566056	AMR
AMR_subclass_IN_SST	ENSG00000111678	chr12	rs1061223	-0.2210919	AMR
AMR_subclass_IN_SST	ENSG00000111696	chr12	rs10860913	0.071074374	AMR
AMR_subclass_IN_SST	ENSG00000111696	chr12	rs75849829	-0.010712289	AMR
AMR_subclass_IN_SST	ENSG00000111696	chr12	rs7299942	0.008593645	AMR
AMR_subclass_IN_SST	ENSG00000111696	chr12	rs7314969	0.008294891	AMR
AMR_subclass_IN_SST	ENSG00000111696	chr12	rs7960631	-0.011207259	AMR
AMR_subclass_IN_SST	ENSG00000111696	chr12	rs71466256	-0.095944104	AMR
AMR_subclass_IN_SST	ENSG00000111696	chr12	rs35917440	-0.095703709	AMR
AMR_subclass_IN_SST	ENSG00000111696	chr12	rs75297099	0.098274224	AMR
AMR_subclass_IN_SST	ENSG00000111696	chr12	rs7311451	-0.001365336	AMR
AMR_subclass_IN_SST	ENSG00000111696	chr12	rs36115881	-0.001498232	AMR
AMR_subclass_IN_SST	ENSG00000111696	chr12	rs4764940	-0.019267645	AMR
AMR_subclass_IN_SST	ENSG00000111696	chr12	rs80037841	-0.202335878	AMR
AMR_subclass_IN_SST	ENSG00000111696	chr12	rs9919808	-0.027998063	AMR
AMR_subclass_IN_SST	ENSG00000111696	chr12	rs10860977	-0.007071905	AMR
AMR_subclass_IN_SST	ENSG00000111696	chr12	rs4144505	-0.003904625	AMR
AMR_subclass_IN_SST	ENSG00000111696	chr12	rs12301542	-0.008414911	AMR
AMR_subclass_IN_SST	ENSG00000111696	chr12	rs7137989	-0.008793298	AMR
AMR_subclass_IN_SST	ENSG00000111696	chr12	rs12228711	-0.024876438	AMR
AMR_subclass_IN_SST	ENSG00000111696	chr12	rs7134630	-0.007784469	AMR
AMR_subclass_IN_SST	ENSG00000111696	chr12	rs11111525	-0.026224875	AMR
AMR_subclass_IN_SST	ENSG00000111696	chr12	rs7294776	-0.059388094	AMR
AMR_subclass_IN_SST	ENSG00000111696	chr12	rs11111530	-0.024902736	AMR
AMR_subclass_IN_SST	ENSG00000111696	chr12	rs11111535	-0.030311697	AMR
AMR_subclass_IN_SST	ENSG00000111696	chr12	rs78160339	-0.016798626	AMR
AMR_subclass_IN_SST	ENSG00000111696	chr12	rs146462109	0.34282509	AMR
AMR_subclass_IN_SST	ENSG00000111696	chr12	rs76663765	0.012428584	AMR
AMR_subclass_IN_SST	ENSG00000111696	chr12	rs12301358	-0.010613586	AMR
AMR_subclass_IN_SST	ENSG00000111696	chr12	rs76376778	0.08993076	AMR
AMR_subclass_IN_SST	ENSG00000111696	chr12	rs12318031	-0.056855564	AMR
AMR_subclass_IN_SST	ENSG00000111696	chr12	rs11111648	-0.206975241	AMR
AMR_subclass_IN_SST	ENSG00000111696	chr12	rs4612909	0.144503375	AMR
AMR_subclass_IN_SST	ENSG00000111696	chr12	rs831684	0.122441031	AMR
AMR_subclass_IN_SST	ENSG00000111696	chr12	rs703633	0.036650229	AMR
AMR_subclass_IN_SST	ENSG00000111696	chr12	rs73396019	0.283617084	AMR
AMR_subclass_IN_SST	ENSG00000111696	chr12	rs76059974	0.055783399	AMR
AMR_subclass_IN_SST	ENSG00000111696	chr12	rs7306642	0.019004041	AMR
AMR_subclass_IN_SST	ENSG00000111696	chr12	rs58131303	-0.021214068	AMR
AMR_subclass_IN_SST	ENSG00000111696	chr12	rs116450118	-0.021559067	AMR
AMR_subclass_IN_SST	ENSG00000111696	chr12	rs79380414	-0.021506697	AMR
AMR_subclass_IN_SST	ENSG00000111696	chr12	rs12368824	0.062853493	AMR
AMR_subclass_IN_SST	ENSG00000111696	chr12	rs17035534	0.062980666	AMR
AMR_subclass_IN_SST	ENSG00000111696	chr12	rs2248786	0.013728618	AMR
AMR_subclass_IN_SST	ENSG00000111696	chr12	rs11112046	-0.249296816	AMR
AMR_subclass_IN_SST	ENSG00000111696	chr12	rs111789728	0.056424391	AMR
AMR_subclass_IN_SST	ENSG00000111696	chr12	rs4536299	0.075900682	AMR
AMR_subclass_IN_SST	ENSG00000111696	chr12	rs140246513	0.091420551	AMR
AMR_subclass_IN_SST	ENSG00000111696	chr12	rs112508934	0.091147555	AMR
AMR_subclass_IN_SST	ENSG00000111696	chr12	rs117581277	0.021119243	AMR
AMR_subclass_IN_SST	ENSG00000111696	chr12	rs116887459	0.020261879	AMR
AMR_subclass_IN_SST	ENSG00000111850	chr6	rs7774115	0.0298087703	AMR
AMR_subclass_IN_SST	ENSG00000111850	chr6	rs4526166	-0.0001820223	AMR
AMR_subclass_IN_SST	ENSG00000111850	chr6	rs4470823	0.0135276829	AMR
AMR_subclass_IN_SST	ENSG00000111850	chr6	rs1145715	-0.0277443414	AMR
AMR_subclass_IN_SST	ENSG00000111850	chr6	rs1203162	-0.0267791438	AMR
AMR_subclass_IN_SST	ENSG00000111850	chr6	rs392807	-0.0182588616	AMR
AMR_subclass_IN_SST	ENSG00000111850	chr6	rs381741	-0.019133418	AMR
AMR_subclass_IN_SST	ENSG00000111850	chr6	rs377288	-0.0198070731	AMR
AMR_subclass_IN_SST	ENSG00000111850	chr6	rs1188819	-0.0200180385	AMR
AMR_subclass_IN_SST	ENSG00000111850	chr6	rs1188818	-0.0106222005	AMR
AMR_subclass_IN_SST	ENSG00000111850	chr6	rs1188816	-0.0197034709	AMR
AMR_subclass_IN_SST	ENSG00000111850	chr6	rs378744	-0.0194741205	AMR
AMR_subclass_IN_SST	ENSG00000111850	chr6	rs540975	-0.0192179141	AMR
AMR_subclass_IN_SST	ENSG00000111850	chr6	rs541170	-0.0189667405	AMR
AMR_subclass_IN_SST	ENSG00000111850	chr6	rs910564	-0.0187350777	AMR
AMR_subclass_IN_SST	ENSG00000111850	chr6	rs242284	-0.0185190783	AMR
AMR_subclass_IN_SST	ENSG00000111850	chr6	rs4707382	0.0195569271	AMR
AMR_subclass_IN_SST	ENSG00000111850	chr6	rs113378689	0.2144499397	AMR
AMR_subclass_IN_SST	ENSG00000111850	chr6	rs9362444	0.0277458425	AMR
AMR_subclass_IN_SST	ENSG00000111850	chr6	rs4706299	0.0279021469	AMR
AMR_subclass_IN_SST	ENSG00000111850	chr6	rs9362446	0.0154706497	AMR
AMR_subclass_IN_SST	ENSG00000111850	chr6	rs147162186	-0.0203299773	AMR
AMR_subclass_IN_SST	ENSG00000111850	chr6	rs117864625	-0.127610078	AMR
AMR_subclass_IN_SST	ENSG00000111912	chr6	rs1998413	0.084861037	AMR
AMR_subclass_IN_SST	ENSG00000111912	chr6	rs112419771	-0.089715476	AMR
AMR_subclass_IN_SST	ENSG00000111912	chr6	rs111568949	-0.089685691	AMR
AMR_subclass_IN_SST	ENSG00000111912	chr6	rs76816318	0.010274414	AMR
AMR_subclass_IN_SST	ENSG00000111912	chr6	rs76951232	0.01069191	AMR
AMR_subclass_IN_SST	ENSG00000111912	chr6	rs3799737	0.010458647	AMR
AMR_subclass_IN_SST	ENSG00000111912	chr6	rs1160495	0.02156519	AMR
AMR_subclass_IN_SST	ENSG00000111912	chr6	rs987168	0.001234169	AMR
AMR_subclass_IN_SST	ENSG00000111912	chr6	rs9491376	0.001748479	AMR
AMR_subclass_IN_SST	ENSG00000111912	chr6	rs2243389	0.001951171	AMR
AMR_subclass_IN_SST	ENSG00000111912	chr6	rs9491377	0.001606192	AMR
AMR_subclass_IN_SST	ENSG00000111912	chr6	rs4895698	0.002494849	AMR
AMR_subclass_IN_SST	ENSG00000111912	chr6	rs7761255	0.024382032	AMR
AMR_subclass_IN_SST	ENSG00000111912	chr6	rs949925	0.023935285	AMR
AMR_subclass_IN_SST	ENSG00000111912	chr6	rs9321034	0.023785255	AMR
AMR_subclass_IN_SST	ENSG00000111912	chr6	rs1934992	0.023725069	AMR
AMR_subclass_IN_SST	ENSG00000111912	chr6	rs9482707	0.067153011	AMR
AMR_subclass_IN_SST	ENSG00000111912	chr6	rs76908102	-0.024396217	AMR
AMR_subclass_IN_SST	ENSG00000111912	chr6	rs2206940	0.05455068	AMR
AMR_subclass_IN_SST	ENSG00000111912	chr6	rs6569447	0.05567381	AMR
AMR_subclass_IN_SST	ENSG00000111912	chr6	rs9388465	0.055844803	AMR
AMR_subclass_IN_SST	ENSG00000111912	chr6	rs4895803	0.071306048	AMR
AMR_subclass_IN_SST	ENSG00000111912	chr6	rs6912502	0.054885567	AMR
AMR_subclass_IN_SST	ENSG00000111961	chr6	rs117330050	-0.01265496	AMR
AMR_subclass_IN_SST	ENSG00000111961	chr6	rs149424838	0.06711304	AMR
AMR_subclass_IN_SST	ENSG00000111961	chr6	rs702347	-0.01080371	AMR
AMR_subclass_IN_SST	ENSG00000111961	chr6	rs4896927	-0.06589833	AMR
AMR_subclass_IN_SST	ENSG00000111961	chr6	rs13219474	-0.5287022	AMR
AMR_subclass_IN_SST	ENSG00000111961	chr6	rs112595602	-0.007539163	AMR
AMR_subclass_IN_SST	ENSG00000111961	chr6	rs148242389	-0.006352263	AMR
AMR_subclass_IN_SST	ENSG00000111961	chr6	rs13437357	-0.003217246	AMR
AMR_subclass_IN_SST	ENSG00000111961	chr6	rs13437360	-7.829986e-05	AMR
AMR_subclass_IN_SST	ENSG00000111961	chr6	rs9497854	-0.001189533	AMR
AMR_subclass_IN_SST	ENSG00000111961	chr6	rs111302616	-0.0003987609	AMR
AMR_subclass_IN_SST	ENSG00000111961	chr6	rs10872606	-0.05711705	AMR
AMR_subclass_IN_SST	ENSG00000111961	chr6	rs9373536	-0.09081795	AMR
AMR_subclass_IN_SST	ENSG00000111961	chr6	rs7753767	-0.000312058	AMR
AMR_subclass_IN_SST	ENSG00000111961	chr6	rs13197509	-0.5288031	AMR
AMR_subclass_IN_SST	ENSG00000111961	chr6	rs55952238	0.004410259	AMR
AMR_subclass_IN_SST	ENSG00000111961	chr6	rs3861429	-0.003788397	AMR
AMR_subclass_IN_SST	ENSG00000111961	chr6	rs3895168	0.02080748	AMR
AMR_subclass_IN_SST	ENSG00000111961	chr6	rs79643325	0.04558508	AMR
AMR_subclass_IN_SST	ENSG00000111961	chr6	rs79529069	0.04704871	AMR
AMR_subclass_IN_SST	ENSG00000111961	chr6	rs11963000	0.04803691	AMR
AMR_subclass_IN_SST	ENSG00000111961	chr6	rs4077020	-0.02856234	AMR
AMR_subclass_IN_SST	ENSG00000111961	chr6	rs55954496	-0.07456368	AMR
AMR_subclass_IN_SST	ENSG00000111961	chr6	rs9390553	-0.03503554	AMR
AMR_subclass_IN_SST	ENSG00000111961	chr6	rs6925130	0.02547879	AMR
AMR_subclass_IN_SST	ENSG00000111961	chr6	rs13194824	0.04500943	AMR
AMR_subclass_IN_SST	ENSG00000111961	chr6	rs17706306	-0.03169839	AMR
AMR_subclass_IN_SST	ENSG00000111961	chr6	rs113191869	-0.1607818	AMR
AMR_subclass_IN_SST	ENSG00000111961	chr6	rs9498005	-0.0004050852	AMR
AMR_subclass_IN_SST	ENSG00000111961	chr6	rs113272996	-0.1172153	AMR
AMR_subclass_IN_SST	ENSG00000111961	chr6	rs117874594	-0.1594398	AMR
AMR_subclass_IN_SST	ENSG00000111961	chr6	rs4896995	-0.01209619	AMR
AMR_subclass_IN_SST	ENSG00000111961	chr6	rs4896996	-0.01146831	AMR
AMR_subclass_IN_SST	ENSG00000111961	chr6	rs7738146	-0.03009313	AMR
AMR_subclass_IN_SST	ENSG00000111961	chr6	rs9403980	0.06093581	AMR
AMR_subclass_IN_SST	ENSG00000111961	chr6	rs9403981	0.03295581	AMR
AMR_subclass_IN_SST	ENSG00000111961	chr6	rs7356876	0.06178249	AMR
AMR_subclass_IN_SST	ENSG00000111961	chr6	rs12661836	-0.036982	AMR
AMR_subclass_IN_SST	ENSG00000111961	chr6	rs74584126	0.02298977	AMR
AMR_subclass_IN_SST	ENSG00000111961	chr6	rs2500516	0.02747716	AMR
AMR_subclass_IN_SST	ENSG00000111961	chr6	rs2486407	0.02792165	AMR
AMR_subclass_IN_SST	ENSG00000111961	chr6	rs7756798	-0.01087151	AMR
AMR_subclass_IN_SST	ENSG00000111961	chr6	rs2486393	0.003283509	AMR
AMR_subclass_IN_SST	ENSG00000111961	chr6	rs62426145	-0.09856006	AMR
AMR_subclass_IN_SST	ENSG00000111961	chr6	rs11967885	-0.005443669	AMR
AMR_subclass_IN_SST	ENSG00000111961	chr6	rs9404018	0.0260587	AMR
AMR_subclass_IN_SST	ENSG00000111961	chr6	rs115280125	0.03853553	AMR
AMR_subclass_IN_SST	ENSG00000112038	chr6	rs1684811	0.0859643635	AMR
AMR_subclass_IN_SST	ENSG00000112038	chr6	rs9479596	-0.0012066017	AMR
AMR_subclass_IN_SST	ENSG00000112038	chr6	rs961846	-0.0008756607	AMR
AMR_subclass_IN_SST	ENSG00000112038	chr6	rs12212368	-0.00041981	AMR
AMR_subclass_IN_SST	ENSG00000112038	chr6	rs7751085	0.1355108935	AMR
AMR_subclass_IN_SST	ENSG00000112038	chr6	rs654359	0.021065704	AMR
AMR_subclass_IN_SST	ENSG00000112038	chr6	rs598832	0.0183387202	AMR
AMR_subclass_IN_SST	ENSG00000112038	chr6	rs597523	0.0188894096	AMR
AMR_subclass_IN_SST	ENSG00000112038	chr6	rs484565	0.097453031	AMR
AMR_subclass_IN_SST	ENSG00000112038	chr6	rs56356778	-0.1553311105	AMR
AMR_subclass_IN_SST	ENSG00000112038	chr6	rs73790420	-0.3058332316	AMR
AMR_subclass_IN_SST	ENSG00000112038	chr6	rs510587	0.0350975099	AMR
AMR_subclass_IN_SST	ENSG00000112038	chr6	rs544205	0.0771876535	AMR
AMR_subclass_IN_SST	ENSG00000112038	chr6	rs544228	0.0780332365	AMR
AMR_subclass_IN_SST	ENSG00000112038	chr6	rs683945	0.0739959529	AMR
AMR_subclass_IN_SST	ENSG00000112038	chr6	rs1323041	0.005049642	AMR
AMR_subclass_IN_SST	ENSG00000112038	chr6	rs2003185	0.0033476035	AMR
AMR_subclass_IN_SST	ENSG00000112038	chr6	rs13195018	-0.0015494195	AMR
AMR_subclass_IN_SST	ENSG00000112038	chr6	rs12200355	0.0137073467	AMR
AMR_subclass_IN_SST	ENSG00000112038	chr6	rs9397178	0.0105322105	AMR
AMR_subclass_IN_SST	ENSG00000112038	chr6	rs6940181	0.0113223927	AMR
AMR_subclass_IN_SST	ENSG00000112038	chr6	rs9397698	0.0167199977	AMR
AMR_subclass_IN_SST	ENSG00000112038	chr6	rs9383697	0.0160357604	AMR
AMR_subclass_IN_SST	ENSG00000112038	chr6	rs17085271	-0.0710640595	AMR
AMR_subclass_IN_SST	ENSG00000112038	chr6	rs2333856	0.033021269	AMR
AMR_subclass_IN_SST	ENSG00000112038	chr6	rs80160802	-0.1146778728	AMR
AMR_subclass_IN_SST	ENSG00000112038	chr6	rs73790962	0.0501827581	AMR
AMR_subclass_IN_SST	ENSG00000112038	chr6	rs78800343	0.0670677966	AMR
AMR_subclass_IN_SST	ENSG00000112038	chr6	rs77464012	0.2797037337	AMR
AMR_subclass_IN_SST	ENSG00000112038	chr6	rs111360827	-0.126619749	AMR
AMR_subclass_IN_SST	ENSG00000112038	chr6	rs73001079	0.0648586874	AMR
AMR_subclass_IN_SST	ENSG00000112038	chr6	rs139893018	-0.0220415423	AMR
AMR_subclass_IN_SST	ENSG00000112038	chr6	rs140883048	-0.0220554311	AMR
AMR_subclass_IN_SST	ENSG00000112038	chr6	rs9480063	-0.0233103779	AMR
AMR_subclass_IN_SST	ENSG00000112038	chr6	rs9480067	-0.0156434677	AMR
AMR_subclass_IN_SST	ENSG00000112130	chr6	rs58238975	0.0426256571	AMR
AMR_subclass_IN_SST	ENSG00000112130	chr6	rs7739474	0.044773303	AMR
AMR_subclass_IN_SST	ENSG00000112130	chr6	rs7739960	0.0449014605	AMR
AMR_subclass_IN_SST	ENSG00000112130	chr6	rs77394127	0.0376039159	AMR
AMR_subclass_IN_SST	ENSG00000112130	chr6	rs41272176	0.0372773231	AMR
AMR_subclass_IN_SST	ENSG00000112130	chr6	rs116076878	0.0606434733	AMR
AMR_subclass_IN_SST	ENSG00000112130	chr6	rs236359	-0.0001206014	AMR
AMR_subclass_IN_SST	ENSG00000112130	chr6	rs147171940	0.0059030627	AMR
AMR_subclass_IN_SST	ENSG00000112130	chr6	rs2284923	-0.0454291389	AMR
AMR_subclass_IN_SST	ENSG00000112130	chr6	rs11964425	-0.1687303544	AMR
AMR_subclass_IN_SST	ENSG00000112130	chr6	rs195432	-0.0450199859	AMR
AMR_subclass_IN_SST	ENSG00000112130	chr6	rs195443	-0.0804475316	AMR
AMR_subclass_IN_SST	ENSG00000112130	chr6	rs12205098	-0.0675547409	AMR
AMR_subclass_IN_SST	ENSG00000112130	chr6	rs2776898	-0.0380405592	AMR
AMR_subclass_IN_SST	ENSG00000112130	chr6	rs2797775	-0.0400167811	AMR
AMR_subclass_IN_SST	ENSG00000112130	chr6	rs35799995	-0.1263948895	AMR
AMR_subclass_IN_SST	ENSG00000112130	chr6	rs11753044	-0.0386577626	AMR
AMR_subclass_IN_SST	ENSG00000112130	chr6	rs11754348	-0.0393452242	AMR
AMR_subclass_IN_SST	ENSG00000112130	chr6	rs11752518	-0.0378070469	AMR
AMR_subclass_IN_SST	ENSG00000112130	chr6	rs71569382	-0.0354369757	AMR
AMR_subclass_IN_SST	ENSG00000112130	chr6	rs73413369	-0.0089855248	AMR
AMR_subclass_IN_SST	ENSG00000112130	chr6	rs6922267	-0.018749374	AMR
AMR_subclass_IN_SST	ENSG00000112130	chr6	rs6941057	-0.0411538219	AMR
AMR_subclass_IN_SST	ENSG00000112130	chr6	rs11965075	-0.0734297873	AMR
AMR_subclass_IN_SST	ENSG00000112130	chr6	rs11758190	-0.1036858423	AMR
AMR_subclass_IN_SST	ENSG00000112130	chr6	rs11758125	-0.1037438263	AMR
AMR_subclass_IN_SST	ENSG00000112130	chr6	rs6917308	0.0391068268	AMR
AMR_subclass_IN_SST	ENSG00000112186	chr6	rs6932102	-0.0416811767	AMR
AMR_subclass_IN_SST	ENSG00000112186	chr6	rs115811491	-0.0533810875	AMR
AMR_subclass_IN_SST	ENSG00000112186	chr6	rs9383207	0.0047332261	AMR
AMR_subclass_IN_SST	ENSG00000112186	chr6	rs2759208	-0.162775797	AMR
AMR_subclass_IN_SST	ENSG00000112186	chr6	rs9464963	0.0595781884	AMR
AMR_subclass_IN_SST	ENSG00000112186	chr6	rs7762506	0.0204748697	AMR
AMR_subclass_IN_SST	ENSG00000112186	chr6	rs7774151	0.0638576347	AMR
AMR_subclass_IN_SST	ENSG00000112186	chr6	rs7774307	0.0208096377	AMR
AMR_subclass_IN_SST	ENSG00000112186	chr6	rs111733541	-0.0165059082	AMR
AMR_subclass_IN_SST	ENSG00000112186	chr6	rs7750203	-0.0166200661	AMR
AMR_subclass_IN_SST	ENSG00000112186	chr6	rs4484526	-0.0170489622	AMR
AMR_subclass_IN_SST	ENSG00000112186	chr6	rs7739260	-0.0175374906	AMR
AMR_subclass_IN_SST	ENSG00000112186	chr6	rs4486017	-0.0179745335	AMR
AMR_subclass_IN_SST	ENSG00000112186	chr6	rs4577802	-0.018366765	AMR
AMR_subclass_IN_SST	ENSG00000112186	chr6	rs4980367	-0.0186891866	AMR
AMR_subclass_IN_SST	ENSG00000112186	chr6	rs4613810	-0.0189226111	AMR
AMR_subclass_IN_SST	ENSG00000112186	chr6	rs4431423	-0.0190676134	AMR
AMR_subclass_IN_SST	ENSG00000112186	chr6	rs4487585	-0.0191334216	AMR
AMR_subclass_IN_SST	ENSG00000112186	chr6	rs4360123	-0.0191295231	AMR
AMR_subclass_IN_SST	ENSG00000112186	chr6	rs4716111	-0.0004519299	AMR
AMR_subclass_IN_SST	ENSG00000112186	chr6	rs9350030	-0.0296121054	AMR
AMR_subclass_IN_SST	ENSG00000112186	chr6	rs41267720	0.0063051514	AMR
AMR_subclass_IN_SST	ENSG00000112186	chr6	rs116636064	-0.4311560819	AMR
AMR_subclass_IN_SST	ENSG00000112186	chr6	rs114788587	-0.1037239989	AMR
AMR_subclass_IN_SST	ENSG00000112186	chr6	rs74900213	-0.0080441631	AMR
AMR_subclass_IN_SST	ENSG00000112186	chr6	rs16880196	0.0806747432	AMR
AMR_subclass_IN_SST	ENSG00000112186	chr6	rs7754358	-0.1294555759	AMR
AMR_subclass_IN_SST	ENSG00000112208	chr6	rs72873682	-0.0066242619	AMR
AMR_subclass_IN_SST	ENSG00000112208	chr6	rs6921022	-0.0114365114	AMR
AMR_subclass_IN_SST	ENSG00000112208	chr6	rs6941982	-0.0125289174	AMR
AMR_subclass_IN_SST	ENSG00000112208	chr6	rs114872432	-0.9896938679	AMR
AMR_subclass_IN_SST	ENSG00000112208	chr6	rs72875526	-0.0110470905	AMR
AMR_subclass_IN_SST	ENSG00000112208	chr6	rs9475683	-0.00859386	AMR
AMR_subclass_IN_SST	ENSG00000112208	chr6	rs9475684	-0.0060550777	AMR
AMR_subclass_IN_SST	ENSG00000112208	chr6	rs72875542	-0.0039052058	AMR
AMR_subclass_IN_SST	ENSG00000112208	chr6	rs72875543	-0.0023185431	AMR
AMR_subclass_IN_SST	ENSG00000112208	chr6	rs72875567	-0.0012746313	AMR
AMR_subclass_IN_SST	ENSG00000112208	chr6	rs2143349	0.0264746539	AMR
AMR_subclass_IN_SST	ENSG00000112208	chr6	rs2894837	-0.0502588318	AMR
AMR_subclass_IN_SST	ENSG00000112208	chr6	rs6910217	0.0878517185	AMR
AMR_subclass_IN_SST	ENSG00000112208	chr6	rs17685332	0.0516813122	AMR
AMR_subclass_IN_SST	ENSG00000112208	chr6	rs74867508	0.0067108882	AMR
AMR_subclass_IN_SST	ENSG00000112208	chr6	rs6923296	-0.0123007866	AMR
AMR_subclass_IN_SST	ENSG00000112208	chr6	rs9296860	0.006830616	AMR
AMR_subclass_IN_SST	ENSG00000112208	chr6	rs62415878	0.0093787002	AMR
AMR_subclass_IN_SST	ENSG00000112208	chr6	rs9367710	0.0098037075	AMR
AMR_subclass_IN_SST	ENSG00000112208	chr6	rs9464418	0.0088610291	AMR
AMR_subclass_IN_SST	ENSG00000112208	chr6	rs16888316	0.0074129235	AMR
AMR_subclass_IN_SST	ENSG00000112208	chr6	rs11965193	0.0659787586	AMR
AMR_subclass_IN_SST	ENSG00000112208	chr6	rs72867054	0.0058602899	AMR
AMR_subclass_IN_SST	ENSG00000112208	chr6	rs11755664	0.2487585249	AMR
AMR_subclass_IN_SST	ENSG00000112208	chr6	rs9370567	0.0043907998	AMR
AMR_subclass_IN_SST	ENSG00000112208	chr6	rs62415933	0.0002213725	AMR
AMR_subclass_IN_SST	ENSG00000112339	chr6	rs17638970	-0.004808462	AMR
AMR_subclass_IN_SST	ENSG00000112339	chr6	rs45544135	-0.005045833	AMR
AMR_subclass_IN_SST	ENSG00000112339	chr6	rs4559100	-0.005772557	AMR
AMR_subclass_IN_SST	ENSG00000112339	chr6	rs12527707	-0.006578833	AMR
AMR_subclass_IN_SST	ENSG00000112339	chr6	rs9389251	-0.007138814	AMR
AMR_subclass_IN_SST	ENSG00000112339	chr6	rs6929661	-0.007365109	AMR
AMR_subclass_IN_SST	ENSG00000112339	chr6	rs9389255	-0.007337647	AMR
AMR_subclass_IN_SST	ENSG00000112339	chr6	rs6902888	-0.001331348	AMR
AMR_subclass_IN_SST	ENSG00000112339	chr6	rs4896125	-0.006500473	AMR
AMR_subclass_IN_SST	ENSG00000112339	chr6	rs11756988	-0.006564359	AMR
AMR_subclass_IN_SST	ENSG00000112339	chr6	rs6919862	-0.006531958	AMR
AMR_subclass_IN_SST	ENSG00000112339	chr6	rs7742542	-0.006429015	AMR
AMR_subclass_IN_SST	ENSG00000112339	chr6	rs7763836	-0.005287625	AMR
AMR_subclass_IN_SST	ENSG00000112339	chr6	rs34546690	-0.005006914	AMR
AMR_subclass_IN_SST	ENSG00000112339	chr6	rs11759999	-0.005799987	AMR
AMR_subclass_IN_SST	ENSG00000112339	chr6	rs11760000	-0.005821773	AMR
AMR_subclass_IN_SST	ENSG00000112339	chr6	rs9376086	-0.005760251	AMR
AMR_subclass_IN_SST	ENSG00000112339	chr6	rs1041480	-0.005630432	AMR
AMR_subclass_IN_SST	ENSG00000112339	chr6	rs9373122	-0.004918599	AMR
AMR_subclass_IN_SST	ENSG00000112339	chr6	rs2297338	-0.0052877	AMR
AMR_subclass_IN_SST	ENSG00000112339	chr6	rs2297340	-0.005135726	AMR
AMR_subclass_IN_SST	ENSG00000112339	chr6	rs4142299	-0.004975082	AMR
AMR_subclass_IN_SST	ENSG00000113108	chr5	rs55830737	-0.04847777	AMR
AMR_subclass_IN_SST	ENSG00000113108	chr5	rs72796764	-0.06355476	AMR
AMR_subclass_IN_SST	ENSG00000113108	chr5	rs62385234	-0.25438096	AMR
AMR_subclass_IN_SST	ENSG00000113108	chr5	rs6883830	-0.07439593	AMR
AMR_subclass_IN_SST	ENSG00000113140	chr5	rs76034735	0.005157091	AMR
AMR_subclass_IN_SST	ENSG00000113140	chr5	rs4958487	0.186861294	AMR
AMR_subclass_IN_SST	ENSG00000113140	chr5	rs2033466	0.020237988	AMR
AMR_subclass_IN_SST	ENSG00000113318	chr5	rs16877079	0.128039015	AMR
AMR_subclass_IN_SST	ENSG00000113318	chr5	rs7732543	-0.007929669	AMR
AMR_subclass_IN_SST	ENSG00000113318	chr5	rs7727172	0.189408461	AMR
AMR_subclass_IN_SST	ENSG00000113318	chr5	rs4409070	-0.031284247	AMR
AMR_subclass_IN_SST	ENSG00000113318	chr5	rs12523350	-0.065697339	AMR
AMR_subclass_IN_SST	ENSG00000113318	chr5	rs10057542	-0.034639885	AMR
AMR_subclass_IN_SST	ENSG00000113318	chr5	rs11951568	0.018893386	AMR
AMR_subclass_IN_SST	ENSG00000113318	chr5	rs6887685	0.107454666	AMR
AMR_subclass_IN_SST	ENSG00000113318	chr5	rs17201124	-0.20419779	AMR
AMR_subclass_IN_SST	ENSG00000113318	chr5	rs13186099	-0.046075875	AMR
AMR_subclass_IN_SST	ENSG00000113318	chr5	rs13159849	-0.001356782	AMR
AMR_subclass_IN_SST	ENSG00000113318	chr5	rs62365914	-0.014252399	AMR
AMR_subclass_IN_SST	ENSG00000113318	chr5	rs13155466	-0.01419814	AMR
AMR_subclass_IN_SST	ENSG00000113318	chr5	rs34625696	-0.018940848	AMR
AMR_subclass_IN_SST	ENSG00000113318	chr5	rs34104982	-0.014207344	AMR
AMR_subclass_IN_SST	ENSG00000113318	chr5	rs7709909	0.008395489	AMR
AMR_subclass_IN_SST	ENSG00000113318	chr5	rs3776967	0.009131531	AMR
AMR_subclass_IN_SST	ENSG00000113318	chr5	rs11743909	0.009233635	AMR
AMR_subclass_IN_SST	ENSG00000113318	chr5	rs6151704	0.067557692	AMR
AMR_subclass_IN_SST	ENSG00000113318	chr5	rs3776968	0.008711271	AMR
AMR_subclass_IN_SST	ENSG00000113318	chr5	rs6151709	0.00866285	AMR
AMR_subclass_IN_SST	ENSG00000113318	chr5	rs10044730	0.00840246	AMR
AMR_subclass_IN_SST	ENSG00000113318	chr5	rs32952	0.008113116	AMR
AMR_subclass_IN_SST	ENSG00000113318	chr5	rs857289	0.116501672	AMR
AMR_subclass_IN_SST	ENSG00000113318	chr5	rs857290	0.116713284	AMR
AMR_subclass_IN_SST	ENSG00000113318	chr5	rs152411	0.108805473	AMR
AMR_subclass_IN_SST	ENSG00000113318	chr5	rs152412	0.02056117	AMR
AMR_subclass_IN_SST	ENSG00000113318	chr5	rs10942932	-0.019240672	AMR
AMR_subclass_IN_SST	ENSG00000113318	chr5	rs74399128	-0.121211859	AMR
AMR_subclass_IN_SST	ENSG00000113318	chr5	rs10079494	0.006366674	AMR
AMR_subclass_IN_SST	ENSG00000113318	chr5	rs153226	0.016056681	AMR
AMR_subclass_IN_SST	ENSG00000113318	chr5	rs16878522	-0.090785764	AMR
AMR_subclass_IN_SST	ENSG00000113318	chr5	rs74866925	-0.081307554	AMR
AMR_subclass_IN_SST	ENSG00000113318	chr5	rs6877974	-0.079521526	AMR
AMR_subclass_IN_SST	ENSG00000113318	chr5	rs445410	-0.030261986	AMR
AMR_subclass_IN_SST	ENSG00000113318	chr5	rs6452434	-0.056068596	AMR
AMR_subclass_IN_SST	ENSG00000113319	chr5	rs2438634	-0.085675422	AMR
AMR_subclass_IN_SST	ENSG00000113319	chr5	rs2434286	-0.08564805	AMR
AMR_subclass_IN_SST	ENSG00000113319	chr5	rs60994341	-0.035820713	AMR
AMR_subclass_IN_SST	ENSG00000113319	chr5	rs60691088	-0.035654202	AMR
AMR_subclass_IN_SST	ENSG00000113319	chr5	rs34844945	0.001871358	AMR
AMR_subclass_IN_SST	ENSG00000113319	chr5	rs35314308	0.004280598	AMR
AMR_subclass_IN_SST	ENSG00000113319	chr5	rs148631534	0.006061458	AMR
AMR_subclass_IN_SST	ENSG00000113319	chr5	rs35916537	0.006024101	AMR
AMR_subclass_IN_SST	ENSG00000113319	chr5	rs13179638	0.004744388	AMR
AMR_subclass_IN_SST	ENSG00000113319	chr5	rs13181284	0.003163555	AMR
AMR_subclass_IN_SST	ENSG00000113319	chr5	rs35155855	0.001858083	AMR
AMR_subclass_IN_SST	ENSG00000113319	chr5	rs6866850	-0.018198163	AMR
AMR_subclass_IN_SST	ENSG00000113319	chr5	rs13177622	0.00204065	AMR
AMR_subclass_IN_SST	ENSG00000113319	chr5	rs73121683	-0.042199371	AMR
AMR_subclass_IN_SST	ENSG00000113319	chr5	rs73121697	-0.044031524	AMR
AMR_subclass_IN_SST	ENSG00000113319	chr5	rs33011	-0.030259161	AMR
AMR_subclass_IN_SST	ENSG00000113319	chr5	rs76358106	-0.04572184	AMR
AMR_subclass_IN_SST	ENSG00000113319	chr5	rs114082212	-0.045594301	AMR
AMR_subclass_IN_SST	ENSG00000113319	chr5	rs77771613	0.017260241	AMR
AMR_subclass_IN_SST	ENSG00000113319	chr5	rs78258442	0.017840907	AMR
AMR_subclass_IN_SST	ENSG00000113319	chr5	rs12514594	-0.014309674	AMR
AMR_subclass_IN_SST	ENSG00000113319	chr5	rs66668523	-0.082266431	AMR
AMR_subclass_IN_SST	ENSG00000113319	chr5	rs34044243	0.099673686	AMR
AMR_subclass_IN_SST	ENSG00000113319	chr5	rs4703840	0.09939888	AMR
AMR_subclass_IN_SST	ENSG00000113319	chr5	rs589080	0.107771954	AMR
AMR_subclass_IN_SST	ENSG00000113621	chr5	rs2869177	-0.033490019	AMR
AMR_subclass_IN_SST	ENSG00000113621	chr5	rs11953516	-0.025908567	AMR
AMR_subclass_IN_SST	ENSG00000113621	chr5	rs112690870	-0.145070462	AMR
AMR_subclass_IN_SST	ENSG00000113621	chr5	rs3733897	0.122945171	AMR
AMR_subclass_IN_SST	ENSG00000113621	chr5	rs78165052	0.124708696	AMR
AMR_subclass_IN_SST	ENSG00000113621	chr5	rs7706190	0.125098528	AMR
AMR_subclass_IN_SST	ENSG00000113621	chr5	rs9285933	0.1246769	AMR
AMR_subclass_IN_SST	ENSG00000113621	chr5	rs10075481	0.124061765	AMR
AMR_subclass_IN_SST	ENSG00000113621	chr5	rs9327697	0.123437554	AMR
AMR_subclass_IN_SST	ENSG00000113621	chr5	rs77625575	0.122809725	AMR
AMR_subclass_IN_SST	ENSG00000113621	chr5	rs12654977	0.122170662	AMR
AMR_subclass_IN_SST	ENSG00000113621	chr5	rs12656013	0.121519164	AMR
AMR_subclass_IN_SST	ENSG00000113621	chr5	rs867553	-0.012523881	AMR
AMR_subclass_IN_SST	ENSG00000113621	chr5	rs683756	-0.016757511	AMR
AMR_subclass_IN_SST	ENSG00000113621	chr5	rs1650464	-0.011651484	AMR
AMR_subclass_IN_SST	ENSG00000113621	chr5	rs11242304	0.002023827	AMR
AMR_subclass_IN_SST	ENSG00000113621	chr5	rs73287289	-0.047241819	AMR
AMR_subclass_IN_SST	ENSG00000113621	chr5	rs7737407	-0.176381249	AMR
AMR_subclass_IN_SST	ENSG00000113719	chr5	rs79430529	-0.030755805	AMR
AMR_subclass_IN_SST	ENSG00000113719	chr5	rs11134727	0.145612977	AMR
AMR_subclass_IN_SST	ENSG00000113719	chr5	rs2306961	0.036269295	AMR
AMR_subclass_IN_SST	ENSG00000113719	chr5	rs3103584	0.013721359	AMR
AMR_subclass_IN_SST	ENSG00000113719	chr5	rs4868146	0.023832453	AMR
AMR_subclass_IN_SST	ENSG00000113719	chr5	rs2731719	0.038001	AMR
AMR_subclass_IN_SST	ENSG00000113719	chr5	rs2731728	0.064794308	AMR
AMR_subclass_IN_SST	ENSG00000113719	chr5	rs76019842	0.020294604	AMR
AMR_subclass_IN_SST	ENSG00000113719	chr5	rs2012609	0.013131632	AMR
AMR_subclass_IN_SST	ENSG00000113719	chr5	rs73804843	0.013155538	AMR
AMR_subclass_IN_SST	ENSG00000113719	chr5	rs79771643	0.039360831	AMR
AMR_subclass_IN_SST	ENSG00000113719	chr5	rs35773846	0.007987971	AMR
AMR_subclass_IN_SST	ENSG00000113719	chr5	rs6868730	-0.099116284	AMR
AMR_subclass_IN_SST	ENSG00000113719	chr5	rs75650761	-0.098231774	AMR
AMR_subclass_IN_SST	ENSG00000113719	chr5	rs57398793	-0.045955824	AMR
AMR_subclass_IN_SST	ENSG00000113719	chr5	rs72809972	0.131054461	AMR
AMR_subclass_IN_SST	ENSG00000113719	chr5	rs13359086	-0.042263614	AMR
AMR_subclass_IN_SST	ENSG00000113719	chr5	rs10475582	-0.043517907	AMR
AMR_subclass_IN_SST	ENSG00000113719	chr5	rs10476047	-0.042808477	AMR
AMR_subclass_IN_SST	ENSG00000113719	chr5	rs10476048	-0.041198804	AMR
AMR_subclass_IN_SST	ENSG00000113719	chr5	rs35432205	0.062436424	AMR
AMR_subclass_IN_SST	ENSG00000113719	chr5	rs17715237	0.062019759	AMR
AMR_subclass_IN_SST	ENSG00000113719	chr5	rs60170982	-0.03914981	AMR
AMR_subclass_IN_SST	ENSG00000113719	chr5	rs58416015	-0.038388028	AMR
AMR_subclass_IN_SST	ENSG00000113719	chr5	rs58664572	-0.036558123	AMR
AMR_subclass_IN_SST	ENSG00000113719	chr5	rs60231175	-0.034798821	AMR
AMR_subclass_IN_SST	ENSG00000113719	chr5	rs59254893	-0.096562567	AMR
AMR_subclass_IN_SST	ENSG00000113719	chr5	rs73329241	0.096136818	AMR
AMR_subclass_IN_SST	ENSG00000113719	chr5	rs4868253	-0.111508993	AMR
AMR_subclass_IN_SST	ENSG00000113719	chr5	rs10067112	-0.004246102	AMR
AMR_subclass_IN_SST	ENSG00000113719	chr5	rs6893955	-0.005056864	AMR
AMR_subclass_IN_SST	ENSG00000113719	chr5	rs6894889	-0.005770801	AMR
AMR_subclass_IN_SST	ENSG00000113719	chr5	rs6898846	-0.006193231	AMR
AMR_subclass_IN_SST	ENSG00000113719	chr5	rs10079004	0.05353411	AMR
AMR_subclass_IN_SST	ENSG00000113719	chr5	rs1862427	-0.051913337	AMR
AMR_subclass_IN_SST	ENSG00000113719	chr5	rs55875734	0.039303781	AMR
AMR_subclass_IN_SST	ENSG00000113719	chr5	rs17075916	0.038814741	AMR
AMR_subclass_IN_SST	ENSG00000113719	chr5	rs78541453	0.070262389	AMR
AMR_subclass_IN_SST	ENSG00000113719	chr5	rs77687972	0.132080957	AMR
AMR_subclass_IN_SST	ENSG00000113719	chr5	rs113292739	0.197028449	AMR
AMR_subclass_IN_SST	ENSG00000113719	chr5	rs113541195	0.196991172	AMR
AMR_subclass_IN_SST	ENSG00000113719	chr5	rs112543431	0.197463501	AMR
AMR_subclass_IN_SST	ENSG00000113719	chr5	rs2594852	0.068455036	AMR
AMR_subclass_IN_SST	ENSG00000113719	chr5	rs56239853	0.010590311	AMR
AMR_subclass_IN_SST	ENSG00000113719	chr5	rs35060286	0.010136668	AMR
AMR_subclass_IN_SST	ENSG00000113719	chr5	rs13169984	0.072742461	AMR
AMR_subclass_IN_SST	ENSG00000113719	chr5	rs2659178	0.170519322	AMR
AMR_subclass_IN_SST	ENSG00000113719	chr5	rs13183788	0.172491403	AMR
AMR_subclass_IN_SST	ENSG00000114030	chr3	rs142541481	-0.002249109	AMR
AMR_subclass_IN_SST	ENSG00000114030	chr3	rs78010867	-0.006467199	AMR
AMR_subclass_IN_SST	ENSG00000114030	chr3	rs115027980	-0.01013973	AMR
AMR_subclass_IN_SST	ENSG00000114030	chr3	rs138633763	-0.01165835	AMR
AMR_subclass_IN_SST	ENSG00000114030	chr3	rs114329951	-0.01137655	AMR
AMR_subclass_IN_SST	ENSG00000114030	chr3	rs142093828	-0.01051272	AMR
AMR_subclass_IN_SST	ENSG00000114030	chr3	rs115441302	-0.00999496	AMR
AMR_subclass_IN_SST	ENSG00000114030	chr3	rs143504622	-0.01010647	AMR
AMR_subclass_IN_SST	ENSG00000114030	chr3	rs78049188	-0.01068563	AMR
AMR_subclass_IN_SST	ENSG00000114030	chr3	rs75739354	-0.01143575	AMR
AMR_subclass_IN_SST	ENSG00000114030	chr3	rs146108586	-0.01211748	AMR
AMR_subclass_IN_SST	ENSG00000114030	chr3	rs75831624	-0.01260275	AMR
AMR_subclass_IN_SST	ENSG00000114030	chr3	rs79009027	-0.01285057	AMR
AMR_subclass_IN_SST	ENSG00000114030	chr3	rs76634888	-0.01286374	AMR
AMR_subclass_IN_SST	ENSG00000114030	chr3	rs116658318	-0.01265729	AMR
AMR_subclass_IN_SST	ENSG00000114030	chr3	rs79192967	-0.01224529	AMR
AMR_subclass_IN_SST	ENSG00000114030	chr3	rs78519978	-0.01164092	AMR
AMR_subclass_IN_SST	ENSG00000114030	chr3	rs80352935	-0.01086174	AMR
AMR_subclass_IN_SST	ENSG00000114030	chr3	rs148861055	-0.00993443	AMR
AMR_subclass_IN_SST	ENSG00000114030	chr3	rs79337788	-0.008896173	AMR
AMR_subclass_IN_SST	ENSG00000114030	chr3	rs141830878	-0.007792427	AMR
AMR_subclass_IN_SST	ENSG00000114030	chr3	rs150625122	-0.006672242	AMR
AMR_subclass_IN_SST	ENSG00000114030	chr3	rs75182904	-0.005582706	AMR
AMR_subclass_IN_SST	ENSG00000114030	chr3	rs139377044	-0.004563991	AMR
AMR_subclass_IN_SST	ENSG00000114030	chr3	rs74648847	-0.003645986	AMR
AMR_subclass_IN_SST	ENSG00000114030	chr3	rs189823136	-0.002846885	AMR
AMR_subclass_IN_SST	ENSG00000114030	chr3	rs77440480	-0.002173593	AMR
AMR_subclass_IN_SST	ENSG00000114030	chr3	rs79832389	-0.001623485	AMR
AMR_subclass_IN_SST	ENSG00000114030	chr3	rs80013142	-0.001186906	AMR
AMR_subclass_IN_SST	ENSG00000114030	chr3	rs78874716	-0.0008498393	AMR
AMR_subclass_IN_SST	ENSG00000114030	chr3	rs147365074	-0.0005963137	AMR
AMR_subclass_IN_SST	ENSG00000114030	chr3	rs149717882	-0.0004102984	AMR
AMR_subclass_IN_SST	ENSG00000114030	chr3	rs77531516	-0.0002770012	AMR
AMR_subclass_IN_SST	ENSG00000114030	chr3	rs75990321	-0.0001836058	AMR
AMR_subclass_IN_SST	ENSG00000114030	chr3	rs116803076	-0.0001195569	AMR
AMR_subclass_IN_SST	ENSG00000114030	chr3	rs145225543	-7.652432e-05	AMR
AMR_subclass_IN_SST	ENSG00000114030	chr3	rs144817294	-4.817313e-05	AMR
AMR_subclass_IN_SST	ENSG00000114030	chr3	rs79592528	0.013077	AMR
AMR_subclass_IN_SST	ENSG00000114030	chr3	rs59275099	0.01566725	AMR
AMR_subclass_IN_SST	ENSG00000114030	chr3	rs79369470	0.01316763	AMR
AMR_subclass_IN_SST	ENSG00000114030	chr3	rs61246306	-0.1697825	AMR
AMR_subclass_IN_SST	ENSG00000114030	chr3	rs76018747	-0.170176	AMR
AMR_subclass_IN_SST	ENSG00000114030	chr3	rs9856662	-0.1699653	AMR
AMR_subclass_IN_SST	ENSG00000114098	chr3	rs115591699	0.05527151	AMR
AMR_subclass_IN_SST	ENSG00000114098	chr3	rs146202529	0.05473206	AMR
AMR_subclass_IN_SST	ENSG00000114098	chr3	rs13069316	-0.1171598	AMR
AMR_subclass_IN_SST	ENSG00000114098	chr3	rs16844758	0.03794675	AMR
AMR_subclass_IN_SST	ENSG00000114098	chr3	rs4303828	0.005470252	AMR
AMR_subclass_IN_SST	ENSG00000114098	chr3	rs151052885	-0.06472878	AMR
AMR_subclass_IN_SST	ENSG00000114098	chr3	rs9682216	0.1178851	AMR
AMR_subclass_IN_SST	ENSG00000114098	chr3	rs73223540	0.09219717	AMR
AMR_subclass_IN_SST	ENSG00000114098	chr3	rs75422316	0.1385684	AMR
AMR_subclass_IN_SST	ENSG00000114098	chr3	rs3892498	-0.1383969	AMR
AMR_subclass_IN_SST	ENSG00000114098	chr3	rs111428976	0.2876479	AMR
AMR_subclass_IN_SST	ENSG00000114098	chr3	rs78187400	0.04483356	AMR
AMR_subclass_IN_SST	ENSG00000114098	chr3	rs10935268	-0.0457692	AMR
AMR_subclass_IN_SST	ENSG00000114098	chr3	rs113179491	0.005016455	AMR
AMR_subclass_IN_SST	ENSG00000114098	chr3	rs11717337	0.001570991	AMR
AMR_subclass_IN_SST	ENSG00000114098	chr3	rs1457061	0.01167031	AMR
AMR_subclass_IN_SST	ENSG00000114098	chr3	rs1074537	0.01214962	AMR
AMR_subclass_IN_SST	ENSG00000114098	chr3	rs9826844	0.0116253	AMR
AMR_subclass_IN_SST	ENSG00000114098	chr3	rs4547642	0.01106612	AMR
AMR_subclass_IN_SST	ENSG00000114098	chr3	rs4678385	0.01066852	AMR
AMR_subclass_IN_SST	ENSG00000114098	chr3	rs4678387	0.01031013	AMR
AMR_subclass_IN_SST	ENSG00000114098	chr3	rs1429755	0.00987898	AMR
AMR_subclass_IN_SST	ENSG00000114098	chr3	rs60023627	0.282145	AMR
AMR_subclass_IN_SST	ENSG00000114098	chr3	rs73225500	0.02422463	AMR
AMR_subclass_IN_SST	ENSG00000114098	chr3	rs73867009	0.05706924	AMR
AMR_subclass_IN_SST	ENSG00000114098	chr3	rs113136768	-0.9169087	AMR
AMR_subclass_IN_SST	ENSG00000114098	chr3	rs79293976	-0.7498253	AMR
AMR_subclass_IN_SST	ENSG00000114098	chr3	rs3773763	-0.04860538	AMR
AMR_subclass_IN_SST	ENSG00000114098	chr3	rs9846722	-0.04531968	AMR
AMR_subclass_IN_SST	ENSG00000114098	chr3	rs78040246	-0.03882483	AMR
AMR_subclass_IN_SST	ENSG00000114098	chr3	rs11914711	-0.1247311	AMR
AMR_subclass_IN_SST	ENSG00000114098	chr3	rs147872520	-0.5575364	AMR
AMR_subclass_IN_SST	ENSG00000114098	chr3	rs114198257	0.3651085	AMR
AMR_subclass_IN_SST	ENSG00000114098	chr3	rs9883802	-0.01133702	AMR
AMR_subclass_IN_SST	ENSG00000114098	chr3	rs112563401	0.03798745	AMR
AMR_subclass_IN_SST	ENSG00000114098	chr3	rs116497810	0.1427344	AMR
AMR_subclass_IN_SST	ENSG00000114098	chr3	rs7635120	0.008812417	AMR
AMR_subclass_IN_SST	ENSG00000114098	chr3	rs113980052	0.01019989	AMR
AMR_subclass_IN_SST	ENSG00000114098	chr3	rs185218374	0.00783841	AMR
AMR_subclass_IN_SST	ENSG00000114098	chr3	rs59797415	0.004923352	AMR
AMR_subclass_IN_SST	ENSG00000114098	chr3	rs72988878	0.002676513	AMR
AMR_subclass_IN_SST	ENSG00000114098	chr3	rs12107289	0.001287795	AMR
AMR_subclass_IN_SST	ENSG00000114098	chr3	rs12108068	0.0005566868	AMR
AMR_subclass_IN_SST	ENSG00000114098	chr3	rs72990507	0.0002190614	AMR
AMR_subclass_IN_SST	ENSG00000114098	chr3	rs60008410	7.939402e-05	AMR
AMR_subclass_IN_SST	ENSG00000114098	chr3	rs6795773	2.677083e-05	AMR
AMR_subclass_IN_SST	ENSG00000114098	chr3	rs72990577	8.47017e-06	AMR
AMR_subclass_IN_SST	ENSG00000114098	chr3	rs7649131	2.532648e-06	AMR
AMR_subclass_IN_SST	ENSG00000114098	chr3	rs113427002	7.199355e-07	AMR
AMR_subclass_IN_SST	ENSG00000114098	chr3	rs656960	-0.1617006	AMR
AMR_subclass_IN_SST	ENSG00000114098	chr3	rs12633011	-0.02457152	AMR
AMR_subclass_IN_SST	ENSG00000114098	chr3	rs76271022	-0.01481996	AMR
AMR_subclass_IN_SST	ENSG00000114098	chr3	rs78749423	-0.0175562	AMR
AMR_subclass_IN_SST	ENSG00000114098	chr3	rs80182373	-0.01690711	AMR
AMR_subclass_IN_SST	ENSG00000114098	chr3	rs57178067	-0.01556609	AMR
AMR_subclass_IN_SST	ENSG00000114098	chr3	rs12639299	-0.01380463	AMR
AMR_subclass_IN_SST	ENSG00000114098	chr3	rs79464315	-0.2130428	AMR
AMR_subclass_IN_SST	ENSG00000114098	chr3	rs56970184	-0.01147078	AMR
AMR_subclass_IN_SST	ENSG00000114098	chr3	rs75914706	-0.008659084	AMR
AMR_subclass_IN_SST	ENSG00000114098	chr3	rs77438261	0.09475333	AMR
AMR_subclass_IN_SST	ENSG00000114098	chr3	rs55948233	0.01398307	AMR
AMR_subclass_IN_SST	ENSG00000114867	chr3	rs75695116	0.004887599	AMR
AMR_subclass_IN_SST	ENSG00000114867	chr3	rs2136233	-0.02094436	AMR
AMR_subclass_IN_SST	ENSG00000114867	chr3	rs59510332	-0.4153104	AMR
AMR_subclass_IN_SST	ENSG00000114867	chr3	rs76187054	-0.05632348	AMR
AMR_subclass_IN_SST	ENSG00000114867	chr3	rs78794982	0.08707411	AMR
AMR_subclass_IN_SST	ENSG00000114867	chr3	rs7637137	-0.02314136	AMR
AMR_subclass_IN_SST	ENSG00000114867	chr3	rs79402659	0.04351585	AMR
AMR_subclass_IN_SST	ENSG00000114867	chr3	rs149453861	-0.01661913	AMR
AMR_subclass_IN_SST	ENSG00000114867	chr3	rs117502616	-0.01538726	AMR
AMR_subclass_IN_SST	ENSG00000114867	chr3	rs79159952	0.02543961	AMR
AMR_subclass_IN_SST	ENSG00000114867	chr3	rs76465002	0.02706381	AMR
AMR_subclass_IN_SST	ENSG00000114867	chr3	rs10460892	0.03010593	AMR
AMR_subclass_IN_SST	ENSG00000114867	chr3	rs12633858	0.02744247	AMR
AMR_subclass_IN_SST	ENSG00000114867	chr3	rs150931831	-0.1683929	AMR
AMR_subclass_IN_SST	ENSG00000114867	chr3	rs148174867	-0.1885916	AMR
AMR_subclass_IN_SST	ENSG00000114867	chr3	rs16858210	3.857411e-05	AMR
AMR_subclass_IN_SST	ENSG00000114867	chr3	rs138667353	-0.04339737	AMR
AMR_subclass_IN_SST	ENSG00000114867	chr3	rs149348385	-0.04303522	AMR
AMR_subclass_IN_SST	ENSG00000114867	chr3	rs79625907	0.04747905	AMR
AMR_subclass_IN_SST	ENSG00000114867	chr3	rs3805114	0.04776274	AMR
AMR_subclass_IN_SST	ENSG00000114867	chr3	rs3805108	0.0003261748	AMR
AMR_subclass_IN_SST	ENSG00000114867	chr3	rs1132776	0.0001087006	AMR
AMR_subclass_IN_SST	ENSG00000114867	chr3	rs6791345	3.024453e-05	AMR
AMR_subclass_IN_SST	ENSG00000114867	chr3	rs6443926	7.539839e-06	AMR
AMR_subclass_IN_SST	ENSG00000114867	chr3	rs4148571	0.0510017	AMR
AMR_subclass_IN_SST	ENSG00000114867	chr3	rs4148567	0.007751185	AMR
AMR_subclass_IN_SST	ENSG00000114867	chr3	rs57418179	0.04754831	AMR
AMR_subclass_IN_SST	ENSG00000114867	chr3	rs11718141	0.06735376	AMR
AMR_subclass_IN_SST	ENSG00000114867	chr3	rs35839610	0.08687739	AMR
AMR_subclass_IN_SST	ENSG00000114867	chr3	rs73183475	0.08786735	AMR
AMR_subclass_IN_SST	ENSG00000114867	chr3	rs1967093	0.01615258	AMR
AMR_subclass_IN_SST	ENSG00000114867	chr3	rs9815292	0.01779943	AMR
AMR_subclass_IN_SST	ENSG00000114867	chr3	rs9868117	0.01737738	AMR
AMR_subclass_IN_SST	ENSG00000114867	chr3	rs13088595	0.01693204	AMR
AMR_subclass_IN_SST	ENSG00000114867	chr3	rs9817497	0.01560028	AMR
AMR_subclass_IN_SST	ENSG00000114867	chr3	rs11924174	0.01681853	AMR
AMR_subclass_IN_SST	ENSG00000114867	chr3	rs9817685	-0.01874301	AMR
AMR_subclass_IN_SST	ENSG00000114867	chr3	rs10937178	-0.09621467	AMR
AMR_subclass_IN_SST	ENSG00000114867	chr3	rs111715062	-0.09379011	AMR
AMR_subclass_IN_SST	ENSG00000114867	chr3	rs35819408	0.01593329	AMR
AMR_subclass_IN_SST	ENSG00000114867	chr3	rs73066845	-0.04137763	AMR
AMR_subclass_IN_SST	ENSG00000114867	chr3	rs73888123	-0.04071499	AMR
AMR_subclass_IN_SST	ENSG00000114867	chr3	rs111522070	-0.06512776	AMR
AMR_subclass_IN_SST	ENSG00000114867	chr3	rs13074297	0.1728869	AMR
AMR_subclass_IN_SST	ENSG00000114867	chr3	rs78385135	-0.2400314	AMR
AMR_subclass_IN_SST	ENSG00000114902	chr3	rs4234645	-0.018463559	AMR
AMR_subclass_IN_SST	ENSG00000114902	chr3	rs115598261	-0.0365187	AMR
AMR_subclass_IN_SST	ENSG00000114902	chr3	rs138413144	0.351539571	AMR
AMR_subclass_IN_SST	ENSG00000114902	chr3	rs56002041	0.004888406	AMR
AMR_subclass_IN_SST	ENSG00000114902	chr3	rs115862195	0.046260312	AMR
AMR_subclass_IN_SST	ENSG00000114902	chr3	rs61729091	0.045055482	AMR
AMR_subclass_IN_SST	ENSG00000114902	chr3	rs6774097	-0.002997922	AMR
AMR_subclass_IN_SST	ENSG00000114902	chr3	rs7643568	-0.002670602	AMR
AMR_subclass_IN_SST	ENSG00000114902	chr3	rs2028220	-0.003414206	AMR
AMR_subclass_IN_SST	ENSG00000114902	chr3	rs72947583	-0.004502953	AMR
AMR_subclass_IN_SST	ENSG00000114902	chr3	rs72947584	-0.005411972	AMR
AMR_subclass_IN_SST	ENSG00000114902	chr3	rs114597651	0.019051397	AMR
AMR_subclass_IN_SST	ENSG00000114902	chr3	rs7645785	-0.005949021	AMR
AMR_subclass_IN_SST	ENSG00000114902	chr3	rs79991889	-0.006094096	AMR
AMR_subclass_IN_SST	ENSG00000114902	chr3	rs62253734	0.283438828	AMR
AMR_subclass_IN_SST	ENSG00000114902	chr3	rs17052357	-0.005976168	AMR
AMR_subclass_IN_SST	ENSG00000114902	chr3	rs934839	-0.005748769	AMR
AMR_subclass_IN_SST	ENSG00000114902	chr3	rs72950424	-0.005524909	AMR
AMR_subclass_IN_SST	ENSG00000114902	chr3	rs56665533	-0.005345719	AMR
AMR_subclass_IN_SST	ENSG00000114902	chr3	rs11510435	-0.005209852	AMR
AMR_subclass_IN_SST	ENSG00000114902	chr3	rs73839129	-0.005101659	AMR
AMR_subclass_IN_SST	ENSG00000114902	chr3	rs1963813	-0.140095107	AMR
AMR_subclass_IN_SST	ENSG00000114902	chr3	rs60770874	-0.004714572	AMR
AMR_subclass_IN_SST	ENSG00000114902	chr3	rs17052404	-0.004547795	AMR
AMR_subclass_IN_SST	ENSG00000114902	chr3	rs6762788	-0.004452061	AMR
AMR_subclass_IN_SST	ENSG00000114902	chr3	rs2001732	0.046496062	AMR
AMR_subclass_IN_SST	ENSG00000114902	chr3	rs72967404	-0.214417826	AMR
AMR_subclass_IN_SST	ENSG00000114902	chr3	rs112675303	-0.213766182	AMR
AMR_subclass_IN_SST	ENSG00000114902	chr3	rs11924565	0.007076598	AMR
AMR_subclass_IN_SST	ENSG00000114902	chr3	rs35593073	-0.132161632	AMR
AMR_subclass_IN_SST	ENSG00000114902	chr3	rs143761478	-0.00956191	AMR
AMR_subclass_IN_SST	ENSG00000114902	chr3	rs143190624	-0.005534038	AMR
AMR_subclass_IN_SST	ENSG00000114902	chr3	rs13097864	0.409857469	AMR
AMR_subclass_IN_SST	ENSG00000114902	chr3	rs143840518	-0.568864168	AMR
AMR_subclass_IN_SST	ENSG00000114902	chr3	rs11715323	-0.020718437	AMR
AMR_subclass_IN_SST	ENSG00000114902	chr3	rs6445588	-0.021102429	AMR
AMR_subclass_IN_SST	ENSG00000114902	chr3	rs3774487	-0.038272993	AMR
AMR_subclass_IN_SST	ENSG00000114902	chr3	rs3774488	-0.039289373	AMR
AMR_subclass_IN_SST	ENSG00000114902	chr3	rs6762231	0.081685757	AMR
AMR_subclass_IN_SST	ENSG00000114902	chr3	rs11130375	0.029224684	AMR
AMR_subclass_IN_SST	ENSG00000114902	chr3	rs1380608	-0.128914532	AMR
AMR_subclass_IN_SST	ENSG00000114902	chr3	rs71301850	-0.127261629	AMR
AMR_subclass_IN_SST	ENSG00000114904	chr3	rs79038879	0.006756748	AMR
AMR_subclass_IN_SST	ENSG00000114904	chr3	rs986539	0.013506253	AMR
AMR_subclass_IN_SST	ENSG00000114904	chr3	rs7644969	0.058435485	AMR
AMR_subclass_IN_SST	ENSG00000114904	chr3	rs60140709	0.050319635	AMR
AMR_subclass_IN_SST	ENSG00000114904	chr3	rs1403102	0.031151292	AMR
AMR_subclass_IN_SST	ENSG00000114904	chr3	rs115737376	0.068170241	AMR
AMR_subclass_IN_SST	ENSG00000114904	chr3	rs2335930	0.074252514	AMR
AMR_subclass_IN_SST	ENSG00000114904	chr3	rs75509632	-0.07759492	AMR
AMR_subclass_IN_SST	ENSG00000114904	chr3	rs117810699	0.123268644	AMR
AMR_subclass_IN_SST	ENSG00000114904	chr3	rs144009699	0.125313974	AMR
AMR_subclass_IN_SST	ENSG00000114904	chr3	rs2710343	0.084675704	AMR
AMR_subclass_IN_SST	ENSG00000114904	chr3	rs6791937	-0.083741898	AMR
AMR_subclass_IN_SST	ENSG00000114904	chr3	rs78769154	-0.053006298	AMR
AMR_subclass_IN_SST	ENSG00000114904	chr3	rs3733037	0.008597755	AMR
AMR_subclass_IN_SST	ENSG00000114904	chr3	rs181618108	0.007480487	AMR
AMR_subclass_IN_SST	ENSG00000114904	chr3	rs113997485	-0.033814267	AMR
AMR_subclass_IN_SST	ENSG00000114904	chr3	rs59224641	0.140087487	AMR
AMR_subclass_IN_SST	ENSG00000114904	chr3	rs74380125	-0.035437202	AMR
AMR_subclass_IN_SST	ENSG00000114904	chr3	rs4687700	0.006402035	AMR
AMR_subclass_IN_SST	ENSG00000114904	chr3	rs75139682	0.075855572	AMR
AMR_subclass_IN_SST	ENSG00000114904	chr3	rs116071986	-0.033517035	AMR
AMR_subclass_IN_SST	ENSG00000114904	chr3	rs4687571	-0.021250831	AMR
AMR_subclass_IN_SST	ENSG00000114904	chr3	rs735940	-0.121642041	AMR
AMR_subclass_IN_SST	ENSG00000114904	chr3	rs17053054	-0.167111102	AMR
AMR_subclass_IN_SST	ENSG00000114904	chr3	rs78275950	-0.29162069	AMR
AMR_subclass_IN_SST	ENSG00000114904	chr3	rs12491071	0.050078019	AMR
AMR_subclass_IN_SST	ENSG00000114904	chr3	rs12488068	0.051610061	AMR
AMR_subclass_IN_SST	ENSG00000114904	chr3	rs12492748	0.049228131	AMR
AMR_subclass_IN_SST	ENSG00000114904	chr3	rs76892032	0.045085076	AMR
AMR_subclass_IN_SST	ENSG00000114904	chr3	rs78830637	-0.917973569	AMR
AMR_subclass_IN_SST	ENSG00000114904	chr3	rs67016154	0.291846513	AMR
AMR_subclass_IN_SST	ENSG00000114904	chr3	rs11707155	0.183975301	AMR
AMR_subclass_IN_SST	ENSG00000114904	chr3	rs807197	-0.126392617	AMR
AMR_subclass_IN_SST	ENSG00000114904	chr3	rs807196	-0.128149995	AMR
AMR_subclass_IN_SST	ENSG00000114904	chr3	rs807193	-0.128690935	AMR
AMR_subclass_IN_SST	ENSG00000114904	chr3	rs1460115	-0.118836367	AMR
AMR_subclass_IN_SST	ENSG00000114904	chr3	rs71301842	0.136476971	AMR
AMR_subclass_IN_SST	ENSG00000114904	chr3	rs13063116	0.13680124	AMR
AMR_subclass_IN_SST	ENSG00000114904	chr3	rs73086283	-0.134574446	AMR
AMR_subclass_IN_SST	ENSG00000114904	chr3	rs11130375	-0.01024819	AMR
AMR_subclass_IN_SST	ENSG00000114904	chr3	rs3774542	0.006545188	AMR
AMR_subclass_IN_SST	ENSG00000114904	chr3	rs11926741	0.011420202	AMR
AMR_subclass_IN_SST	ENSG00000114904	chr3	rs2680652	-0.068535031	AMR
AMR_subclass_IN_SST	ENSG00000115084	chr2	rs3783557	-0.08485509	AMR
AMR_subclass_IN_SST	ENSG00000115084	chr2	rs11676969	-0.07489331	AMR
AMR_subclass_IN_SST	ENSG00000115084	chr2	rs186808037	0.05196386	AMR
AMR_subclass_IN_SST	ENSG00000115084	chr2	rs115616928	0.05066109	AMR
AMR_subclass_IN_SST	ENSG00000115084	chr2	rs315949	0.09691397	AMR
AMR_subclass_IN_SST	ENSG00000115084	chr2	rs7578633	-3.376962e-05	AMR
AMR_subclass_IN_SST	ENSG00000115084	chr2	rs10196748	-0.04453939	AMR
AMR_subclass_IN_SST	ENSG00000115084	chr2	rs10172444	-0.04495312	AMR
AMR_subclass_IN_SST	ENSG00000115084	chr2	rs11123202	-0.04515741	AMR
AMR_subclass_IN_SST	ENSG00000115084	chr2	rs6722177	-0.04493338	AMR
AMR_subclass_IN_SST	ENSG00000115084	chr2	rs7575011	-0.04856769	AMR
AMR_subclass_IN_SST	ENSG00000115084	chr2	rs4849258	-0.04684949	AMR
AMR_subclass_IN_SST	ENSG00000115084	chr2	rs6542170	-0.0034678	AMR
AMR_subclass_IN_SST	ENSG00000115084	chr2	rs13416930	-0.09318909	AMR
AMR_subclass_IN_SST	ENSG00000115084	chr2	rs6724080	-0.05680848	AMR
AMR_subclass_IN_SST	ENSG00000115084	chr2	rs7592689	-0.1007721	AMR
AMR_subclass_IN_SST	ENSG00000115084	chr2	rs113935903	-0.1052741	AMR
AMR_subclass_IN_SST	ENSG00000115084	chr2	rs35820702	-0.04107541	AMR
AMR_subclass_IN_SST	ENSG00000115084	chr2	rs11680166	-0.03670317	AMR
AMR_subclass_IN_SST	ENSG00000115084	chr2	rs1505437	-0.03646402	AMR
AMR_subclass_IN_SST	ENSG00000115084	chr2	rs17761773	-0.0329984	AMR
AMR_subclass_IN_SST	ENSG00000115084	chr2	rs62165185	0.01254563	AMR
AMR_subclass_IN_SST	ENSG00000115084	chr2	rs4848368	0.09364708	AMR
AMR_subclass_IN_SST	ENSG00000115084	chr2	rs34082312	-0.07334583	AMR
AMR_subclass_IN_SST	ENSG00000115084	chr2	rs13030268	-0.1967615	AMR
AMR_subclass_IN_SST	ENSG00000115286	chr19	rs72988410	-0.10252275	AMR
AMR_subclass_IN_SST	ENSG00000115286	chr19	rs73918122	0.28243453	AMR
AMR_subclass_IN_SST	ENSG00000115286	chr19	rs66531020	-0.08065986	AMR
AMR_subclass_IN_SST	ENSG00000115286	chr19	rs115565727	-0.0388723	AMR
AMR_subclass_IN_SST	ENSG00000115286	chr19	rs8112429	-0.01575034	AMR
AMR_subclass_IN_SST	ENSG00000115286	chr19	rs57087033	-0.01474242	AMR
AMR_subclass_IN_SST	ENSG00000115286	chr19	rs12979804	-0.16689797	AMR
AMR_subclass_IN_SST	ENSG00000115290	chr2	rs7594218	-0.4355929	AMR
AMR_subclass_IN_SST	ENSG00000115290	chr2	rs10445757	-0.0677996	AMR
AMR_subclass_IN_SST	ENSG00000115290	chr2	rs13034170	-0.04113786	AMR
AMR_subclass_IN_SST	ENSG00000115290	chr2	rs1156843	-0.01696188	AMR
AMR_subclass_IN_SST	ENSG00000115290	chr2	rs1370493	-0.07433107	AMR
AMR_subclass_IN_SST	ENSG00000115290	chr2	rs28711384	4.604228e-05	AMR
AMR_subclass_IN_SST	ENSG00000115290	chr2	rs16849225	-0.009769727	AMR
AMR_subclass_IN_SST	ENSG00000115290	chr2	rs1545358	-0.02047467	AMR
AMR_subclass_IN_SST	ENSG00000115290	chr2	rs1348785	-0.02758296	AMR
AMR_subclass_IN_SST	ENSG00000115290	chr2	rs115747794	0.1615858	AMR
AMR_subclass_IN_SST	ENSG00000115290	chr2	rs4001103	0.030241	AMR
AMR_subclass_IN_SST	ENSG00000115290	chr2	rs74169432	-0.3762997	AMR
AMR_subclass_IN_SST	ENSG00000115290	chr2	rs12476322	-0.002530664	AMR
AMR_subclass_IN_SST	ENSG00000115290	chr2	rs7600367	-0.02920666	AMR
AMR_subclass_IN_SST	ENSG00000115290	chr2	rs4667774	0.05898223	AMR
AMR_subclass_IN_SST	ENSG00000115290	chr2	rs17829795	-0.246251	AMR
AMR_subclass_IN_SST	ENSG00000115290	chr2	rs7573433	0.01308146	AMR
AMR_subclass_IN_SST	ENSG00000115290	chr2	rs73027929	0.1465526	AMR
AMR_subclass_IN_SST	ENSG00000115339	chr2	rs2059431	0.02099176	AMR
AMR_subclass_IN_SST	ENSG00000115339	chr2	rs1364682	0.02172993	AMR
AMR_subclass_IN_SST	ENSG00000115339	chr2	rs9789438	0.02070118	AMR
AMR_subclass_IN_SST	ENSG00000115339	chr2	rs6432844	0.01925996	AMR
AMR_subclass_IN_SST	ENSG00000115339	chr2	rs1582672	0.01775851	AMR
AMR_subclass_IN_SST	ENSG00000115339	chr2	rs7558871	0.23996935	AMR
AMR_subclass_IN_SST	ENSG00000115339	chr2	rs2304002	0.22022408	AMR
AMR_subclass_IN_SST	ENSG00000115339	chr2	rs10497272	0.0861999	AMR
AMR_subclass_IN_SST	ENSG00000115339	chr2	rs10930187	0.08671603	AMR
AMR_subclass_IN_SST	ENSG00000115339	chr2	rs2288702	0.08561481	AMR
AMR_subclass_IN_SST	ENSG00000115339	chr2	rs4667850	0.11097174	AMR
AMR_subclass_IN_SST	ENSG00000115339	chr2	rs3791843	0.02576168	AMR
AMR_subclass_IN_SST	ENSG00000115339	chr2	rs144157765	-0.20651163	AMR
AMR_subclass_IN_SST	ENSG00000115339	chr2	rs4438497	-0.23659373	AMR
AMR_subclass_IN_SST	ENSG00000115339	chr2	rs78947176	-0.03367434	AMR
AMR_subclass_IN_SST	ENSG00000115364	chr2	rs205646	-0.24093097	AMR
AMR_subclass_IN_SST	ENSG00000115364	chr2	rs1500786	0.060955773	AMR
AMR_subclass_IN_SST	ENSG00000115364	chr2	rs112079660	0.049165489	AMR
AMR_subclass_IN_SST	ENSG00000115364	chr2	rs72820071	-0.303524987	AMR
AMR_subclass_IN_SST	ENSG00000115364	chr2	rs11675401	-0.136703544	AMR
AMR_subclass_IN_SST	ENSG00000115364	chr2	rs138175357	0.085030952	AMR
AMR_subclass_IN_SST	ENSG00000115364	chr2	rs1543943	-0.158612889	AMR
AMR_subclass_IN_SST	ENSG00000115364	chr2	rs17010519	-0.002065627	AMR
AMR_subclass_IN_SST	ENSG00000115364	chr2	rs7566005	0.009952719	AMR
AMR_subclass_IN_SST	ENSG00000115364	chr2	rs80079689	-0.092811841	AMR
AMR_subclass_IN_SST	ENSG00000115364	chr2	rs59515571	-0.168231974	AMR
AMR_subclass_IN_SST	ENSG00000115364	chr2	rs112508773	-0.003705235	AMR
AMR_subclass_IN_SST	ENSG00000115364	chr2	rs76997098	-0.003143018	AMR
AMR_subclass_IN_SST	ENSG00000115364	chr2	rs77014805	-0.104971037	AMR
AMR_subclass_IN_SST	ENSG00000115364	chr2	rs17010698	0.031748508	AMR
AMR_subclass_IN_SST	ENSG00000115364	chr2	rs79673665	0.451145768	AMR
AMR_subclass_IN_SST	ENSG00000115364	chr2	rs10172781	-0.153971779	AMR
AMR_subclass_IN_SST	ENSG00000115364	chr2	rs3755468	0.146681316	AMR
AMR_subclass_IN_SST	ENSG00000115364	chr2	rs72809312	0.032763845	AMR
AMR_subclass_IN_SST	ENSG00000115364	chr2	rs13388105	-0.260151659	AMR
AMR_subclass_IN_SST	ENSG00000115364	chr2	rs3771848	-0.110516506	AMR
AMR_subclass_IN_SST	ENSG00000115364	chr2	rs66833532	-0.045617365	AMR
AMR_subclass_IN_SST	ENSG00000115364	chr2	rs6721905	0.488645081	AMR
AMR_subclass_IN_SST	ENSG00000115364	chr2	rs56338225	-0.354690687	AMR
AMR_subclass_IN_SST	ENSG00000115364	chr2	rs77555772	0.038595551	AMR
AMR_subclass_IN_SST	ENSG00000115364	chr2	rs80262169	0.058633326	AMR
AMR_subclass_IN_SST	ENSG00000115364	chr2	rs72809399	0.115725515	AMR
AMR_subclass_IN_SST	ENSG00000115364	chr2	rs115177932	0.070066472	AMR
AMR_subclass_IN_SST	ENSG00000115364	chr2	rs10490316	-0.009218333	AMR
AMR_subclass_IN_SST	ENSG00000115364	chr2	rs10165380	0.181103639	AMR
AMR_subclass_IN_SST	ENSG00000115364	chr2	rs35636645	-0.009684345	AMR
AMR_subclass_IN_SST	ENSG00000115364	chr2	rs80161908	0.218520193	AMR
AMR_subclass_IN_SST	ENSG00000115364	chr2	rs2422227	-0.045192021	AMR
AMR_subclass_IN_SST	ENSG00000115364	chr2	rs7596821	0.031027586	AMR
AMR_subclass_IN_SST	ENSG00000115364	chr2	rs7564028	0.073929201	AMR
AMR_subclass_IN_SST	ENSG00000115364	chr2	rs11681638	0.057341543	AMR
AMR_subclass_IN_SST	ENSG00000115364	chr2	rs6738727	0.073568048	AMR
AMR_subclass_IN_SST	ENSG00000115364	chr2	rs875756	-0.005344594	AMR
AMR_subclass_IN_SST	ENSG00000115364	chr2	rs875754	-0.005899319	AMR
AMR_subclass_IN_SST	ENSG00000115364	chr2	rs17011542	-0.005170457	AMR
AMR_subclass_IN_SST	ENSG00000115364	chr2	rs10187285	-0.004094277	AMR
AMR_subclass_IN_SST	ENSG00000115364	chr2	rs77733102	-0.003158987	AMR
AMR_subclass_IN_SST	ENSG00000115364	chr2	rs77979991	-0.002551989	AMR
AMR_subclass_IN_SST	ENSG00000115364	chr2	rs13430945	-0.00227497	AMR
AMR_subclass_IN_SST	ENSG00000115364	chr2	rs7577050	0.137463303	AMR
AMR_subclass_IN_SST	ENSG00000115364	chr2	rs55963372	0.136242399	AMR
AMR_subclass_IN_SST	ENSG00000115364	chr2	rs13422773	-0.158540019	AMR
AMR_subclass_IN_SST	ENSG00000115364	chr2	rs34538953	0.099599188	AMR
AMR_subclass_IN_SST	ENSG00000115364	chr2	rs1990145	-0.026064119	AMR
AMR_subclass_IN_SST	ENSG00000115364	chr2	rs34081022	0.041636687	AMR
AMR_subclass_IN_SST	ENSG00000115364	chr2	rs150735465	-0.005265571	AMR
AMR_subclass_IN_SST	ENSG00000115364	chr2	rs61176681	0.021324979	AMR
AMR_subclass_IN_SST	ENSG00000115364	chr2	rs6760389	0.009430603	AMR
AMR_subclass_IN_SST	ENSG00000115364	chr2	rs58314599	0.226573335	AMR
AMR_subclass_IN_SST	ENSG00000115364	chr2	rs2692742	0.023085303	AMR
AMR_subclass_IN_SST	ENSG00000115364	chr2	rs75763380	0.073802806	AMR
AMR_subclass_IN_SST	ENSG00000115364	chr2	rs2583536	0.115240616	AMR
AMR_subclass_IN_SST	ENSG00000115364	chr2	rs7596124	0.106719715	AMR
AMR_subclass_IN_SST	ENSG00000115364	chr2	rs17702080	0.024370623	AMR
AMR_subclass_IN_SST	ENSG00000115364	chr2	rs6759778	0.020017601	AMR
AMR_subclass_IN_SST	ENSG00000115364	chr2	rs13027106	-0.008030645	AMR
AMR_subclass_IN_SST	ENSG00000115364	chr2	rs35066740	-0.007015064	AMR
AMR_subclass_IN_SST	ENSG00000115364	chr2	rs35430959	-0.005945121	AMR
AMR_subclass_IN_SST	ENSG00000115364	chr2	rs78113513	0.011925223	AMR
AMR_subclass_IN_SST	ENSG00000115364	chr2	rs76216444	0.012404879	AMR
AMR_subclass_IN_SST	ENSG00000115364	chr2	rs78311041	0.011099315	AMR
AMR_subclass_IN_SST	ENSG00000115364	chr2	rs10164668	0.023117153	AMR
AMR_subclass_IN_SST	ENSG00000115364	chr2	rs6760707	0.027471985	AMR
AMR_subclass_IN_SST	ENSG00000115364	chr2	rs6748106	0.0279969	AMR
AMR_subclass_IN_SST	ENSG00000115364	chr2	rs10196032	0.026150947	AMR
AMR_subclass_IN_SST	ENSG00000115364	chr2	rs56053575	0.034090087	AMR
AMR_subclass_IN_SST	ENSG00000115364	chr2	rs17515858	-0.079085044	AMR
AMR_subclass_IN_SST	ENSG00000115364	chr2	rs993069	0.005940814	AMR
AMR_subclass_IN_SST	ENSG00000115364	chr2	rs191358841	0.148430028	AMR
AMR_subclass_IN_SST	ENSG00000115364	chr2	rs137915664	0.15158363	AMR
AMR_subclass_IN_SST	ENSG00000115364	chr2	rs143871441	0.150750876	AMR
AMR_subclass_IN_SST	ENSG00000115364	chr2	rs140610275	0.148293674	AMR
AMR_subclass_IN_SST	ENSG00000115364	chr2	rs144233273	0.145471867	AMR
AMR_subclass_IN_SST	ENSG00000115364	chr2	rs6730456	0.014586478	AMR
AMR_subclass_IN_SST	ENSG00000115364	chr2	rs56122059	0.013360415	AMR
AMR_subclass_IN_SST	ENSG00000115364	chr2	rs4481012	-0.010696634	AMR
AMR_subclass_IN_SST	ENSG00000115364	chr2	rs1154641	0.075231645	AMR
AMR_subclass_IN_SST	ENSG00000115364	chr2	rs1356777	-0.092425553	AMR
AMR_subclass_IN_SST	ENSG00000115364	chr2	rs7585161	-0.392911016	AMR
AMR_subclass_IN_SST	ENSG00000115364	chr2	rs7606395	0.012133392	AMR
AMR_subclass_IN_SST	ENSG00000115364	chr2	rs112654741	-0.092957053	AMR
AMR_subclass_IN_SST	ENSG00000115568	chr2	rs16859497	0.2591242	AMR
AMR_subclass_IN_SST	ENSG00000115568	chr2	rs12162385	-0.03741569	AMR
AMR_subclass_IN_SST	ENSG00000115568	chr2	rs62191621	-0.03558686	AMR
AMR_subclass_IN_SST	ENSG00000115761	chr2	rs4668627	-0.003219849	AMR
AMR_subclass_IN_SST	ENSG00000115761	chr2	rs72777070	-0.002265285	AMR
AMR_subclass_IN_SST	ENSG00000115761	chr2	rs72788358	-0.053626876	AMR
AMR_subclass_IN_SST	ENSG00000115761	chr2	rs181714159	0.013386037	AMR
AMR_subclass_IN_SST	ENSG00000115761	chr2	rs6755655	0.127348259	AMR
AMR_subclass_IN_SST	ENSG00000115761	chr2	rs11890785	0.043404283	AMR
AMR_subclass_IN_SST	ENSG00000115761	chr2	rs79441388	-0.070218604	AMR
AMR_subclass_IN_SST	ENSG00000115761	chr2	rs11682321	-0.134818685	AMR
AMR_subclass_IN_SST	ENSG00000115761	chr2	rs77966298	-0.128787123	AMR
AMR_subclass_IN_SST	ENSG00000115761	chr2	rs56361766	-0.043570929	AMR
AMR_subclass_IN_SST	ENSG00000115761	chr2	rs56013810	-0.001088617	AMR
AMR_subclass_IN_SST	ENSG00000115761	chr2	rs11679588	-0.128525744	AMR
AMR_subclass_IN_SST	ENSG00000115761	chr2	rs11691729	-0.010133906	AMR
AMR_subclass_IN_SST	ENSG00000115762	chr2	rs114505714	-0.2215137204	AMR
AMR_subclass_IN_SST	ENSG00000115762	chr2	rs1996480	-0.1348609607	AMR
AMR_subclass_IN_SST	ENSG00000115762	chr2	rs7570220	-0.0363424671	AMR
AMR_subclass_IN_SST	ENSG00000115762	chr2	rs6713511	-0.0292718873	AMR
AMR_subclass_IN_SST	ENSG00000115762	chr2	rs6717894	-0.0387526797	AMR
AMR_subclass_IN_SST	ENSG00000115762	chr2	rs115044783	-0.1115199247	AMR
AMR_subclass_IN_SST	ENSG00000115762	chr2	rs116130225	-0.1068491823	AMR
AMR_subclass_IN_SST	ENSG00000115762	chr2	rs9967795	-0.0384487527	AMR
AMR_subclass_IN_SST	ENSG00000115762	chr2	rs9967796	-0.0394450393	AMR
AMR_subclass_IN_SST	ENSG00000115762	chr2	rs142903040	-0.0184245999	AMR
AMR_subclass_IN_SST	ENSG00000115762	chr2	rs114734588	-0.0145931244	AMR
AMR_subclass_IN_SST	ENSG00000115762	chr2	rs185649	-0.0837085676	AMR
AMR_subclass_IN_SST	ENSG00000115762	chr2	rs112854098	0.2842424961	AMR
AMR_subclass_IN_SST	ENSG00000115762	chr2	rs73960349	-0.0222433581	AMR
AMR_subclass_IN_SST	ENSG00000115762	chr2	rs114541891	-0.1746935979	AMR
AMR_subclass_IN_SST	ENSG00000115762	chr2	rs11899834	-0.0216896784	AMR
AMR_subclass_IN_SST	ENSG00000115762	chr2	rs9973703	-0.0248514456	AMR
AMR_subclass_IN_SST	ENSG00000115762	chr2	rs3739129	0.0044432166	AMR
AMR_subclass_IN_SST	ENSG00000115762	chr2	rs35584514	-0.2058365293	AMR
AMR_subclass_IN_SST	ENSG00000115762	chr2	rs12998826	-0.0612870372	AMR
AMR_subclass_IN_SST	ENSG00000115762	chr2	rs12987736	0.0381491389	AMR
AMR_subclass_IN_SST	ENSG00000115762	chr2	rs72614449	0.0149112317	AMR
AMR_subclass_IN_SST	ENSG00000115762	chr2	rs72614451	0.0198980444	AMR
AMR_subclass_IN_SST	ENSG00000115762	chr2	rs75797368	0.0183666181	AMR
AMR_subclass_IN_SST	ENSG00000115762	chr2	rs201628365	0.0148146222	AMR
AMR_subclass_IN_SST	ENSG00000115762	chr2	rs72614452	0.0109192358	AMR
AMR_subclass_IN_SST	ENSG00000115762	chr2	rs75296994	0.0073514567	AMR
AMR_subclass_IN_SST	ENSG00000115762	chr2	rs72614453	0.0045073921	AMR
AMR_subclass_IN_SST	ENSG00000115762	chr2	rs72614454	0.00252132	AMR
AMR_subclass_IN_SST	ENSG00000115762	chr2	rs145906680	0.0012934396	AMR
AMR_subclass_IN_SST	ENSG00000115762	chr2	rs72614456	0.0006125986	AMR
AMR_subclass_IN_SST	ENSG00000115762	chr2	rs150286043	0.0002697262	AMR
AMR_subclass_IN_SST	ENSG00000115762	chr2	rs17715564	0.1031685357	AMR
AMR_subclass_IN_SST	ENSG00000115762	chr2	rs72998316	0.1026674493	AMR
AMR_subclass_IN_SST	ENSG00000115762	chr2	rs76945758	0.2221928322	AMR
AMR_subclass_IN_SST	ENSG00000115762	chr2	rs73000345	0.1002358346	AMR
AMR_subclass_IN_SST	ENSG00000115762	chr2	rs182197158	-0.0885158675	AMR
AMR_subclass_IN_SST	ENSG00000115762	chr2	rs190011051	-0.0893095874	AMR
AMR_subclass_IN_SST	ENSG00000115762	chr2	rs2059421	-0.0242939362	AMR
AMR_subclass_IN_SST	ENSG00000115762	chr2	rs4508641	0.1320019375	AMR
AMR_subclass_IN_SST	ENSG00000115762	chr2	rs182439395	-0.0875204807	AMR
AMR_subclass_IN_SST	ENSG00000115762	chr2	rs113883920	-0.586273172	AMR
AMR_subclass_IN_SST	ENSG00000115762	chr2	rs187831335	-0.085414553	AMR
AMR_subclass_IN_SST	ENSG00000115762	chr2	rs142815713	-0.0833958113	AMR
AMR_subclass_IN_SST	ENSG00000115762	chr2	rs7573771	0.0833347995	AMR
AMR_subclass_IN_SST	ENSG00000115762	chr2	rs11677454	-0.0829373565	AMR
AMR_subclass_IN_SST	ENSG00000115762	chr2	rs6706595	-0.0811055386	AMR
AMR_subclass_IN_SST	ENSG00000115762	chr2	rs72992261	0.0112733136	AMR
AMR_subclass_IN_SST	ENSG00000115762	chr2	rs148469285	0.0120733264	AMR
AMR_subclass_IN_SST	ENSG00000115762	chr2	rs1819019	0.0095050504	AMR
AMR_subclass_IN_SST	ENSG00000115762	chr2	rs75575547	-0.3858700032	AMR
AMR_subclass_IN_SST	ENSG00000115762	chr2	rs142808610	-0.4334128117	AMR
AMR_subclass_IN_SST	ENSG00000115762	chr2	rs62176612	-0.0188632785	AMR
AMR_subclass_IN_SST	ENSG00000115762	chr2	rs72998258	-0.2759117458	AMR
AMR_subclass_IN_SST	ENSG00000115762	chr2	rs56300319	0.021782313	AMR
AMR_subclass_IN_SST	ENSG00000115762	chr2	rs115359292	-0.1157631696	AMR
AMR_subclass_IN_SST	ENSG00000115762	chr2	rs139183807	-0.1142286169	AMR
AMR_subclass_IN_SST	ENSG00000115762	chr2	rs10203097	0.0082150773	AMR
AMR_subclass_IN_SST	ENSG00000115762	chr2	rs143898163	-0.0695991839	AMR
AMR_subclass_IN_SST	ENSG00000115762	chr2	rs141769458	-0.0308051228	AMR
AMR_subclass_IN_SST	ENSG00000115762	chr2	rs187361526	-0.0307994007	AMR
AMR_subclass_IN_SST	ENSG00000115946	chr2	rs6743727	0.05145621	AMR
AMR_subclass_IN_SST	ENSG00000115946	chr2	rs6718397	0.05106948	AMR
AMR_subclass_IN_SST	ENSG00000115946	chr2	rs4854483	-0.04802966	AMR
AMR_subclass_IN_SST	ENSG00000115946	chr2	rs150927347	-0.06103104	AMR
AMR_subclass_IN_SST	ENSG00000115946	chr2	rs60378387	0.01211533	AMR
AMR_subclass_IN_SST	ENSG00000115946	chr2	rs57847890	0.09468328	AMR
AMR_subclass_IN_SST	ENSG00000115946	chr2	rs13410029	0.01271694	AMR
AMR_subclass_IN_SST	ENSG00000115946	chr2	rs12466435	0.02413154	AMR
AMR_subclass_IN_SST	ENSG00000115946	chr2	rs62134406	0.07257029	AMR
AMR_subclass_IN_SST	ENSG00000115946	chr2	rs57049724	0.16321075	AMR
AMR_subclass_IN_SST	ENSG00000115946	chr2	rs139464424	0.07775616	AMR
AMR_subclass_IN_SST	ENSG00000116329	chr1	rs11585220	-0.009254508	AMR
AMR_subclass_IN_SST	ENSG00000116329	chr1	rs204073	-0.086999785	AMR
AMR_subclass_IN_SST	ENSG00000116329	chr1	rs204070	-0.08738497	AMR
AMR_subclass_IN_SST	ENSG00000116329	chr1	rs204066	-0.069635181	AMR
AMR_subclass_IN_SST	ENSG00000116329	chr1	rs204065	-0.069368781	AMR
AMR_subclass_IN_SST	ENSG00000116729	chr1	rs112937404	0.0374537355	AMR
AMR_subclass_IN_SST	ENSG00000116729	chr1	rs787494	0.0017946406	AMR
AMR_subclass_IN_SST	ENSG00000116729	chr1	rs56350266	-0.0831261695	AMR
AMR_subclass_IN_SST	ENSG00000116729	chr1	rs74083309	-0.0832065017	AMR
AMR_subclass_IN_SST	ENSG00000116729	chr1	rs11209133	0.0167732238	AMR
AMR_subclass_IN_SST	ENSG00000116729	chr1	rs12092498	-0.0045404633	AMR
AMR_subclass_IN_SST	ENSG00000116729	chr1	rs2820478	-0.015145147	AMR
AMR_subclass_IN_SST	ENSG00000116729	chr1	rs1046835	-0.0151803621	AMR
AMR_subclass_IN_SST	ENSG00000116729	chr1	rs269350	-0.0837158829	AMR
AMR_subclass_IN_SST	ENSG00000116729	chr1	rs34827621	0.0474800073	AMR
AMR_subclass_IN_SST	ENSG00000116729	chr1	rs78692891	-0.0015603935	AMR
AMR_subclass_IN_SST	ENSG00000116729	chr1	rs78604270	-0.0608381973	AMR
AMR_subclass_IN_SST	ENSG00000116729	chr1	rs17130699	0.0207397063	AMR
AMR_subclass_IN_SST	ENSG00000116729	chr1	rs4926323	0.0214775494	AMR
AMR_subclass_IN_SST	ENSG00000116729	chr1	rs4926340	0.0221930586	AMR
AMR_subclass_IN_SST	ENSG00000116729	chr1	rs12073367	0.0723151241	AMR
AMR_subclass_IN_SST	ENSG00000116729	chr1	rs17097401	0.002716969	AMR
AMR_subclass_IN_SST	ENSG00000116729	chr1	rs1555655	0.0178084951	AMR
AMR_subclass_IN_SST	ENSG00000116729	chr1	rs6682188	0.0183206202	AMR
AMR_subclass_IN_SST	ENSG00000116729	chr1	rs1924537	0.0049316199	AMR
AMR_subclass_IN_SST	ENSG00000116729	chr1	rs1924535	0.0054534586	AMR
AMR_subclass_IN_SST	ENSG00000116729	chr1	rs912499	0.0057812265	AMR
AMR_subclass_IN_SST	ENSG00000116729	chr1	rs912498	0.0611987948	AMR
AMR_subclass_IN_SST	ENSG00000116729	chr1	rs1924532	0.0038235012	AMR
AMR_subclass_IN_SST	ENSG00000116729	chr1	rs1924531	0.0035081189	AMR
AMR_subclass_IN_SST	ENSG00000116729	chr1	rs1924530	0.0035076731	AMR
AMR_subclass_IN_SST	ENSG00000116729	chr1	rs2093860	0.0035184093	AMR
AMR_subclass_IN_SST	ENSG00000116729	chr1	rs4926327	0.003512465	AMR
AMR_subclass_IN_SST	ENSG00000116729	chr1	rs2419644	0.00352598	AMR
AMR_subclass_IN_SST	ENSG00000116729	chr1	rs1924528	0.0035692095	AMR
AMR_subclass_IN_SST	ENSG00000116729	chr1	rs1924527	0.0598163047	AMR
AMR_subclass_IN_SST	ENSG00000116729	chr1	rs1924526	0.0032284681	AMR
AMR_subclass_IN_SST	ENSG00000116729	chr1	rs4607932	0.0025708811	AMR
AMR_subclass_IN_SST	ENSG00000116729	chr1	rs6694172	0.0022694655	AMR
AMR_subclass_IN_SST	ENSG00000116729	chr1	rs4463712	0.0376776155	AMR
AMR_subclass_IN_SST	ENSG00000116729	chr1	rs72676313	0.0029735747	AMR
AMR_subclass_IN_SST	ENSG00000116729	chr1	rs72676320	0.0040889153	AMR
AMR_subclass_IN_SST	ENSG00000116729	chr1	rs72676327	0.003429371	AMR
AMR_subclass_IN_SST	ENSG00000116729	chr1	rs7535472	0.0022717301	AMR
AMR_subclass_IN_SST	ENSG00000116729	chr1	rs17130766	0.0013191647	AMR
AMR_subclass_IN_SST	ENSG00000116729	chr1	rs72676349	0.0007077149	AMR
AMR_subclass_IN_SST	ENSG00000116729	chr1	rs72676354	0.0003599278	AMR
AMR_subclass_IN_SST	ENSG00000116729	chr1	rs2223699	0.0001753293	AMR
AMR_subclass_IN_SST	ENSG00000116729	chr1	rs72676359	8.20111e-05	AMR
AMR_subclass_IN_SST	ENSG00000116729	chr1	rs17130774	0.0135514759	AMR
AMR_subclass_IN_SST	ENSG00000116729	chr1	rs78871502	0.0001714935	AMR
AMR_subclass_IN_SST	ENSG00000116729	chr1	rs56323054	0.0142586682	AMR
AMR_subclass_IN_SST	ENSG00000116729	chr1	rs72676372	0.0008270991	AMR
AMR_subclass_IN_SST	ENSG00000116729	chr1	rs72676373	0.000926759	AMR
AMR_subclass_IN_SST	ENSG00000116729	chr1	rs11209336	0.0096814992	AMR
AMR_subclass_IN_SST	ENSG00000116729	chr1	rs72676378	0.0016188899	AMR
AMR_subclass_IN_SST	ENSG00000116729	chr1	rs72676381	0.0013496909	AMR
AMR_subclass_IN_SST	ENSG00000116729	chr1	rs77651206	-0.2816406179	AMR
AMR_subclass_IN_SST	ENSG00000116729	chr1	rs11811650	-0.2807906565	AMR
AMR_subclass_IN_SST	ENSG00000116729	chr1	rs12728222	-0.2620546896	AMR
AMR_subclass_IN_SST	ENSG00000117054	chr1	rs148141546	0.1605353	AMR
AMR_subclass_IN_SST	ENSG00000117054	chr1	rs61790739	-0.04961782	AMR
AMR_subclass_IN_SST	ENSG00000117054	chr1	rs11163464	0.1958868	AMR
AMR_subclass_IN_SST	ENSG00000117054	chr1	rs61133339	-0.787325	AMR
AMR_subclass_IN_SST	ENSG00000117054	chr1	rs17622436	-0.1159578	AMR
AMR_subclass_IN_SST	ENSG00000117054	chr1	rs12088532	-0.03320937	AMR
AMR_subclass_IN_SST	ENSG00000117054	chr1	rs77039756	-0.1667199	AMR
AMR_subclass_IN_SST	ENSG00000117054	chr1	rs1526515	-0.1676669	AMR
AMR_subclass_IN_SST	ENSG00000117054	chr1	rs75230952	-0.1667136	AMR
AMR_subclass_IN_SST	ENSG00000117054	chr1	rs12065989	0.1169177	AMR
AMR_subclass_IN_SST	ENSG00000117054	chr1	rs112970283	0.1138955	AMR
AMR_subclass_IN_SST	ENSG00000117054	chr1	rs609094	-0.0961448	AMR
AMR_subclass_IN_SST	ENSG00000117054	chr1	rs11162964	0.1096588	AMR
AMR_subclass_IN_SST	ENSG00000117054	chr1	rs17096643	-0.08758166	AMR
AMR_subclass_IN_SST	ENSG00000117054	chr1	rs1249669	-0.05612064	AMR
AMR_subclass_IN_SST	ENSG00000117054	chr1	rs77134677	-0.1847682	AMR
AMR_subclass_IN_SST	ENSG00000117054	chr1	rs12133162	0.05190088	AMR
AMR_subclass_IN_SST	ENSG00000117054	chr1	rs55812013	-0.1013171	AMR
AMR_subclass_IN_SST	ENSG00000117054	chr1	rs74592222	-0.07408082	AMR
AMR_subclass_IN_SST	ENSG00000117054	chr1	rs2151195	0.05847656	AMR
AMR_subclass_IN_SST	ENSG00000117054	chr1	rs77646906	-0.0704114	AMR
AMR_subclass_IN_SST	ENSG00000117054	chr1	rs2347538	0.08940672	AMR
AMR_subclass_IN_SST	ENSG00000117054	chr1	rs78200600	0.08260486	AMR
AMR_subclass_IN_SST	ENSG00000117054	chr1	rs4949869	-0.0004333955	AMR
AMR_subclass_IN_SST	ENSG00000117054	chr1	rs142022724	0.07563941	AMR
AMR_subclass_IN_SST	ENSG00000117054	chr1	rs211718	0.009762251	AMR
AMR_subclass_IN_SST	ENSG00000117054	chr1	rs385897	0.007882481	AMR
AMR_subclass_IN_SST	ENSG00000117054	chr1	rs146278366	-0.01372204	AMR
AMR_subclass_IN_SST	ENSG00000117054	chr1	rs448710	0.007145973	AMR
AMR_subclass_IN_SST	ENSG00000117054	chr1	rs416420	0.007512808	AMR
AMR_subclass_IN_SST	ENSG00000117054	chr1	rs71656841	0.02618584	AMR
AMR_subclass_IN_SST	ENSG00000117054	chr1	rs7549167	-0.008430661	AMR
AMR_subclass_IN_SST	ENSG00000117054	chr1	rs12724819	0.0242786	AMR
AMR_subclass_IN_SST	ENSG00000117054	chr1	rs7552404	-0.009395319	AMR
AMR_subclass_IN_SST	ENSG00000117054	chr1	rs12131431	0.02409292	AMR
AMR_subclass_IN_SST	ENSG00000117054	chr1	rs12135720	0.02518249	AMR
AMR_subclass_IN_SST	ENSG00000117054	chr1	rs7548962	-0.009917764	AMR
AMR_subclass_IN_SST	ENSG00000117054	chr1	rs6593585	-0.04047946	AMR
AMR_subclass_IN_SST	ENSG00000117054	chr1	rs12085123	-0.03076089	AMR
AMR_subclass_IN_SST	ENSG00000117054	chr1	rs12138139	-0.006997725	AMR
AMR_subclass_IN_SST	ENSG00000117054	chr1	rs11163961	-0.03034076	AMR
AMR_subclass_IN_SST	ENSG00000117054	chr1	rs34079902	0.02221499	AMR
AMR_subclass_IN_SST	ENSG00000117054	chr1	rs7518038	-0.03056363	AMR
AMR_subclass_IN_SST	ENSG00000117054	chr1	rs1498315	-0.00933669	AMR
AMR_subclass_IN_SST	ENSG00000117054	chr1	rs7533888	-0.01067892	AMR
AMR_subclass_IN_SST	ENSG00000117054	chr1	rs4949874	-0.01162071	AMR
AMR_subclass_IN_SST	ENSG00000117054	chr1	rs12138889	0.02440626	AMR
AMR_subclass_IN_SST	ENSG00000117054	chr1	rs71502707	0.02063657	AMR
AMR_subclass_IN_SST	ENSG00000117054	chr1	rs4949876	-0.01178662	AMR
AMR_subclass_IN_SST	ENSG00000117054	chr1	rs11164040	0.02375586	AMR
AMR_subclass_IN_SST	ENSG00000117054	chr1	rs1498312	-0.01164996	AMR
AMR_subclass_IN_SST	ENSG00000117054	chr1	rs1251079	0.02497591	AMR
AMR_subclass_IN_SST	ENSG00000117054	chr1	rs1250874	-0.002259646	AMR
AMR_subclass_IN_SST	ENSG00000117054	chr1	rs71656849	0.01922648	AMR
AMR_subclass_IN_SST	ENSG00000117054	chr1	rs2173378	-0.00210025	AMR
AMR_subclass_IN_SST	ENSG00000117054	chr1	rs1146574	-0.001583321	AMR
AMR_subclass_IN_SST	ENSG00000117054	chr1	rs12759535	0.01772281	AMR
AMR_subclass_IN_SST	ENSG00000117054	chr1	rs1146579	-0.0009520759	AMR
AMR_subclass_IN_SST	ENSG00000117054	chr1	rs1146580	-0.0003898308	AMR
AMR_subclass_IN_SST	ENSG00000117054	chr1	rs1146581	-0.0001537314	AMR
AMR_subclass_IN_SST	ENSG00000117054	chr1	rs17647357	0.3701854	AMR
AMR_subclass_IN_SST	ENSG00000117054	chr1	rs1612097	-0.004847034	AMR
AMR_subclass_IN_SST	ENSG00000117054	chr1	rs1767458	-0.005499437	AMR
AMR_subclass_IN_SST	ENSG00000117054	chr1	rs2788654	-0.005154858	AMR
AMR_subclass_IN_SST	ENSG00000117054	chr1	rs114697917	0.01616946	AMR
AMR_subclass_IN_SST	ENSG00000117054	chr1	rs1694419	-0.001599659	AMR
AMR_subclass_IN_SST	ENSG00000117054	chr1	rs1611823	-0.001067244	AMR
AMR_subclass_IN_SST	ENSG00000117054	chr1	rs1613433	-0.0006779951	AMR
AMR_subclass_IN_SST	ENSG00000117054	chr1	rs1767456	-0.0003858927	AMR
AMR_subclass_IN_SST	ENSG00000117054	chr1	rs1767455	-0.0001990245	AMR
AMR_subclass_IN_SST	ENSG00000117054	chr1	rs35283569	0.01461978	AMR
AMR_subclass_IN_SST	ENSG00000117054	chr1	rs1770511	-0.000137037	AMR
AMR_subclass_IN_SST	ENSG00000117054	chr1	rs17848065	0.01327061	AMR
AMR_subclass_IN_SST	ENSG00000117054	chr1	rs1826978	0.01907181	AMR
AMR_subclass_IN_SST	ENSG00000117054	chr1	rs7548991	0.01934102	AMR
AMR_subclass_IN_SST	ENSG00000117054	chr1	rs12728962	0.01946178	AMR
AMR_subclass_IN_SST	ENSG00000117054	chr1	rs11161600	0.0192544	AMR
AMR_subclass_IN_SST	ENSG00000117054	chr1	rs6680389	0.01859986	AMR
AMR_subclass_IN_SST	ENSG00000117054	chr1	rs12756349	0.01768751	AMR
AMR_subclass_IN_SST	ENSG00000117054	chr1	rs11161605	0.01670444	AMR
AMR_subclass_IN_SST	ENSG00000117054	chr1	rs12757213	0.01575961	AMR
AMR_subclass_IN_SST	ENSG00000117054	chr1	rs12044025	0.01489171	AMR
AMR_subclass_IN_SST	ENSG00000117054	chr1	rs721204	0.0603616	AMR
AMR_subclass_IN_SST	ENSG00000117054	chr1	rs75605095	-0.00600999	AMR
AMR_subclass_IN_SST	ENSG00000117054	chr1	rs5745515	-0.003710488	AMR
AMR_subclass_IN_SST	ENSG00000117054	chr1	rs61770551	-0.82853	AMR
AMR_subclass_IN_SST	ENSG00000117054	chr1	rs67487205	-0.008321097	AMR
AMR_subclass_IN_SST	ENSG00000117054	chr1	rs10732723	0.003923512	AMR
AMR_subclass_IN_SST	ENSG00000117054	chr1	rs10732724	0.01713048	AMR
AMR_subclass_IN_SST	ENSG00000117054	chr1	rs1689271	0.01682382	AMR
AMR_subclass_IN_SST	ENSG00000117054	chr1	rs1770890	0.003956376	AMR
AMR_subclass_IN_SST	ENSG00000117054	chr1	rs931507	0.003628023	AMR
AMR_subclass_IN_SST	ENSG00000117054	chr1	rs1770887	0.002612534	AMR
AMR_subclass_IN_SST	ENSG00000117054	chr1	rs1770885	0.001601784	AMR
AMR_subclass_IN_SST	ENSG00000117054	chr1	rs1689275	0.0008648358	AMR
AMR_subclass_IN_SST	ENSG00000117054	chr1	rs61770556	-0.01449059	AMR
AMR_subclass_IN_SST	ENSG00000117054	chr1	rs17657280	-0.2192298	AMR
AMR_subclass_IN_SST	ENSG00000117054	chr1	rs146528265	-0.008755164	AMR
AMR_subclass_IN_SST	ENSG00000117054	chr1	rs12405897	-0.01059212	AMR
AMR_subclass_IN_SST	ENSG00000117054	chr1	rs12408790	-0.01133382	AMR
AMR_subclass_IN_SST	ENSG00000117054	chr1	rs1892480	-0.01150541	AMR
AMR_subclass_IN_SST	ENSG00000117054	chr1	rs4949620	-0.01114505	AMR
AMR_subclass_IN_SST	ENSG00000117054	chr1	rs761750495	-0.01017178	AMR
AMR_subclass_IN_SST	ENSG00000117054	chr1	rs77175064	-0.05836272	AMR
AMR_subclass_IN_SST	ENSG00000117054	chr1	rs10127768	-0.01864099	AMR
AMR_subclass_IN_SST	ENSG00000117054	chr1	rs113439013	-0.05502306	AMR
AMR_subclass_IN_SST	ENSG00000117054	chr1	rs17098027	-0.01801024	AMR
AMR_subclass_IN_SST	ENSG00000117054	chr1	rs12401785	-0.01732539	AMR
AMR_subclass_IN_SST	ENSG00000117054	chr1	rs28675110	-0.05212942	AMR
AMR_subclass_IN_SST	ENSG00000117054	chr1	rs75896894	-0.0164248	AMR
AMR_subclass_IN_SST	ENSG00000117054	chr1	rs17098034	-0.01681756	AMR
AMR_subclass_IN_SST	ENSG00000117054	chr1	rs75382409	-0.01725287	AMR
AMR_subclass_IN_SST	ENSG00000117054	chr1	rs78670106	-0.05000218	AMR
AMR_subclass_IN_SST	ENSG00000117054	chr1	rs1144344	-0.1253496	AMR
AMR_subclass_IN_SST	ENSG00000117054	chr1	rs17609832	-0.03265218	AMR
AMR_subclass_IN_SST	ENSG00000117054	chr1	rs11584597	0.02780112	AMR
AMR_subclass_IN_SST	ENSG00000117054	chr1	rs11583963	0.02841269	AMR
AMR_subclass_IN_SST	ENSG00000117054	chr1	rs11590555	0.0270167	AMR
AMR_subclass_IN_SST	ENSG00000117054	chr1	rs17609927	0.02509143	AMR
AMR_subclass_IN_SST	ENSG00000117054	chr1	rs17610084	0.02319162	AMR
AMR_subclass_IN_SST	ENSG00000117054	chr1	rs289683	-0.002537353	AMR
AMR_subclass_IN_SST	ENSG00000117054	chr1	rs289682	-0.003223877	AMR
AMR_subclass_IN_SST	ENSG00000117054	chr1	rs438166	-0.003844969	AMR
AMR_subclass_IN_SST	ENSG00000117054	chr1	rs432980	-0.04712706	AMR
AMR_subclass_IN_SST	ENSG00000117054	chr1	rs2992502	-0.009499941	AMR
AMR_subclass_IN_SST	ENSG00000117054	chr1	rs486453	-0.04759981	AMR
AMR_subclass_IN_SST	ENSG00000117054	chr1	rs366825	-0.04733021	AMR
AMR_subclass_IN_SST	ENSG00000117054	chr1	rs860154	-0.004736277	AMR
AMR_subclass_IN_SST	ENSG00000117054	chr1	rs61771338	0.04104528	AMR
AMR_subclass_IN_SST	ENSG00000117054	chr1	rs423152	-0.0143069	AMR
AMR_subclass_IN_SST	ENSG00000117054	chr1	rs681280	-0.0104218	AMR
AMR_subclass_IN_SST	ENSG00000117054	chr1	rs74501836	0.04475452	AMR
AMR_subclass_IN_SST	ENSG00000117054	chr1	rs72674458	-0.08032959	AMR
AMR_subclass_IN_SST	ENSG00000117054	chr1	rs34508435	-0.01574737	AMR
AMR_subclass_IN_SST	ENSG00000117054	chr1	rs17098353	-0.03457502	AMR
AMR_subclass_IN_SST	ENSG00000117054	chr1	rs67877759	-0.0290347	AMR
AMR_subclass_IN_SST	ENSG00000117054	chr1	rs17669251	-0.02525269	AMR
AMR_subclass_IN_SST	ENSG00000117054	chr1	rs79528336	0.2021998	AMR
AMR_subclass_IN_SST	ENSG00000117054	chr1	rs572200	-0.05881771	AMR
AMR_subclass_IN_SST	ENSG00000117054	chr1	rs11162104	-0.006170683	AMR
AMR_subclass_IN_SST	ENSG00000117054	chr1	rs11810865	0.04193548	AMR
AMR_subclass_IN_SST	ENSG00000117054	chr1	rs10218683	-0.006898598	AMR
AMR_subclass_IN_SST	ENSG00000117054	chr1	rs2893415	0.01780728	AMR
AMR_subclass_IN_SST	ENSG00000117054	chr1	rs6664863	-0.03505713	AMR
AMR_subclass_IN_SST	ENSG00000117054	chr1	rs1359471	-0.03838935	AMR
AMR_subclass_IN_SST	ENSG00000117054	chr1	rs4459158	0.009334981	AMR
AMR_subclass_IN_SST	ENSG00000117054	chr1	rs10782619	0.007252601	AMR
AMR_subclass_IN_SST	ENSG00000117054	chr1	rs10747347	0.005363653	AMR
AMR_subclass_IN_SST	ENSG00000117054	chr1	rs11162139	0.003659066	AMR
AMR_subclass_IN_SST	ENSG00000117054	chr1	rs2031482	0.002229866	AMR
AMR_subclass_IN_SST	ENSG00000117054	chr1	rs1408866	0.001206942	AMR
AMR_subclass_IN_SST	ENSG00000117054	chr1	rs12021906	0.0005839973	AMR
AMR_subclass_IN_SST	ENSG00000117054	chr1	rs12046895	0.0002551118	AMR
AMR_subclass_IN_SST	ENSG00000117054	chr1	rs1325291	0.0001016155	AMR
AMR_subclass_IN_SST	ENSG00000117054	chr1	rs1325292	3.724035e-05	AMR
AMR_subclass_IN_SST	ENSG00000117054	chr1	rs11162145	1.265674e-05	AMR
AMR_subclass_IN_SST	ENSG00000117054	chr1	rs12043272	4.01657e-06	AMR
AMR_subclass_IN_SST	ENSG00000117054	chr1	rs72678036	-0.1557433	AMR
AMR_subclass_IN_SST	ENSG00000117054	chr1	rs56302631	-0.06785809	AMR
AMR_subclass_IN_SST	ENSG00000117054	chr1	rs11162150	-0.002631194	AMR
AMR_subclass_IN_SST	ENSG00000117054	chr1	rs113118954	-0.03227257	AMR
AMR_subclass_IN_SST	ENSG00000117054	chr1	rs11807459	0.08208261	AMR
AMR_subclass_IN_SST	ENSG00000117054	chr1	rs11809667	0.08464658	AMR
AMR_subclass_IN_SST	ENSG00000117054	chr1	rs12075814	0.01098448	AMR
AMR_subclass_IN_SST	ENSG00000117054	chr1	rs12077146	0.01008184	AMR
AMR_subclass_IN_SST	ENSG00000117054	chr1	rs79853887	-0.1722728	AMR
AMR_subclass_IN_SST	ENSG00000117054	chr1	rs11162162	0.009590731	AMR
AMR_subclass_IN_SST	ENSG00000117054	chr1	rs7536778	0.01910122	AMR
AMR_subclass_IN_SST	ENSG00000117054	chr1	rs12065647	0.009777756	AMR
AMR_subclass_IN_SST	ENSG00000117054	chr1	rs12081001	0.009606501	AMR
AMR_subclass_IN_SST	ENSG00000117054	chr1	rs6665907	0.009297567	AMR
AMR_subclass_IN_SST	ENSG00000117054	chr1	rs1932260	-0.2800163	AMR
AMR_subclass_IN_SST	ENSG00000117054	chr1	rs315050	-0.1488944	AMR
AMR_subclass_IN_SST	ENSG00000117054	chr1	rs12733453	-0.01702411	AMR
AMR_subclass_IN_SST	ENSG00000117054	chr1	rs315034	-0.006086162	AMR
AMR_subclass_IN_SST	ENSG00000117054	chr1	rs391393	-0.007762053	AMR
AMR_subclass_IN_SST	ENSG00000117054	chr1	rs56012468	-0.007840041	AMR
AMR_subclass_IN_SST	ENSG00000117054	chr1	rs3862895	-0.007420841	AMR
AMR_subclass_IN_SST	ENSG00000117054	chr1	rs116643442	0.05637385	AMR
AMR_subclass_IN_SST	ENSG00000117054	chr1	rs186397	-0.006953642	AMR
AMR_subclass_IN_SST	ENSG00000117054	chr1	rs178353	-0.006518954	AMR
AMR_subclass_IN_SST	ENSG00000117054	chr1	rs315044	-0.006169997	AMR
AMR_subclass_IN_SST	ENSG00000117054	chr1	rs146613882	0.05078051	AMR
AMR_subclass_IN_SST	ENSG00000117054	chr1	rs6593549	-0.005830496	AMR
AMR_subclass_IN_SST	ENSG00000117054	chr1	rs315046	-0.005582038	AMR
AMR_subclass_IN_SST	ENSG00000117054	chr1	rs315047	-0.005347812	AMR
AMR_subclass_IN_SST	ENSG00000117054	chr1	rs11162187	-0.1667217	AMR
AMR_subclass_IN_SST	ENSG00000117054	chr1	rs10493593	-0.07852089	AMR
AMR_subclass_IN_SST	ENSG00000117054	chr1	rs114348192	-0.1715809	AMR
AMR_subclass_IN_SST	ENSG00000117280	chr1	rs76529943	-0.005716545	AMR
AMR_subclass_IN_SST	ENSG00000117280	chr1	rs3892308	-0.02445001	AMR
AMR_subclass_IN_SST	ENSG00000117280	chr1	rs12740617	-0.009672932	AMR
AMR_subclass_IN_SST	ENSG00000117280	chr1	rs35158267	-0.009983767	AMR
AMR_subclass_IN_SST	ENSG00000117280	chr1	rs34241790	-0.00838834	AMR
AMR_subclass_IN_SST	ENSG00000117280	chr1	rs2794867	-0.026456363	AMR
AMR_subclass_IN_SST	ENSG00000117280	chr1	rs6663798	-0.114322882	AMR
AMR_subclass_IN_SST	ENSG00000117280	chr1	rs12122797	0.007571985	AMR
AMR_subclass_IN_SST	ENSG00000117280	chr1	rs4845115	-0.022231175	AMR
AMR_subclass_IN_SST	ENSG00000117280	chr1	rs4845116	-0.02277947	AMR
AMR_subclass_IN_SST	ENSG00000117280	chr1	rs6658357	-0.022416551	AMR
AMR_subclass_IN_SST	ENSG00000117280	chr1	rs6692859	-0.046323153	AMR
AMR_subclass_IN_SST	ENSG00000117385	chr1	rs12037012	-0.01115597	AMR
AMR_subclass_IN_SST	ENSG00000117385	chr1	rs12043783	-0.01137389	AMR
AMR_subclass_IN_SST	ENSG00000117385	chr1	rs72637934	-0.001590372	AMR
AMR_subclass_IN_SST	ENSG00000117385	chr1	rs12042621	-0.05247281	AMR
AMR_subclass_IN_SST	ENSG00000117385	chr1	rs4463715	-0.002191946	AMR
AMR_subclass_IN_SST	ENSG00000117385	chr1	rs4463716	-0.001817921	AMR
AMR_subclass_IN_SST	ENSG00000117385	chr1	rs7516669	-0.0011706	AMR
AMR_subclass_IN_SST	ENSG00000117385	chr1	rs75508206	-0.03784446	AMR
AMR_subclass_IN_SST	ENSG00000117385	chr1	rs4385762	-0.0006650802	AMR
AMR_subclass_IN_SST	ENSG00000117385	chr1	rs115000718	-0.03834402	AMR
AMR_subclass_IN_SST	ENSG00000117385	chr1	rs4598532	-0.0005928149	AMR
AMR_subclass_IN_SST	ENSG00000117385	chr1	rs12038786	-0.05205749	AMR
AMR_subclass_IN_SST	ENSG00000117385	chr1	rs12030077	-0.0004003035	AMR
AMR_subclass_IN_SST	ENSG00000117385	chr1	rs12033466	-0.0002772238	AMR
AMR_subclass_IN_SST	ENSG00000117385	chr1	rs12035127	-0.0001957872	AMR
AMR_subclass_IN_SST	ENSG00000117385	chr1	rs12032217	-0.0001325519	AMR
AMR_subclass_IN_SST	ENSG00000117385	chr1	rs12033025	-0.03770142	AMR
AMR_subclass_IN_SST	ENSG00000117385	chr1	rs12040258	-6.874668e-05	AMR
AMR_subclass_IN_SST	ENSG00000117385	chr1	rs6689363	-2.20322e-05	AMR
AMR_subclass_IN_SST	ENSG00000117385	chr1	rs12036087	-6.571427e-06	AMR
AMR_subclass_IN_SST	ENSG00000117385	chr1	rs12049046	-1.857876e-06	AMR
AMR_subclass_IN_SST	ENSG00000117616	chr1	rs55794721	-0.13033819	AMR
AMR_subclass_IN_SST	ENSG00000117616	chr1	rs11249010	0.03222831	AMR
AMR_subclass_IN_SST	ENSG00000117616	chr1	rs3093653	-0.13593373	AMR
AMR_subclass_IN_SST	ENSG00000117616	chr1	rs9689	-0.03399639	AMR
AMR_subclass_IN_SST	ENSG00000117616	chr1	rs72660929	-0.07312479	AMR
AMR_subclass_IN_SST	ENSG00000117616	chr1	rs72660931	-0.13769091	AMR
AMR_subclass_IN_SST	ENSG00000117616	chr1	rs72660932	-0.135861	AMR
AMR_subclass_IN_SST	ENSG00000117616	chr1	rs932372	-0.02113371	AMR
AMR_subclass_IN_SST	ENSG00000117616	chr1	rs909834	-0.01931275	AMR
AMR_subclass_IN_SST	ENSG00000117616	chr1	rs7532783	-0.02593028	AMR
AMR_subclass_IN_SST	ENSG00000117616	chr1	rs72660956	-0.07208051	AMR
AMR_subclass_IN_SST	ENSG00000117616	chr1	rs72660960	-0.16082535	AMR
AMR_subclass_IN_SST	ENSG00000117616	chr1	rs72660961	-0.12401094	AMR
AMR_subclass_IN_SST	ENSG00000117625	chr1	rs6681083	0.0472588824	AMR
AMR_subclass_IN_SST	ENSG00000117625	chr1	rs7546374	0.0117496913	AMR
AMR_subclass_IN_SST	ENSG00000117625	chr1	rs910033	0.0174616907	AMR
AMR_subclass_IN_SST	ENSG00000117625	chr1	rs112464626	-0.110551721	AMR
AMR_subclass_IN_SST	ENSG00000117625	chr1	rs12727682	0.0254721076	AMR
AMR_subclass_IN_SST	ENSG00000117625	chr1	rs2223630	0.0093584365	AMR
AMR_subclass_IN_SST	ENSG00000117625	chr1	rs2501899	-0.0075082494	AMR
AMR_subclass_IN_SST	ENSG00000117625	chr1	rs2501898	-0.0077058198	AMR
AMR_subclass_IN_SST	ENSG00000117625	chr1	rs2501897	-0.007913027	AMR
AMR_subclass_IN_SST	ENSG00000117625	chr1	rs742566	-0.0080295364	AMR
AMR_subclass_IN_SST	ENSG00000117625	chr1	rs742565	-0.0080395949	AMR
AMR_subclass_IN_SST	ENSG00000117625	chr1	rs2501895	-0.0079706242	AMR
AMR_subclass_IN_SST	ENSG00000117625	chr1	rs2501894	-0.0078499517	AMR
AMR_subclass_IN_SST	ENSG00000117625	chr1	rs2501885	-0.0054885271	AMR
AMR_subclass_IN_SST	ENSG00000117625	chr1	rs7548180	0.0805011996	AMR
AMR_subclass_IN_SST	ENSG00000117625	chr1	rs12411254	-0.0002446605	AMR
AMR_subclass_IN_SST	ENSG00000117625	chr1	rs11590514	-0.0632062238	AMR
AMR_subclass_IN_SST	ENSG00000117625	chr1	rs76137482	0.0104346209	AMR
AMR_subclass_IN_SST	ENSG00000117625	chr1	rs11119566	0.0114369037	AMR
AMR_subclass_IN_SST	ENSG00000117625	chr1	rs17016653	0.0116948054	AMR
AMR_subclass_IN_SST	ENSG00000117625	chr1	rs11581492	-0.011194941	AMR
AMR_subclass_IN_SST	ENSG00000117625	chr1	rs11119574	-0.3207912038	AMR
AMR_subclass_IN_SST	ENSG00000117625	chr1	rs9430044	0.0066222684	AMR
AMR_subclass_IN_SST	ENSG00000117625	chr1	rs17016833	-0.0215798484	AMR
AMR_subclass_IN_SST	ENSG00000117625	chr1	rs117248001	-0.0226209151	AMR
AMR_subclass_IN_SST	ENSG00000117625	chr1	rs17016849	-0.0223697997	AMR
AMR_subclass_IN_SST	ENSG00000117625	chr1	rs57519065	-0.0205424444	AMR
AMR_subclass_IN_SST	ENSG00000117625	chr1	rs1343145	0.025783438	AMR
AMR_subclass_IN_SST	ENSG00000117625	chr1	rs6662529	0.0221387634	AMR
AMR_subclass_IN_SST	ENSG00000117625	chr1	rs11119687	-0.0037264099	AMR
AMR_subclass_IN_SST	ENSG00000117625	chr1	rs7551205	-0.0018203013	AMR
AMR_subclass_IN_SST	ENSG00000117625	chr1	rs145220607	-0.0994181271	AMR
AMR_subclass_IN_SST	ENSG00000117625	chr1	rs76244725	0.0051974125	AMR
AMR_subclass_IN_SST	ENSG00000117625	chr1	rs113380450	0.0078539931	AMR
AMR_subclass_IN_SST	ENSG00000117625	chr1	rs34433079	0.0148848574	AMR
AMR_subclass_IN_SST	ENSG00000117625	chr1	rs71239017	0.2637231596	AMR
AMR_subclass_IN_SST	ENSG00000117625	chr1	rs66527658	0.022326318	AMR
AMR_subclass_IN_SST	ENSG00000117625	chr1	rs72745255	0.0638126324	AMR
AMR_subclass_IN_SST	ENSG00000117625	chr1	rs73075313	-0.0624740221	AMR
AMR_subclass_IN_SST	ENSG00000117625	chr1	rs6695691	0.0105847945	AMR
AMR_subclass_IN_SST	ENSG00000117625	chr1	rs697004	-0.0123056368	AMR
AMR_subclass_IN_SST	ENSG00000117625	chr1	rs701927	-0.0128323889	AMR
AMR_subclass_IN_SST	ENSG00000117625	chr1	rs701924	-0.0123602199	AMR
AMR_subclass_IN_SST	ENSG00000117625	chr1	rs701923	-0.0114399389	AMR
AMR_subclass_IN_SST	ENSG00000117625	chr1	rs701920	-0.0104507629	AMR
AMR_subclass_IN_SST	ENSG00000117625	chr1	rs1067247	-0.0095540354	AMR
AMR_subclass_IN_SST	ENSG00000117625	chr1	rs11119813	0.0144184079	AMR
AMR_subclass_IN_SST	ENSG00000117625	chr1	rs12076991	0.0142775092	AMR
AMR_subclass_IN_SST	ENSG00000117625	chr1	rs115291660	0.108655074	AMR
AMR_subclass_IN_SST	ENSG00000117625	chr1	rs115440456	0.1087924926	AMR
AMR_subclass_IN_SST	ENSG00000117625	chr1	rs17853180	0.0683998086	AMR
AMR_subclass_IN_SST	ENSG00000117625	chr1	rs61830764	0.0044039836	AMR
AMR_subclass_IN_SST	ENSG00000117625	chr1	rs77463755	0.1588865814	AMR
AMR_subclass_IN_SST	ENSG00000117625	chr1	rs11119852	-0.094656467	AMR
AMR_subclass_IN_SST	ENSG00000117625	chr1	rs56810476	0.1630972794	AMR
AMR_subclass_IN_SST	ENSG00000117625	chr1	rs113730290	0.1639100017	AMR
AMR_subclass_IN_SST	ENSG00000117625	chr1	rs72752336	0.0209649282	AMR
AMR_subclass_IN_SST	ENSG00000118473	chr1	rs7418057	-0.0803586628	AMR
AMR_subclass_IN_SST	ENSG00000118473	chr1	rs10158279	0.0810211236	AMR
AMR_subclass_IN_SST	ENSG00000118473	chr1	rs12069188	0.1229456936	AMR
AMR_subclass_IN_SST	ENSG00000118473	chr1	rs6700201	0.0068826694	AMR
AMR_subclass_IN_SST	ENSG00000118473	chr1	rs61779759	-0.0596202657	AMR
AMR_subclass_IN_SST	ENSG00000118473	chr1	rs57382951	-0.0090242253	AMR
AMR_subclass_IN_SST	ENSG00000118473	chr1	rs17127985	-0.0090155095	AMR
AMR_subclass_IN_SST	ENSG00000118473	chr1	rs6688477	-0.1181676028	AMR
AMR_subclass_IN_SST	ENSG00000118473	chr1	rs75552502	-0.1185815715	AMR
AMR_subclass_IN_SST	ENSG00000118473	chr1	rs113673643	-0.1189832057	AMR
AMR_subclass_IN_SST	ENSG00000118473	chr1	rs147392359	-0.1189460234	AMR
AMR_subclass_IN_SST	ENSG00000118473	chr1	rs17128218	-0.1184154538	AMR
AMR_subclass_IN_SST	ENSG00000118473	chr1	rs72667460	0.2933698143	AMR
AMR_subclass_IN_SST	ENSG00000118473	chr1	rs113098644	0.0104748142	AMR
AMR_subclass_IN_SST	ENSG00000118473	chr1	rs6667596	-0.0287437827	AMR
AMR_subclass_IN_SST	ENSG00000118473	chr1	rs11208834	-0.0282629429	AMR
AMR_subclass_IN_SST	ENSG00000118473	chr1	rs3767309	0.2677014801	AMR
AMR_subclass_IN_SST	ENSG00000118473	chr1	rs74876386	0.0013377714	AMR
AMR_subclass_IN_SST	ENSG00000118473	chr1	rs17430019	0.0446129238	AMR
AMR_subclass_IN_SST	ENSG00000118473	chr1	rs79752887	0.0438953908	AMR
AMR_subclass_IN_SST	ENSG00000118473	chr1	rs6667233	-0.0432706434	AMR
AMR_subclass_IN_SST	ENSG00000118473	chr1	rs111664353	0.0009654789	AMR
AMR_subclass_IN_SST	ENSG00000118473	chr1	rs111703121	0.0007805248	AMR
AMR_subclass_IN_SST	ENSG00000118473	chr1	rs11208893	-0.0713235866	AMR
AMR_subclass_IN_SST	ENSG00000118473	chr1	rs11208895	-0.0710770919	AMR
AMR_subclass_IN_SST	ENSG00000118473	chr1	rs967323	-0.0415332078	AMR
AMR_subclass_IN_SST	ENSG00000118473	chr1	rs140741203	0.0894536123	AMR
AMR_subclass_IN_SST	ENSG00000118473	chr1	rs78974119	0.2614278193	AMR
AMR_subclass_IN_SST	ENSG00000118473	chr1	rs3008887	0.044286882	AMR
AMR_subclass_IN_SST	ENSG00000118473	chr1	rs77438676	-0.0394103451	AMR
AMR_subclass_IN_SST	ENSG00000118473	chr1	rs11208975	-0.0409962534	AMR
AMR_subclass_IN_SST	ENSG00000118473	chr1	rs12061039	-0.0413032701	AMR
AMR_subclass_IN_SST	ENSG00000118473	chr1	rs12077222	-0.0402314039	AMR
AMR_subclass_IN_SST	ENSG00000118473	chr1	rs72676073	-0.015516869	AMR
AMR_subclass_IN_SST	ENSG00000118473	chr1	rs7543092	0.039367891	AMR
AMR_subclass_IN_SST	ENSG00000118473	chr1	rs344927	-0.1372250333	AMR
AMR_subclass_IN_SST	ENSG00000118473	chr1	rs113927032	0.0029123253	AMR
AMR_subclass_IN_SST	ENSG00000118473	chr1	rs173180	0.0174266649	AMR
AMR_subclass_IN_SST	ENSG00000118473	chr1	rs4655570	-0.0255317204	AMR
AMR_subclass_IN_SST	ENSG00000118473	chr1	rs112703971	0.0126583522	AMR
AMR_subclass_IN_SST	ENSG00000118473	chr1	rs72922740	0.0154413693	AMR
AMR_subclass_IN_SST	ENSG00000118473	chr1	rs61180785	0.0166627868	AMR
AMR_subclass_IN_SST	ENSG00000118473	chr1	rs74080850	0.0163140739	AMR
AMR_subclass_IN_SST	ENSG00000118473	chr1	rs11803182	0.0152156507	AMR
AMR_subclass_IN_SST	ENSG00000118473	chr1	rs113602961	0.013929044	AMR
AMR_subclass_IN_SST	ENSG00000118473	chr1	rs72922779	0.0126575344	AMR
AMR_subclass_IN_SST	ENSG00000118473	chr1	rs72922780	0.0114376909	AMR
AMR_subclass_IN_SST	ENSG00000118855	chr3	rs77464124	-0.013349215	AMR
AMR_subclass_IN_SST	ENSG00000118855	chr3	rs146241454	-0.012821951	AMR
AMR_subclass_IN_SST	ENSG00000118855	chr3	rs953426	-0.012766972	AMR
AMR_subclass_IN_SST	ENSG00000118855	chr3	rs75399152	-0.012956251	AMR
AMR_subclass_IN_SST	ENSG00000118855	chr3	rs12233620	-0.013117167	AMR
AMR_subclass_IN_SST	ENSG00000118855	chr3	rs16828468	-0.007779396	AMR
AMR_subclass_IN_SST	ENSG00000118855	chr3	rs16828472	-0.008393399	AMR
AMR_subclass_IN_SST	ENSG00000118855	chr3	rs16828478	-0.035510353	AMR
AMR_subclass_IN_SST	ENSG00000118855	chr3	rs16828480	-0.035709271	AMR
AMR_subclass_IN_SST	ENSG00000118855	chr3	rs139277296	-0.035394514	AMR
AMR_subclass_IN_SST	ENSG00000118855	chr3	rs16828488	-0.034812729	AMR
AMR_subclass_IN_SST	ENSG00000118855	chr3	rs73158328	0.114730251	AMR
AMR_subclass_IN_SST	ENSG00000118855	chr3	rs73158340	0.010633856	AMR
AMR_subclass_IN_SST	ENSG00000118855	chr3	rs73166218	0.018059343	AMR
AMR_subclass_IN_SST	ENSG00000118855	chr3	rs35192832	0.013965235	AMR
AMR_subclass_IN_SST	ENSG00000118855	chr3	rs2595242	0.061056967	AMR
AMR_subclass_IN_SST	ENSG00000118855	chr3	rs6780514	-0.016260787	AMR
AMR_subclass_IN_SST	ENSG00000118855	chr3	rs6768470	0.023014928	AMR
AMR_subclass_IN_SST	ENSG00000118855	chr3	rs4444756	0.023498539	AMR
AMR_subclass_IN_SST	ENSG00000118855	chr3	rs6795802	0.023928885	AMR
AMR_subclass_IN_SST	ENSG00000118855	chr3	rs9849083	0.023899033	AMR
AMR_subclass_IN_SST	ENSG00000118855	chr3	rs4680518	0.023421756	AMR
AMR_subclass_IN_SST	ENSG00000119004	chr2	rs6711229	0.0057320964	AMR
AMR_subclass_IN_SST	ENSG00000119004	chr2	rs113877201	0.0076446171	AMR
AMR_subclass_IN_SST	ENSG00000119004	chr2	rs143442773	0.0075925546	AMR
AMR_subclass_IN_SST	ENSG00000119004	chr2	rs73990253	0.0058016756	AMR
AMR_subclass_IN_SST	ENSG00000119004	chr2	rs113952623	-0.1593291633	AMR
AMR_subclass_IN_SST	ENSG00000119004	chr2	rs142959568	-0.041923406	AMR
AMR_subclass_IN_SST	ENSG00000119004	chr2	rs11691958	-0.0185121965	AMR
AMR_subclass_IN_SST	ENSG00000119004	chr2	rs11676950	-0.0204106785	AMR
AMR_subclass_IN_SST	ENSG00000119004	chr2	rs16839308	-0.0573017892	AMR
AMR_subclass_IN_SST	ENSG00000119004	chr2	rs57260284	-0.0574202708	AMR
AMR_subclass_IN_SST	ENSG00000119004	chr2	rs56712316	-0.0566962832	AMR
AMR_subclass_IN_SST	ENSG00000119004	chr2	rs16839311	-0.0555715158	AMR
AMR_subclass_IN_SST	ENSG00000119004	chr2	rs150940790	-0.0040107393	AMR
AMR_subclass_IN_SST	ENSG00000119004	chr2	rs114569446	0.021563164	AMR
AMR_subclass_IN_SST	ENSG00000119004	chr2	rs7600392	-0.0034124115	AMR
AMR_subclass_IN_SST	ENSG00000119004	chr2	rs140112414	0.0227087915	AMR
AMR_subclass_IN_SST	ENSG00000119004	chr2	rs149387073	0.0224722464	AMR
AMR_subclass_IN_SST	ENSG00000119004	chr2	rs140521075	0.0211951358	AMR
AMR_subclass_IN_SST	ENSG00000119004	chr2	rs16839991	0.0328251743	AMR
AMR_subclass_IN_SST	ENSG00000119004	chr2	rs3115961	0.0004085032	AMR
AMR_subclass_IN_SST	ENSG00000119004	chr2	rs7559897	-0.0489468645	AMR
AMR_subclass_IN_SST	ENSG00000119004	chr2	rs4675424	-0.1193320294	AMR
AMR_subclass_IN_SST	ENSG00000119004	chr2	rs76310943	-0.0775614244	AMR
AMR_subclass_IN_SST	ENSG00000119004	chr2	rs72915296	0.0208763653	AMR
AMR_subclass_IN_SST	ENSG00000119004	chr2	rs77996998	-0.1684206193	AMR
AMR_subclass_IN_SST	ENSG00000119004	chr2	rs79705025	-0.1494853225	AMR
AMR_subclass_IN_SST	ENSG00000119231	chr3	rs9866046	-0.004696913	AMR
AMR_subclass_IN_SST	ENSG00000119231	chr3	rs6785122	-0.003775454	AMR
AMR_subclass_IN_SST	ENSG00000119231	chr3	rs12494665	-0.002412315	AMR
AMR_subclass_IN_SST	ENSG00000119231	chr3	rs73087353	0.246481298	AMR
AMR_subclass_IN_SST	ENSG00000119231	chr3	rs13064333	0.017613476	AMR
AMR_subclass_IN_SST	ENSG00000119231	chr3	rs13079343	0.066338427	AMR
AMR_subclass_IN_SST	ENSG00000119231	chr3	rs147910143	0.077697754	AMR
AMR_subclass_IN_SST	ENSG00000119231	chr3	rs6762272	0.013641873	AMR
AMR_subclass_IN_SST	ENSG00000119231	chr3	rs73212149	0.024859409	AMR
AMR_subclass_IN_SST	ENSG00000119231	chr3	rs75343565	0.013356037	AMR
AMR_subclass_IN_SST	ENSG00000119231	chr3	rs73212150	0.026791115	AMR
AMR_subclass_IN_SST	ENSG00000119231	chr3	rs77054150	0.027514853	AMR
AMR_subclass_IN_SST	ENSG00000119231	chr3	rs11929532	0.01234487	AMR
AMR_subclass_IN_SST	ENSG00000119231	chr3	rs116647953	0.287915621	AMR
AMR_subclass_IN_SST	ENSG00000119231	chr3	rs73219667	-0.116615402	AMR
AMR_subclass_IN_SST	ENSG00000119231	chr3	rs9858738	-0.008790903	AMR
AMR_subclass_IN_SST	ENSG00000119231	chr3	rs923065	-0.008970075	AMR
AMR_subclass_IN_SST	ENSG00000119231	chr3	rs6798996	-0.008859681	AMR
AMR_subclass_IN_SST	ENSG00000119231	chr3	rs2014220	-0.008581553	AMR
AMR_subclass_IN_SST	ENSG00000119231	chr3	rs7632943	0.002520168	AMR
AMR_subclass_IN_SST	ENSG00000119231	chr3	rs843534	0.051532005	AMR
AMR_subclass_IN_SST	ENSG00000119231	chr3	rs77051181	0.006929946	AMR
AMR_subclass_IN_SST	ENSG00000119231	chr3	rs55749449	-0.051908961	AMR
AMR_subclass_IN_SST	ENSG00000119231	chr3	rs192953968	-0.082353901	AMR
AMR_subclass_IN_SST	ENSG00000119231	chr3	rs9818107	-0.054322383	AMR
AMR_subclass_IN_SST	ENSG00000119231	chr3	rs9837225	0.003424584	AMR
AMR_subclass_IN_SST	ENSG00000119231	chr3	rs12637016	-0.308682925	AMR
AMR_subclass_IN_SST	ENSG00000119231	chr3	rs80258325	-0.083144419	AMR
AMR_subclass_IN_SST	ENSG00000119231	chr3	rs182017018	-0.082977026	AMR
AMR_subclass_IN_SST	ENSG00000119231	chr3	rs13089329	0.0249861	AMR
AMR_subclass_IN_SST	ENSG00000119231	chr3	rs56331842	0.009628063	AMR
AMR_subclass_IN_SST	ENSG00000119231	chr3	rs74503580	-0.101753317	AMR
AMR_subclass_IN_SST	ENSG00000119231	chr3	rs113949710	-0.10302089	AMR
AMR_subclass_IN_SST	ENSG00000119231	chr3	rs111957224	-0.100484071	AMR
AMR_subclass_IN_SST	ENSG00000119283	chr1	rs12748964	0.0497113989	AMR
AMR_subclass_IN_SST	ENSG00000119283	chr1	rs2273970	0.0497044925	AMR
AMR_subclass_IN_SST	ENSG00000119283	chr1	rs10864740	-0.0665687833	AMR
AMR_subclass_IN_SST	ENSG00000119283	chr1	rs72749931	0.3308135124	AMR
AMR_subclass_IN_SST	ENSG00000119283	chr1	rs2493129	0.1490117352	AMR
AMR_subclass_IN_SST	ENSG00000119283	chr1	rs2478545	0.0737332918	AMR
AMR_subclass_IN_SST	ENSG00000119283	chr1	rs72750706	0.0001415475	AMR
AMR_subclass_IN_SST	ENSG00000119283	chr1	rs12405429	0.0006563546	AMR
AMR_subclass_IN_SST	ENSG00000119283	chr1	rs12408802	0.1161073702	AMR
AMR_subclass_IN_SST	ENSG00000119283	chr1	rs6668246	0.1284111433	AMR
AMR_subclass_IN_SST	ENSG00000119283	chr1	rs115597116	-0.0154893523	AMR
AMR_subclass_IN_SST	ENSG00000119283	chr1	rs114516770	-0.0167629876	AMR
AMR_subclass_IN_SST	ENSG00000119283	chr1	rs12097992	-0.0145197882	AMR
AMR_subclass_IN_SST	ENSG00000119283	chr1	rs2180275	0.0283694291	AMR
AMR_subclass_IN_SST	ENSG00000119283	chr1	rs11576436	-0.1389122749	AMR
AMR_subclass_IN_SST	ENSG00000119283	chr1	rs11590715	-0.1900306982	AMR
AMR_subclass_IN_SST	ENSG00000119283	chr1	rs2117118	-0.0104228835	AMR
AMR_subclass_IN_SST	ENSG00000119283	chr1	rs9651121	-0.0024876397	AMR
AMR_subclass_IN_SST	ENSG00000119283	chr1	rs6681634	-0.0025974624	AMR
AMR_subclass_IN_SST	ENSG00000119283	chr1	rs10495310	0.0316115999	AMR
AMR_subclass_IN_SST	ENSG00000119283	chr1	rs4658953	0.0758785844	AMR
AMR_subclass_IN_SST	ENSG00000119283	chr1	rs7523326	-0.0756123447	AMR
AMR_subclass_IN_SST	ENSG00000119283	chr1	rs2027457	-0.026941912	AMR
AMR_subclass_IN_SST	ENSG00000119283	chr1	rs115039199	-0.028390786	AMR
AMR_subclass_IN_SST	ENSG00000119283	chr1	rs141532480	-0.0296628209	AMR
AMR_subclass_IN_SST	ENSG00000119283	chr1	rs142368269	-0.0300915479	AMR
AMR_subclass_IN_SST	ENSG00000119283	chr1	rs144585114	-0.0301074844	AMR
AMR_subclass_IN_SST	ENSG00000119283	chr1	rs150330594	-0.0780967857	AMR
AMR_subclass_IN_SST	ENSG00000119283	chr1	rs142775195	-0.0303651299	AMR
AMR_subclass_IN_SST	ENSG00000119283	chr1	rs140997828	-0.0301001848	AMR
AMR_subclass_IN_SST	ENSG00000119283	chr1	rs76372433	-0.0739788116	AMR
AMR_subclass_IN_SST	ENSG00000119283	chr1	rs145622500	-0.0288289536	AMR
AMR_subclass_IN_SST	ENSG00000119283	chr1	rs821585	-0.0084213121	AMR
AMR_subclass_IN_SST	ENSG00000119283	chr1	rs75723836	0.0724777195	AMR
AMR_subclass_IN_SST	ENSG00000119431	chr9	rs6477923	-0.3363628	AMR
AMR_subclass_IN_SST	ENSG00000119431	chr9	rs6477924	-0.3154533	AMR
AMR_subclass_IN_SST	ENSG00000119431	chr9	rs112830361	-0.2941218	AMR
AMR_subclass_IN_SST	ENSG00000119431	chr9	rs149144802	-0.2784583	AMR
AMR_subclass_IN_SST	ENSG00000119431	chr9	rs7027000	-0.00234684	AMR
AMR_subclass_IN_SST	ENSG00000119431	chr9	rs6477929	-0.01621905	AMR
AMR_subclass_IN_SST	ENSG00000119431	chr9	rs139588128	-0.03056527	AMR
AMR_subclass_IN_SST	ENSG00000119431	chr9	rs62568562	0.01312735	AMR
AMR_subclass_IN_SST	ENSG00000119431	chr9	rs6477945	-0.03591743	AMR
AMR_subclass_IN_SST	ENSG00000119431	chr9	rs181923784	-0.02819229	AMR
AMR_subclass_IN_SST	ENSG00000119431	chr9	rs62568625	0.008315176	AMR
AMR_subclass_IN_SST	ENSG00000119431	chr9	rs77611284	0.2611978	AMR
AMR_subclass_IN_SST	ENSG00000119431	chr9	rs113365502	0.1585853	AMR
AMR_subclass_IN_SST	ENSG00000119431	chr9	rs11794284	-0.0732672	AMR
AMR_subclass_IN_SST	ENSG00000119431	chr9	rs1343278	0.1428689	AMR
AMR_subclass_IN_SST	ENSG00000119431	chr9	rs7022692	-0.005258036	AMR
AMR_subclass_IN_SST	ENSG00000119431	chr9	rs1047201	-0.0111382	AMR
AMR_subclass_IN_SST	ENSG00000119431	chr9	rs10759582	-0.1128529	AMR
AMR_subclass_IN_SST	ENSG00000119431	chr9	rs79119307	-0.0598918	AMR
AMR_subclass_IN_SST	ENSG00000119431	chr9	rs1324946	-0.01183557	AMR
AMR_subclass_IN_SST	ENSG00000119431	chr9	rs35283595	-0.01177261	AMR
AMR_subclass_IN_SST	ENSG00000119431	chr9	rs17753733	0.1349937	AMR
AMR_subclass_IN_SST	ENSG00000119431	chr9	rs13293149	-0.3078027	AMR
AMR_subclass_IN_SST	ENSG00000119431	chr9	rs10981563	-0.01401246	AMR
AMR_subclass_IN_SST	ENSG00000119431	chr9	rs10981564	-0.01637613	AMR
AMR_subclass_IN_SST	ENSG00000119431	chr9	rs12340282	-0.1875303	AMR
AMR_subclass_IN_SST	ENSG00000119431	chr9	rs62575123	-0.07127061	AMR
AMR_subclass_IN_SST	ENSG00000119431	chr9	rs74332813	0.02852661	AMR
AMR_subclass_IN_SST	ENSG00000119431	chr9	rs35058851	-0.06942354	AMR
AMR_subclass_IN_SST	ENSG00000119431	chr9	rs71503549	-0.06577593	AMR
AMR_subclass_IN_SST	ENSG00000119431	chr9	rs13290234	-0.06179025	AMR
AMR_subclass_IN_SST	ENSG00000119431	chr9	rs62575132	-0.05797313	AMR
AMR_subclass_IN_SST	ENSG00000119431	chr9	rs10981612	-0.001512341	AMR
AMR_subclass_IN_SST	ENSG00000119431	chr9	rs10817432	-0.003555877	AMR
AMR_subclass_IN_SST	ENSG00000119431	chr9	rs10817433	-0.003604587	AMR
AMR_subclass_IN_SST	ENSG00000119431	chr9	rs10981615	-0.002902144	AMR
AMR_subclass_IN_SST	ENSG00000119431	chr9	rs12378227	0.1026838	AMR
AMR_subclass_IN_SST	ENSG00000119431	chr9	rs41309336	-0.002028533	AMR
AMR_subclass_IN_SST	ENSG00000119431	chr9	rs56681029	-0.001070833	AMR
AMR_subclass_IN_SST	ENSG00000119431	chr9	rs10981620	-0.0004905862	AMR
AMR_subclass_IN_SST	ENSG00000119431	chr9	rs10981641	-0.08810025	AMR
AMR_subclass_IN_SST	ENSG00000119431	chr9	rs10981644	-0.08465553	AMR
AMR_subclass_IN_SST	ENSG00000119431	chr9	rs113652913	0.1914932	AMR
AMR_subclass_IN_SST	ENSG00000119431	chr9	rs41280217	0.04637859	AMR
AMR_subclass_IN_SST	ENSG00000119431	chr9	rs4571803	-0.05671737	AMR
AMR_subclass_IN_SST	ENSG00000119431	chr9	rs116196727	0.06648558	AMR
AMR_subclass_IN_SST	ENSG00000119431	chr9	rs7864452	-0.05563426	AMR
AMR_subclass_IN_SST	ENSG00000119431	chr9	rs140569036	0.06086334	AMR
AMR_subclass_IN_SST	ENSG00000119431	chr9	rs12342549	-0.01073977	AMR
AMR_subclass_IN_SST	ENSG00000119431	chr9	rs76717075	0.05514547	AMR
AMR_subclass_IN_SST	ENSG00000119431	chr9	rs142720557	-0.3055834	AMR
AMR_subclass_IN_SST	ENSG00000119431	chr9	rs141735637	0.04997551	AMR
AMR_subclass_IN_SST	ENSG00000119431	chr9	rs7859965	0.08020574	AMR
AMR_subclass_IN_SST	ENSG00000119431	chr9	rs140865184	0.1659764	AMR
AMR_subclass_IN_SST	ENSG00000119431	chr9	rs111730493	-0.2497853	AMR
AMR_subclass_IN_SST	ENSG00000119431	chr9	rs112540315	-0.2492217	AMR
AMR_subclass_IN_SST	ENSG00000119431	chr9	rs34000674	0.03447035	AMR
AMR_subclass_IN_SST	ENSG00000119431	chr9	rs113959979	0.08978807	AMR
AMR_subclass_IN_SST	ENSG00000119431	chr9	rs818706	-0.08257072	AMR
AMR_subclass_IN_SST	ENSG00000119431	chr9	rs8177804	3.687282e-05	AMR
AMR_subclass_IN_SST	ENSG00000119431	chr9	rs818686	0.003450625	AMR
AMR_subclass_IN_SST	ENSG00000119431	chr9	rs818697	0.1261383	AMR
AMR_subclass_IN_SST	ENSG00000119431	chr9	rs112742300	-0.0712098	AMR
AMR_subclass_IN_SST	ENSG00000119431	chr9	rs111207454	-0.05839263	AMR
AMR_subclass_IN_SST	ENSG00000119431	chr9	rs114469627	0.08880532	AMR
AMR_subclass_IN_SST	ENSG00000119431	chr9	rs62577781	-0.1696407	AMR
AMR_subclass_IN_SST	ENSG00000119431	chr9	rs10817496	-0.1517691	AMR
AMR_subclass_IN_SST	ENSG00000119431	chr9	rs13297834	0.07601634	AMR
AMR_subclass_IN_SST	ENSG00000119431	chr9	rs4978551	-0.09652014	AMR
AMR_subclass_IN_SST	ENSG00000119431	chr9	rs1077072	0.003782869	AMR
AMR_subclass_IN_SST	ENSG00000119431	chr9	rs10981868	0.04527468	AMR
AMR_subclass_IN_SST	ENSG00000119431	chr9	rs10981875	0.07950304	AMR
AMR_subclass_IN_SST	ENSG00000119431	chr9	rs7047776	0.02545479	AMR
AMR_subclass_IN_SST	ENSG00000119431	chr9	rs7031646	0.04407158	AMR
AMR_subclass_IN_SST	ENSG00000119431	chr9	rs7034502	-0.2998365	AMR
AMR_subclass_IN_SST	ENSG00000119431	chr9	rs7860671	0.0375553	AMR
AMR_subclass_IN_SST	ENSG00000119431	chr9	rs73546475	0.07472799	AMR
AMR_subclass_IN_SST	ENSG00000119431	chr9	rs72765677	-0.1443147	AMR
AMR_subclass_IN_SST	ENSG00000119431	chr9	rs117813145	-0.1028763	AMR
AMR_subclass_IN_SST	ENSG00000119431	chr9	rs13299006	0.004443729	AMR
AMR_subclass_IN_SST	ENSG00000119431	chr9	rs58066474	-0.01934302	AMR
AMR_subclass_IN_SST	ENSG00000119431	chr9	rs7046380	0.04382005	AMR
AMR_subclass_IN_SST	ENSG00000119431	chr9	rs7030473	0.04268387	AMR
AMR_subclass_IN_SST	ENSG00000119431	chr9	rs7046526	0.04037716	AMR
AMR_subclass_IN_SST	ENSG00000119431	chr9	rs7046799	0.03813038	AMR
AMR_subclass_IN_SST	ENSG00000119431	chr9	rs987282	0.1198536	AMR
AMR_subclass_IN_SST	ENSG00000119431	chr9	rs10981937	-0.03323618	AMR
AMR_subclass_IN_SST	ENSG00000119431	chr9	rs10981938	-0.03016263	AMR
AMR_subclass_IN_SST	ENSG00000119431	chr9	rs12683412	-0.02615043	AMR
AMR_subclass_IN_SST	ENSG00000119431	chr9	rs73548564	-0.02323477	AMR
AMR_subclass_IN_SST	ENSG00000119431	chr9	rs10981943	-0.02084592	AMR
AMR_subclass_IN_SST	ENSG00000119431	chr9	rs10981944	-0.01879924	AMR
AMR_subclass_IN_SST	ENSG00000119431	chr9	rs10981946	-0.01717662	AMR
AMR_subclass_IN_SST	ENSG00000119431	chr9	rs10981949	-0.01605564	AMR
AMR_subclass_IN_SST	ENSG00000119431	chr9	rs10981951	-0.01541851	AMR
AMR_subclass_IN_SST	ENSG00000119431	chr9	rs12235328	-0.01516099	AMR
AMR_subclass_IN_SST	ENSG00000119431	chr9	rs10981952	-0.0151277	AMR
AMR_subclass_IN_SST	ENSG00000119431	chr9	rs2900567	-0.01514729	AMR
AMR_subclass_IN_SST	ENSG00000119431	chr9	rs11536809	-0.0150617	AMR
AMR_subclass_IN_SST	ENSG00000119431	chr9	rs58248935	-0.01474856	AMR
AMR_subclass_IN_SST	ENSG00000119431	chr9	rs73550411	-0.2230581	AMR
AMR_subclass_IN_SST	ENSG00000119431	chr9	rs28488565	-0.01346637	AMR
AMR_subclass_IN_SST	ENSG00000119431	chr9	rs10817527	-0.0126132	AMR
AMR_subclass_IN_SST	ENSG00000119431	chr9	rs79873802	-0.01138296	AMR
AMR_subclass_IN_SST	ENSG00000119431	chr9	rs12236311	-0.009931566	AMR
AMR_subclass_IN_SST	ENSG00000119431	chr9	rs8181155	-0.008380825	AMR
AMR_subclass_IN_SST	ENSG00000119431	chr9	rs8181201	-0.006841347	AMR
AMR_subclass_IN_SST	ENSG00000119431	chr9	rs10981959	-0.00540317	AMR
AMR_subclass_IN_SST	ENSG00000119431	chr9	rs61389135	-0.004128622	AMR
AMR_subclass_IN_SST	ENSG00000119431	chr9	rs75429548	0.25228	AMR
AMR_subclass_IN_SST	ENSG00000119431	chr9	rs10817540	-0.2490041	AMR
AMR_subclass_IN_SST	ENSG00000119431	chr9	rs72761029	0.1327641	AMR
AMR_subclass_IN_SST	ENSG00000119431	chr9	rs10982020	0.3556548	AMR
AMR_subclass_IN_SST	ENSG00000119431	chr9	rs4979316	-0.02917938	AMR
AMR_subclass_IN_SST	ENSG00000119431	chr9	rs7023951	0.002690825	AMR
AMR_subclass_IN_SST	ENSG00000119431	chr9	rs10982046	0.0870416	AMR
AMR_subclass_IN_SST	ENSG00000119431	chr9	rs12344124	0.009358578	AMR
AMR_subclass_IN_SST	ENSG00000119431	chr9	rs2251680	0.02735457	AMR
AMR_subclass_IN_SST	ENSG00000119431	chr9	rs7854030	0.1151453	AMR
AMR_subclass_IN_SST	ENSG00000119431	chr9	rs72760636	-0.04275443	AMR
AMR_subclass_IN_SST	ENSG00000119431	chr9	rs2567702	0.01141476	AMR
AMR_subclass_IN_SST	ENSG00000119431	chr9	rs2567724	0.009177255	AMR
AMR_subclass_IN_SST	ENSG00000119431	chr9	rs2241671	0.05308673	AMR
AMR_subclass_IN_SST	ENSG00000119431	chr9	rs2808770	0.07038793	AMR
AMR_subclass_IN_SST	ENSG00000119431	chr9	rs2808771	0.01702508	AMR
AMR_subclass_IN_SST	ENSG00000119431	chr9	rs1560538	0.01914422	AMR
AMR_subclass_IN_SST	ENSG00000119431	chr9	rs2808775	0.02001216	AMR
AMR_subclass_IN_SST	ENSG00000119431	chr9	rs117358807	0.003650076	AMR
AMR_subclass_IN_SST	ENSG00000119431	chr9	rs10759685	0.00663967	AMR
AMR_subclass_IN_SST	ENSG00000119431	chr9	rs7026363	-0.06286697	AMR
AMR_subclass_IN_SST	ENSG00000119431	chr9	rs1982850	-0.01239813	AMR
AMR_subclass_IN_SST	ENSG00000119431	chr9	rs2014134	-0.01273406	AMR
AMR_subclass_IN_SST	ENSG00000119431	chr9	rs41278645	-0.04079095	AMR
AMR_subclass_IN_SST	ENSG00000119431	chr9	rs72762640	0.1402427	AMR
AMR_subclass_IN_SST	ENSG00000119431	chr9	rs1249709	-0.1085394	AMR
AMR_subclass_IN_SST	ENSG00000119431	chr9	rs56074074	-0.04326971	AMR
AMR_subclass_IN_SST	ENSG00000119431	chr9	rs6478074	-0.0683922	AMR
AMR_subclass_IN_SST	ENSG00000119431	chr9	rs111567212	-0.0398257	AMR
AMR_subclass_IN_SST	ENSG00000119431	chr9	rs41278649	-0.001770408	AMR
AMR_subclass_IN_SST	ENSG00000119431	chr9	rs148760553	0.04704759	AMR
AMR_subclass_IN_SST	ENSG00000119431	chr9	rs75451914	0.1114991	AMR
AMR_subclass_IN_SST	ENSG00000119431	chr9	rs10817589	-0.01686303	AMR
AMR_subclass_IN_SST	ENSG00000119431	chr9	rs118173982	0.03071489	AMR
AMR_subclass_IN_SST	ENSG00000119431	chr9	rs16928063	0.02409018	AMR
AMR_subclass_IN_SST	ENSG00000119431	chr9	rs2306957	0.0185225	AMR
AMR_subclass_IN_SST	ENSG00000119431	chr9	rs4979367	0.07353028	AMR
AMR_subclass_IN_SST	ENSG00000119431	chr9	rs10982149	-0.04350492	AMR
AMR_subclass_IN_SST	ENSG00000119431	chr9	rs10982171	-0.07491953	AMR
AMR_subclass_IN_SST	ENSG00000119431	chr9	rs1038776	-0.0325281	AMR
AMR_subclass_IN_SST	ENSG00000119431	chr9	rs3748179	-0.0687995	AMR
AMR_subclass_IN_SST	ENSG00000119471	chr9	rs35595167	-0.0063398506	AMR
AMR_subclass_IN_SST	ENSG00000119471	chr9	rs59773154	0.1053845626	AMR
AMR_subclass_IN_SST	ENSG00000119471	chr9	rs10980961	0.060785565	AMR
AMR_subclass_IN_SST	ENSG00000119471	chr9	rs11999399	0.0368662365	AMR
AMR_subclass_IN_SST	ENSG00000119471	chr9	rs7021823	0.0366174126	AMR
AMR_subclass_IN_SST	ENSG00000119471	chr9	rs7851073	-0.0534693452	AMR
AMR_subclass_IN_SST	ENSG00000119471	chr9	rs4979075	0.0024534087	AMR
AMR_subclass_IN_SST	ENSG00000119471	chr9	rs28541471	0.0634896179	AMR
AMR_subclass_IN_SST	ENSG00000119471	chr9	rs10817330	0.0058310744	AMR
AMR_subclass_IN_SST	ENSG00000119471	chr9	rs12335731	0.1471982802	AMR
AMR_subclass_IN_SST	ENSG00000119471	chr9	rs139794214	0.2137344928	AMR
AMR_subclass_IN_SST	ENSG00000119471	chr9	rs7470909	0.0288450329	AMR
AMR_subclass_IN_SST	ENSG00000119471	chr9	rs7025838	0.0412267976	AMR
AMR_subclass_IN_SST	ENSG00000119471	chr9	rs10759581	0.0413899858	AMR
AMR_subclass_IN_SST	ENSG00000119471	chr9	rs7854726	0.0409001913	AMR
AMR_subclass_IN_SST	ENSG00000119471	chr9	rs7862856	0.0289054311	AMR
AMR_subclass_IN_SST	ENSG00000119471	chr9	rs10759615	0.0310870619	AMR
AMR_subclass_IN_SST	ENSG00000119471	chr9	rs6477971	0.009188789	AMR
AMR_subclass_IN_SST	ENSG00000119471	chr9	rs7858808	0.0086770854	AMR
AMR_subclass_IN_SST	ENSG00000119471	chr9	rs4602967	-0.0704627683	AMR
AMR_subclass_IN_SST	ENSG00000119471	chr9	rs10981652	-0.0704066743	AMR
AMR_subclass_IN_SST	ENSG00000119471	chr9	rs4607690	-0.0004506281	AMR
AMR_subclass_IN_SST	ENSG00000119471	chr9	rs149000414	0.0282095029	AMR
AMR_subclass_IN_SST	ENSG00000119471	chr9	rs13298925	-0.1568605368	AMR
AMR_subclass_IN_SST	ENSG00000119471	chr9	rs142720557	0.0465955108	AMR
AMR_subclass_IN_SST	ENSG00000119471	chr9	rs114561251	0.1153284741	AMR
AMR_subclass_IN_SST	ENSG00000119471	chr9	rs1077636	0.0507360285	AMR
AMR_subclass_IN_SST	ENSG00000119487	chr9	rs61069418	0.05842815	AMR
AMR_subclass_IN_SST	ENSG00000119487	chr9	rs749147	0.02723791	AMR
AMR_subclass_IN_SST	ENSG00000119487	chr9	rs944221	-0.07899572	AMR
AMR_subclass_IN_SST	ENSG00000119487	chr9	rs2809428	-0.03491372	AMR
AMR_subclass_IN_SST	ENSG00000119487	chr9	rs2150005	-0.02141696	AMR
AMR_subclass_IN_SST	ENSG00000119487	chr9	rs2773373	0.07200753	AMR
AMR_subclass_IN_SST	ENSG00000119487	chr9	rs879598	-0.03054075	AMR
AMR_subclass_IN_SST	ENSG00000119787	chr2	rs7564835	-0.009038401	AMR
AMR_subclass_IN_SST	ENSG00000119787	chr2	rs7571209	-0.106845416	AMR
AMR_subclass_IN_SST	ENSG00000119787	chr2	rs7560165	-0.001152752	AMR
AMR_subclass_IN_SST	ENSG00000119787	chr2	rs73926304	-0.022171875	AMR
AMR_subclass_IN_SST	ENSG00000119787	chr2	rs67540227	-0.172138296	AMR
AMR_subclass_IN_SST	ENSG00000119787	chr2	rs12997019	-0.171669256	AMR
AMR_subclass_IN_SST	ENSG00000120071	chr17	rs79811178	-0.042046049	AMR
AMR_subclass_IN_SST	ENSG00000120071	chr17	rs116851011	-0.042575538	AMR
AMR_subclass_IN_SST	ENSG00000120071	chr17	rs76060698	-0.041101997	AMR
AMR_subclass_IN_SST	ENSG00000120071	chr17	rs34813202	0.015651133	AMR
AMR_subclass_IN_SST	ENSG00000120071	chr17	rs11653145	0.015088256	AMR
AMR_subclass_IN_SST	ENSG00000120071	chr17	rs58346971	-0.04923484	AMR
AMR_subclass_IN_SST	ENSG00000120071	chr17	rs117306614	-0.024956905	AMR
AMR_subclass_IN_SST	ENSG00000120071	chr17	rs12949256	0.024188956	AMR
AMR_subclass_IN_SST	ENSG00000120071	chr17	rs7220206	0.02504742	AMR
AMR_subclass_IN_SST	ENSG00000120071	chr17	rs7222444	0.024977646	AMR
AMR_subclass_IN_SST	ENSG00000120071	chr17	rs12939187	0.024752794	AMR
AMR_subclass_IN_SST	ENSG00000120071	chr17	rs34018943	0.024467421	AMR
AMR_subclass_IN_SST	ENSG00000120071	chr17	rs62064652	0.024158898	AMR
AMR_subclass_IN_SST	ENSG00000120071	chr17	rs12946900	0.023861895	AMR
AMR_subclass_IN_SST	ENSG00000120071	chr17	rs11012	0.023583728	AMR
AMR_subclass_IN_SST	ENSG00000120071	chr17	rs35354512	0.023308591	AMR
AMR_subclass_IN_SST	ENSG00000120071	chr17	rs35591873	0.023012769	AMR
AMR_subclass_IN_SST	ENSG00000120071	chr17	rs35489312	0.022677015	AMR
AMR_subclass_IN_SST	ENSG00000120071	chr17	rs34887474	0.022293516	AMR
AMR_subclass_IN_SST	ENSG00000120071	chr17	rs56005713	0.021867657	AMR
AMR_subclass_IN_SST	ENSG00000120071	chr17	rs116786492	-0.105225947	AMR
AMR_subclass_IN_SST	ENSG00000120071	chr17	rs11656151	0.185368518	AMR
AMR_subclass_IN_SST	ENSG00000120071	chr17	rs1378358	0.18757638	AMR
AMR_subclass_IN_SST	ENSG00000120071	chr17	rs199456	0.189892501	AMR
AMR_subclass_IN_SST	ENSG00000120071	chr17	rs199451	0.191835891	AMR
AMR_subclass_IN_SST	ENSG00000120071	chr17	rs199443	0.086408025	AMR
AMR_subclass_IN_SST	ENSG00000120071	chr17	rs199528	0.135688321	AMR
AMR_subclass_IN_SST	ENSG00000120071	chr17	rs199525	0.137717701	AMR
AMR_subclass_IN_SST	ENSG00000120071	chr17	rs62074125	0.105166305	AMR
AMR_subclass_IN_SST	ENSG00000120071	chr17	rs415430	-0.038151452	AMR
AMR_subclass_IN_SST	ENSG00000120071	chr17	rs430685	-0.035492105	AMR
AMR_subclass_IN_SST	ENSG00000120071	chr17	rs199505	-0.016668951	AMR
AMR_subclass_IN_SST	ENSG00000120071	chr17	rs70602	-0.016282125	AMR
AMR_subclass_IN_SST	ENSG00000120071	chr17	rs111880312	0.04565061	AMR
AMR_subclass_IN_SST	ENSG00000120071	chr17	rs76364804	0.043920976	AMR
AMR_subclass_IN_SST	ENSG00000120071	chr17	rs34072914	-0.177013629	AMR
AMR_subclass_IN_SST	ENSG00000120071	chr17	rs7212691	-0.102864642	AMR
AMR_subclass_IN_SST	ENSG00000120071	chr17	rs197929	-0.019837763	AMR
AMR_subclass_IN_SST	ENSG00000120071	chr17	rs197932	-0.061255585	AMR
AMR_subclass_IN_SST	ENSG00000120071	chr17	rs197941	-0.01945336	AMR
AMR_subclass_IN_SST	ENSG00000120071	chr17	rs2316329	-0.00393176	AMR
AMR_subclass_IN_SST	ENSG00000120071	chr17	rs147305442	0.000788059	AMR
AMR_subclass_IN_SST	ENSG00000120071	chr17	rs11570472	-0.039611656	AMR
AMR_subclass_IN_SST	ENSG00000120071	chr17	rs148365485	0.001186219	AMR
AMR_subclass_IN_SST	ENSG00000120071	chr17	rs67777457	-0.070328923	AMR
AMR_subclass_IN_SST	ENSG00000120071	chr17	rs12946597	-0.036065407	AMR
AMR_subclass_IN_SST	ENSG00000120071	chr17	rs3785875	-0.040479981	AMR
AMR_subclass_IN_SST	ENSG00000120071	chr17	rs17605038	0.020454112	AMR
AMR_subclass_IN_SST	ENSG00000120333	chr1	rs76132629	-0.01926644	AMR
AMR_subclass_IN_SST	ENSG00000120333	chr1	rs76970794	-0.02308866	AMR
AMR_subclass_IN_SST	ENSG00000120333	chr1	rs75455821	-0.02309908	AMR
AMR_subclass_IN_SST	ENSG00000120333	chr1	rs75561972	-0.02091355	AMR
AMR_subclass_IN_SST	ENSG00000120333	chr1	rs141145092	-0.0183055	AMR
AMR_subclass_IN_SST	ENSG00000120333	chr1	rs79277913	-0.01573725	AMR
AMR_subclass_IN_SST	ENSG00000120333	chr1	rs6666777	-0.08007575	AMR
AMR_subclass_IN_SST	ENSG00000120333	chr1	rs13374955	-0.22975784	AMR
AMR_subclass_IN_SST	ENSG00000120333	chr1	rs500894	-0.01443734	AMR
AMR_subclass_IN_SST	ENSG00000120658	chr13	rs78418678	-0.007162557	AMR
AMR_subclass_IN_SST	ENSG00000120658	chr13	rs116061010	-0.008456038	AMR
AMR_subclass_IN_SST	ENSG00000120658	chr13	rs60192082	-0.010009673	AMR
AMR_subclass_IN_SST	ENSG00000120658	chr13	rs11838923	-0.01063384	AMR
AMR_subclass_IN_SST	ENSG00000120658	chr13	rs17063286	-0.022201972	AMR
AMR_subclass_IN_SST	ENSG00000120658	chr13	rs78942838	-0.00921404	AMR
AMR_subclass_IN_SST	ENSG00000120658	chr13	rs149348996	-0.008833772	AMR
AMR_subclass_IN_SST	ENSG00000120658	chr13	rs145878455	0.022854084	AMR
AMR_subclass_IN_SST	ENSG00000120658	chr13	rs9567402	0.185519912	AMR
AMR_subclass_IN_SST	ENSG00000120675	chr13	rs78338950	-0.17021186	AMR
AMR_subclass_IN_SST	ENSG00000120675	chr13	rs11618553	-0.284878112	AMR
AMR_subclass_IN_SST	ENSG00000120675	chr13	rs17624339	-0.351343547	AMR
AMR_subclass_IN_SST	ENSG00000120675	chr13	rs11617373	-0.006559827	AMR
AMR_subclass_IN_SST	ENSG00000120675	chr13	rs9533373	-0.006416691	AMR
AMR_subclass_IN_SST	ENSG00000120675	chr13	rs9533374	-0.006045655	AMR
AMR_subclass_IN_SST	ENSG00000120675	chr13	rs9525731	-0.005689395	AMR
AMR_subclass_IN_SST	ENSG00000120675	chr13	rs9533377	-0.00534773	AMR
AMR_subclass_IN_SST	ENSG00000120675	chr13	rs11620045	-0.00501366	AMR
AMR_subclass_IN_SST	ENSG00000120675	chr13	rs9315987	-0.004690145	AMR
AMR_subclass_IN_SST	ENSG00000120675	chr13	rs9315988	-0.004377329	AMR
AMR_subclass_IN_SST	ENSG00000120675	chr13	rs9533380	-0.00406854	AMR
AMR_subclass_IN_SST	ENSG00000120696	chr13	rs12427917	0.032727379	AMR
AMR_subclass_IN_SST	ENSG00000120696	chr13	rs12428360	0.031532558	AMR
AMR_subclass_IN_SST	ENSG00000120696	chr13	rs4424792	0.003818383	AMR
AMR_subclass_IN_SST	ENSG00000120696	chr13	rs2802500	-0.010576577	AMR
AMR_subclass_IN_SST	ENSG00000120696	chr13	rs2246612	-0.010010487	AMR
AMR_subclass_IN_SST	ENSG00000120696	chr13	rs7992673	-0.020119858	AMR
AMR_subclass_IN_SST	ENSG00000120696	chr13	rs115537700	0.010927981	AMR
AMR_subclass_IN_SST	ENSG00000120696	chr13	rs7987117	0.012908672	AMR
AMR_subclass_IN_SST	ENSG00000120696	chr13	rs7987152	0.012996637	AMR
AMR_subclass_IN_SST	ENSG00000120696	chr13	rs74055307	0.011637803	AMR
AMR_subclass_IN_SST	ENSG00000120696	chr13	rs111417130	-0.060762989	AMR
AMR_subclass_IN_SST	ENSG00000120696	chr13	rs3783194	-0.059640969	AMR
AMR_subclass_IN_SST	ENSG00000120696	chr13	rs4942063	-0.089217128	AMR
AMR_subclass_IN_SST	ENSG00000120696	chr13	rs73181186	-0.553857421	AMR
AMR_subclass_IN_SST	ENSG00000120696	chr13	rs9525590	0.020373112	AMR
AMR_subclass_IN_SST	ENSG00000120709	chr5	rs1229734	0.013186856	AMR
AMR_subclass_IN_SST	ENSG00000120709	chr5	rs17703757	-0.048629218	AMR
AMR_subclass_IN_SST	ENSG00000120709	chr5	rs6879168	-0.008062967	AMR
AMR_subclass_IN_SST	ENSG00000120709	chr5	rs9327795	0.045444573	AMR
AMR_subclass_IN_SST	ENSG00000120709	chr5	rs700607	0.066993693	AMR
AMR_subclass_IN_SST	ENSG00000120709	chr5	rs192960403	0.122519751	AMR
AMR_subclass_IN_SST	ENSG00000120709	chr5	rs139421003	-0.025465286	AMR
AMR_subclass_IN_SST	ENSG00000120709	chr5	rs35475097	0.510647987	AMR
AMR_subclass_IN_SST	ENSG00000120709	chr5	rs115375641	-0.011931391	AMR
AMR_subclass_IN_SST	ENSG00000120709	chr5	rs7735325	0.168382385	AMR
AMR_subclass_IN_SST	ENSG00000120709	chr5	rs7737090	0.01067525	AMR
AMR_subclass_IN_SST	ENSG00000120709	chr5	rs6914	0.00579158	AMR
AMR_subclass_IN_SST	ENSG00000120709	chr5	rs34629616	-0.002741394	AMR
AMR_subclass_IN_SST	ENSG00000120709	chr5	rs13187637	-0.003155604	AMR
AMR_subclass_IN_SST	ENSG00000120709	chr5	rs2268439	-0.003370442	AMR
AMR_subclass_IN_SST	ENSG00000120709	chr5	rs255993	-0.005789508	AMR
AMR_subclass_IN_SST	ENSG00000120709	chr5	rs2304057	-0.105175631	AMR
AMR_subclass_IN_SST	ENSG00000120709	chr5	rs7711958	-0.001589897	AMR
AMR_subclass_IN_SST	ENSG00000120709	chr5	rs1042665	-0.053585457	AMR
AMR_subclass_IN_SST	ENSG00000120709	chr5	rs256011	-0.084450894	AMR
AMR_subclass_IN_SST	ENSG00000120709	chr5	rs10070909	-0.001824416	AMR
AMR_subclass_IN_SST	ENSG00000120709	chr5	rs9968657	-0.002140382	AMR
AMR_subclass_IN_SST	ENSG00000120709	chr5	rs11953219	-0.002525938	AMR
AMR_subclass_IN_SST	ENSG00000120709	chr5	rs7700499	-0.084597064	AMR
AMR_subclass_IN_SST	ENSG00000120709	chr5	rs4835690	-0.002921128	AMR
AMR_subclass_IN_SST	ENSG00000120709	chr5	rs77288889	-0.453985742	AMR
AMR_subclass_IN_SST	ENSG00000120709	chr5	rs7380609	-0.175425647	AMR
AMR_subclass_IN_SST	ENSG00000120709	chr5	rs1821257	0.003958885	AMR
AMR_subclass_IN_SST	ENSG00000120709	chr5	rs4835644	-0.193259224	AMR
AMR_subclass_IN_SST	ENSG00000120709	chr5	rs72788828	0.108076153	AMR
AMR_subclass_IN_SST	ENSG00000120709	chr5	rs147705041	-0.074099079	AMR
AMR_subclass_IN_SST	ENSG00000120709	chr5	rs825754	0.015137976	AMR
AMR_subclass_IN_SST	ENSG00000120709	chr5	rs288027	-0.057374797	AMR
AMR_subclass_IN_SST	ENSG00000120709	chr5	rs75435312	0.019174506	AMR
AMR_subclass_IN_SST	ENSG00000121931	chr1	rs11102070	-0.1471459779	AMR
AMR_subclass_IN_SST	ENSG00000121931	chr1	rs111560462	-0.1492147991	AMR
AMR_subclass_IN_SST	ENSG00000121931	chr1	rs113205287	-0.1506877453	AMR
AMR_subclass_IN_SST	ENSG00000121931	chr1	rs146690598	-0.1501840528	AMR
AMR_subclass_IN_SST	ENSG00000121931	chr1	rs12082334	-0.1479779366	AMR
AMR_subclass_IN_SST	ENSG00000121931	chr1	rs3118207	-0.0006840433	AMR
AMR_subclass_IN_SST	ENSG00000121931	chr1	rs645639	0.003526728	AMR
AMR_subclass_IN_SST	ENSG00000122477	chr1	rs7520594	-0.045888645	AMR
AMR_subclass_IN_SST	ENSG00000122477	chr1	rs2148154	-0.004149396	AMR
AMR_subclass_IN_SST	ENSG00000122477	chr1	rs57075645	0.029045118	AMR
AMR_subclass_IN_SST	ENSG00000122477	chr1	rs72976114	0.029317213	AMR
AMR_subclass_IN_SST	ENSG00000122477	chr1	rs72968461	0.028151364	AMR
AMR_subclass_IN_SST	ENSG00000122477	chr1	rs141741557	0.030098374	AMR
AMR_subclass_IN_SST	ENSG00000122477	chr1	rs140505792	0.093286313	AMR
AMR_subclass_IN_SST	ENSG00000122477	chr1	rs141038979	0.103575571	AMR
AMR_subclass_IN_SST	ENSG00000122477	chr1	rs111334083	-0.110596129	AMR
AMR_subclass_IN_SST	ENSG00000122477	chr1	rs142100395	-0.111417748	AMR
AMR_subclass_IN_SST	ENSG00000122477	chr1	rs79560874	0.035900768	AMR
AMR_subclass_IN_SST	ENSG00000122477	chr1	rs76710376	0.035815969	AMR
AMR_subclass_IN_SST	ENSG00000122477	chr1	rs78338277	0.036673122	AMR
AMR_subclass_IN_SST	ENSG00000122477	chr1	rs76284941	-0.113670782	AMR
AMR_subclass_IN_SST	ENSG00000122477	chr1	rs77985565	-0.240594068	AMR
AMR_subclass_IN_SST	ENSG00000122477	chr1	rs373485640	0.04833544	AMR
AMR_subclass_IN_SST	ENSG00000122477	chr1	rs28364886	-0.239508452	AMR
AMR_subclass_IN_SST	ENSG00000122477	chr1	rs34467663	0.088019705	AMR
AMR_subclass_IN_SST	ENSG00000122477	chr1	rs151266771	-0.07782862	AMR
AMR_subclass_IN_SST	ENSG00000122477	chr1	rs10158411	0.044941919	AMR
AMR_subclass_IN_SST	ENSG00000122477	chr1	rs187673693	-0.078118806	AMR
AMR_subclass_IN_SST	ENSG00000122477	chr1	rs138984226	-0.076785538	AMR
AMR_subclass_IN_SST	ENSG00000122477	chr1	rs77927920	0.081316455	AMR
AMR_subclass_IN_SST	ENSG00000122477	chr1	rs116001455	0.08047912	AMR
AMR_subclass_IN_SST	ENSG00000122477	chr1	rs7535288	0.043550941	AMR
AMR_subclass_IN_SST	ENSG00000122507	chr7	rs7786636	0.1632314322	AMR
AMR_subclass_IN_SST	ENSG00000122507	chr7	rs112455354	0.0942686912	AMR
AMR_subclass_IN_SST	ENSG00000122507	chr7	rs3801330	0.0173965954	AMR
AMR_subclass_IN_SST	ENSG00000122507	chr7	rs113436984	0.0174595407	AMR
AMR_subclass_IN_SST	ENSG00000122507	chr7	rs41276006	0.0136868944	AMR
AMR_subclass_IN_SST	ENSG00000122507	chr7	rs10238940	-0.0046606934	AMR
AMR_subclass_IN_SST	ENSG00000122507	chr7	rs10255985	-0.0006938072	AMR
AMR_subclass_IN_SST	ENSG00000122507	chr7	rs11980117	-0.001082403	AMR
AMR_subclass_IN_SST	ENSG00000122507	chr7	rs10246229	-0.0016417599	AMR
AMR_subclass_IN_SST	ENSG00000122507	chr7	rs2122630	-0.0020131821	AMR
AMR_subclass_IN_SST	ENSG00000122507	chr7	rs28531724	-0.0540321977	AMR
AMR_subclass_IN_SST	ENSG00000122507	chr7	rs7786711	-0.0135266196	AMR
AMR_subclass_IN_SST	ENSG00000122507	chr7	rs12668520	-0.012381024	AMR
AMR_subclass_IN_SST	ENSG00000122507	chr7	rs141900096	-0.0114848851	AMR
AMR_subclass_IN_SST	ENSG00000122507	chr7	rs10259915	-0.1071961206	AMR
AMR_subclass_IN_SST	ENSG00000122507	chr7	rs7776834	-0.0519902902	AMR
AMR_subclass_IN_SST	ENSG00000122507	chr7	rs10257361	-0.1425321185	AMR
AMR_subclass_IN_SST	ENSG00000122507	chr7	rs76942557	-0.0367189535	AMR
AMR_subclass_IN_SST	ENSG00000122507	chr7	rs1420148	-0.0517713419	AMR
AMR_subclass_IN_SST	ENSG00000122507	chr7	rs76800784	-0.0779766176	AMR
AMR_subclass_IN_SST	ENSG00000122507	chr7	rs2700678	0.0031207592	AMR
AMR_subclass_IN_SST	ENSG00000122507	chr7	rs2247067	0.0872438451	AMR
AMR_subclass_IN_SST	ENSG00000122507	chr7	rs12535011	0.0599259895	AMR
AMR_subclass_IN_SST	ENSG00000122507	chr7	rs17170431	-0.0185441341	AMR
AMR_subclass_IN_SST	ENSG00000122507	chr7	rs1362921	0.1116239602	AMR
AMR_subclass_IN_SST	ENSG00000122507	chr7	rs16879292	-0.0030633823	AMR
AMR_subclass_IN_SST	ENSG00000122507	chr7	rs62449746	-0.2053335729	AMR
AMR_subclass_IN_SST	ENSG00000122507	chr7	rs13240286	-0.1562238055	AMR
AMR_subclass_IN_SST	ENSG00000122507	chr7	rs73098960	0.2088636009	AMR
AMR_subclass_IN_SST	ENSG00000122507	chr7	rs318576	-0.0121920802	AMR
AMR_subclass_IN_SST	ENSG00000122507	chr7	rs10447644	-0.1937196584	AMR
AMR_subclass_IN_SST	ENSG00000122591	chr7	rs11974678	-0.3251288466	AMR
AMR_subclass_IN_SST	ENSG00000122591	chr7	rs71526380	-0.2375842223	AMR
AMR_subclass_IN_SST	ENSG00000122591	chr7	rs28640950	-0.0733093202	AMR
AMR_subclass_IN_SST	ENSG00000122591	chr7	rs1174948	0.1185534797	AMR
AMR_subclass_IN_SST	ENSG00000122591	chr7	rs141226632	0.0968551393	AMR
AMR_subclass_IN_SST	ENSG00000122591	chr7	rs144050019	0.4492255681	AMR
AMR_subclass_IN_SST	ENSG00000122591	chr7	rs1637087	-0.0075385362	AMR
AMR_subclass_IN_SST	ENSG00000122591	chr7	rs2528932	0.0067202174	AMR
AMR_subclass_IN_SST	ENSG00000122591	chr7	rs7793513	0.0154632666	AMR
AMR_subclass_IN_SST	ENSG00000122591	chr7	rs3813380	-0.007052217	AMR
AMR_subclass_IN_SST	ENSG00000122591	chr7	rs6950173	-0.1053510791	AMR
AMR_subclass_IN_SST	ENSG00000122591	chr7	rs3823662	-0.1011051117	AMR
AMR_subclass_IN_SST	ENSG00000122591	chr7	rs10228107	-0.0319679065	AMR
AMR_subclass_IN_SST	ENSG00000122591	chr7	rs1362158	0.1251273436	AMR
AMR_subclass_IN_SST	ENSG00000122591	chr7	rs10225069	-0.1508829034	AMR
AMR_subclass_IN_SST	ENSG00000122591	chr7	rs10499551	-0.1244801224	AMR
AMR_subclass_IN_SST	ENSG00000122591	chr7	rs11772968	-0.1594525839	AMR
AMR_subclass_IN_SST	ENSG00000122591	chr7	rs1859781	-0.0026811487	AMR
AMR_subclass_IN_SST	ENSG00000122591	chr7	rs3114697	-0.0007422388	AMR
AMR_subclass_IN_SST	ENSG00000122591	chr7	rs3114700	-0.0001397659	AMR
AMR_subclass_IN_SST	ENSG00000122591	chr7	rs79464998	0.0914837487	AMR
AMR_subclass_IN_SST	ENSG00000122591	chr7	rs10234642	0.0382551869	AMR
AMR_subclass_IN_SST	ENSG00000122591	chr7	rs6961112	-0.0583602752	AMR
AMR_subclass_IN_SST	ENSG00000122591	chr7	rs12666499	-0.2322026925	AMR
AMR_subclass_IN_SST	ENSG00000122591	chr7	rs17147339	-0.0802966902	AMR
AMR_subclass_IN_SST	ENSG00000122591	chr7	rs62449834	0.0376339908	AMR
AMR_subclass_IN_SST	ENSG00000122591	chr7	rs62449835	0.0363894569	AMR
AMR_subclass_IN_SST	ENSG00000122591	chr7	rs73281643	0.0976587086	AMR
AMR_subclass_IN_SST	ENSG00000122591	chr7	rs35927640	-0.3324555568	AMR
AMR_subclass_IN_SST	ENSG00000122591	chr7	rs6959138	0.0955802316	AMR
AMR_subclass_IN_SST	ENSG00000122591	chr7	rs1978252	0.0280679076	AMR
AMR_subclass_IN_SST	ENSG00000122591	chr7	rs10248887	0.0037897149	AMR
AMR_subclass_IN_SST	ENSG00000122591	chr7	rs116315121	0.0288709728	AMR
AMR_subclass_IN_SST	ENSG00000122591	chr7	rs11984009	0.0286034187	AMR
AMR_subclass_IN_SST	ENSG00000122591	chr7	rs11771307	-0.0516425229	AMR
AMR_subclass_IN_SST	ENSG00000122591	chr7	rs6975743	0.0268171025	AMR
AMR_subclass_IN_SST	ENSG00000122591	chr7	rs12672950	-0.0249480907	AMR
AMR_subclass_IN_SST	ENSG00000122591	chr7	rs10950957	0.0340146894	AMR
AMR_subclass_IN_SST	ENSG00000122591	chr7	rs148694030	0.0689352953	AMR
AMR_subclass_IN_SST	ENSG00000122591	chr7	rs7811536	0.0104973971	AMR
AMR_subclass_IN_SST	ENSG00000122591	chr7	rs117105537	0.2049980206	AMR
AMR_subclass_IN_SST	ENSG00000122591	chr7	rs111578311	-0.152994414	AMR
AMR_subclass_IN_SST	ENSG00000122591	chr7	rs3757688	-0.1229349028	AMR
AMR_subclass_IN_SST	ENSG00000122591	chr7	rs73072477	-0.1090294352	AMR
AMR_subclass_IN_SST	ENSG00000122591	chr7	rs1549391	-0.0480027507	AMR
AMR_subclass_IN_SST	ENSG00000122591	chr7	rs74939858	0.13750873	AMR
AMR_subclass_IN_SST	ENSG00000122591	chr7	rs76764732	0.135516488	AMR
AMR_subclass_IN_SST	ENSG00000122591	chr7	rs10243617	-0.1028768717	AMR
AMR_subclass_IN_SST	ENSG00000122591	chr7	rs17148598	0.0954795969	AMR
AMR_subclass_IN_SST	ENSG00000122591	chr7	rs148848038	-0.0702908474	AMR
AMR_subclass_IN_SST	ENSG00000123154	chr19	rs35337531	-0.40697843	AMR
AMR_subclass_IN_SST	ENSG00000123154	chr19	rs17886698	-0.14142843	AMR
AMR_subclass_IN_SST	ENSG00000123154	chr19	rs8107352	-0.03509365	AMR
AMR_subclass_IN_SST	ENSG00000123154	chr19	rs4340440	-0.01974583	AMR
AMR_subclass_IN_SST	ENSG00000123154	chr19	rs10419522	-0.03154239	AMR
AMR_subclass_IN_SST	ENSG00000123154	chr19	rs56813330	0.01528338	AMR
AMR_subclass_IN_SST	ENSG00000123154	chr19	rs10403778	0.19156704	AMR
AMR_subclass_IN_SST	ENSG00000123154	chr19	rs111581010	-0.29777504	AMR
AMR_subclass_IN_SST	ENSG00000123360	chr12	rs2204785	0.038691086	AMR
AMR_subclass_IN_SST	ENSG00000123360	chr12	rs1248926	0.039697465	AMR
AMR_subclass_IN_SST	ENSG00000123360	chr12	rs115203664	-0.094801956	AMR
AMR_subclass_IN_SST	ENSG00000123360	chr12	rs35643724	-0.099887054	AMR
AMR_subclass_IN_SST	ENSG00000123360	chr12	rs894738	0.004829894	AMR
AMR_subclass_IN_SST	ENSG00000123360	chr12	rs894737	0.005092395	AMR
AMR_subclass_IN_SST	ENSG00000123360	chr12	rs754133	0.003859954	AMR
AMR_subclass_IN_SST	ENSG00000123360	chr12	rs116917848	0.334082327	AMR
AMR_subclass_IN_SST	ENSG00000123360	chr12	rs56241451	0.055804816	AMR
AMR_subclass_IN_SST	ENSG00000123416	chr12	rs143105813	0.091076746	AMR
AMR_subclass_IN_SST	ENSG00000123416	chr12	rs61941975	-0.213784919	AMR
AMR_subclass_IN_SST	ENSG00000123416	chr12	rs61942057	-0.090311053	AMR
AMR_subclass_IN_SST	ENSG00000123416	chr12	rs2279596	-0.019905355	AMR
AMR_subclass_IN_SST	ENSG00000123416	chr12	rs113142927	-0.09066872	AMR
AMR_subclass_IN_SST	ENSG00000123416	chr12	rs11168871	-0.090148178	AMR
AMR_subclass_IN_SST	ENSG00000123416	chr12	rs7306084	-0.001955315	AMR
AMR_subclass_IN_SST	ENSG00000123416	chr12	rs11168919	-0.087655011	AMR
AMR_subclass_IN_SST	ENSG00000123416	chr12	rs73297243	-0.243033476	AMR
AMR_subclass_IN_SST	ENSG00000123416	chr12	rs144397719	0.23552109	AMR
AMR_subclass_IN_SST	ENSG00000123416	chr12	rs2307084	0.041450966	AMR
AMR_subclass_IN_SST	ENSG00000123416	chr12	rs7979841	-0.047505879	AMR
AMR_subclass_IN_SST	ENSG00000123416	chr12	rs11830739	0.006563589	AMR
AMR_subclass_IN_SST	ENSG00000123416	chr12	rs1247806	-0.053985581	AMR
AMR_subclass_IN_SST	ENSG00000123416	chr12	rs2697113	0.053713464	AMR
AMR_subclass_IN_SST	ENSG00000124370	chr2	rs6729068	0.0226535041	AMR
AMR_subclass_IN_SST	ENSG00000124370	chr2	rs10207127	0.0215814282	AMR
AMR_subclass_IN_SST	ENSG00000124370	chr2	rs62145893	0.0009072034	AMR
AMR_subclass_IN_SST	ENSG00000124370	chr2	rs147592731	-0.1967817921	AMR
AMR_subclass_IN_SST	ENSG00000125037	chr3	rs62244907	-0.02097462	AMR
AMR_subclass_IN_SST	ENSG00000125037	chr3	rs71316417	-0.06861833	AMR
AMR_subclass_IN_SST	ENSG00000125037	chr3	rs71316422	-0.495979	AMR
AMR_subclass_IN_SST	ENSG00000125037	chr3	rs13078071	-0.02252245	AMR
AMR_subclass_IN_SST	ENSG00000125386	chr4	rs2754210	0.005733134	AMR
AMR_subclass_IN_SST	ENSG00000125386	chr4	rs86490	0.005300308	AMR
AMR_subclass_IN_SST	ENSG00000125386	chr4	rs659252	-0.050544049	AMR
AMR_subclass_IN_SST	ENSG00000125386	chr4	rs2233043	-0.122193307	AMR
AMR_subclass_IN_SST	ENSG00000125386	chr4	rs4974648	0.214824142	AMR
AMR_subclass_IN_SST	ENSG00000125386	chr4	rs390288	-0.073407686	AMR
AMR_subclass_IN_SST	ENSG00000125386	chr4	rs17778282	-0.011474704	AMR
AMR_subclass_IN_SST	ENSG00000125386	chr4	rs112370285	0.038136725	AMR
AMR_subclass_IN_SST	ENSG00000125386	chr4	rs7658462	0.168744327	AMR
AMR_subclass_IN_SST	ENSG00000125386	chr4	rs111673417	0.095501658	AMR
AMR_subclass_IN_SST	ENSG00000125386	chr4	rs10019149	0.081817572	AMR
AMR_subclass_IN_SST	ENSG00000125386	chr4	rs10019922	0.297892665	AMR
AMR_subclass_IN_SST	ENSG00000125386	chr4	rs4690103	-0.044061969	AMR
AMR_subclass_IN_SST	ENSG00000125386	chr4	rs116262719	-0.131999401	AMR
AMR_subclass_IN_SST	ENSG00000125386	chr4	rs11549512	-0.132270285	AMR
AMR_subclass_IN_SST	ENSG00000125386	chr4	rs4916619	0.013419278	AMR
AMR_subclass_IN_SST	ENSG00000125651	chr19	rs7247217	-0.10870642	AMR
AMR_subclass_IN_SST	ENSG00000125651	chr19	rs34076416	-0.398459997	AMR
AMR_subclass_IN_SST	ENSG00000125651	chr19	rs74805962	-0.00548622	AMR
AMR_subclass_IN_SST	ENSG00000125651	chr19	rs73920230	-0.003722756	AMR
AMR_subclass_IN_SST	ENSG00000125651	chr19	rs111727884	-0.001756899	AMR
AMR_subclass_IN_SST	ENSG00000125691	chr17	rs184256	-0.001481958	AMR
AMR_subclass_IN_SST	ENSG00000125691	chr17	rs2944737	-0.005613913	AMR
AMR_subclass_IN_SST	ENSG00000125691	chr17	rs62075976	0.018330888	AMR
AMR_subclass_IN_SST	ENSG00000125691	chr17	rs4794772	0.045426091	AMR
AMR_subclass_IN_SST	ENSG00000125691	chr17	rs8076376	0.02030617	AMR
AMR_subclass_IN_SST	ENSG00000125691	chr17	rs11559007	0.020327434	AMR
AMR_subclass_IN_SST	ENSG00000125691	chr17	rs111849026	0.020240329	AMR
AMR_subclass_IN_SST	ENSG00000125691	chr17	rs55888864	0.207562605	AMR
AMR_subclass_IN_SST	ENSG00000125691	chr17	rs3785457	-0.147371659	AMR
AMR_subclass_IN_SST	ENSG00000125691	chr17	rs143092484	-0.098885311	AMR
AMR_subclass_IN_SST	ENSG00000125691	chr17	rs11870847	-0.033315873	AMR
AMR_subclass_IN_SST	ENSG00000125691	chr17	rs35799865	-0.05009056	AMR
AMR_subclass_IN_SST	ENSG00000125691	chr17	rs34968393	-0.049252715	AMR
AMR_subclass_IN_SST	ENSG00000125691	chr17	rs8074192	-0.043095124	AMR
AMR_subclass_IN_SST	ENSG00000125691	chr17	rs12944632	-0.032429449	AMR
AMR_subclass_IN_SST	ENSG00000125691	chr17	rs12952054	-0.002752574	AMR
AMR_subclass_IN_SST	ENSG00000125691	chr17	rs7207737	-0.023603374	AMR
AMR_subclass_IN_SST	ENSG00000125691	chr17	rs16495	0.118138381	AMR
AMR_subclass_IN_SST	ENSG00000125691	chr17	rs750410	-0.034735518	AMR
AMR_subclass_IN_SST	ENSG00000125691	chr17	rs3025203	-0.031811323	AMR
AMR_subclass_IN_SST	ENSG00000125691	chr17	rs78334889	-0.077074835	AMR
AMR_subclass_IN_SST	ENSG00000125691	chr17	rs113168482	-0.061397074	AMR
AMR_subclass_IN_SST	ENSG00000125691	chr17	rs144516165	-0.064065274	AMR
AMR_subclass_IN_SST	ENSG00000127083	chr9	rs78693496	0.022450654	AMR
AMR_subclass_IN_SST	ENSG00000127083	chr9	rs7032274	-0.008246506	AMR
AMR_subclass_IN_SST	ENSG00000127083	chr9	rs1032407	-0.009046852	AMR
AMR_subclass_IN_SST	ENSG00000127083	chr9	rs10761124	-0.009478996	AMR
AMR_subclass_IN_SST	ENSG00000127083	chr9	rs10820888	-0.009069012	AMR
AMR_subclass_IN_SST	ENSG00000127083	chr9	rs2387871	-0.004454893	AMR
AMR_subclass_IN_SST	ENSG00000127083	chr9	rs3858097	0.019540451	AMR
AMR_subclass_IN_SST	ENSG00000127083	chr9	rs7872739	0.058063821	AMR
AMR_subclass_IN_SST	ENSG00000127083	chr9	rs10992348	0.077841807	AMR
AMR_subclass_IN_SST	ENSG00000127083	chr9	rs10992350	0.077904547	AMR
AMR_subclass_IN_SST	ENSG00000127083	chr9	rs331377	-0.010992744	AMR
AMR_subclass_IN_SST	ENSG00000127083	chr9	rs331381	-0.011256384	AMR
AMR_subclass_IN_SST	ENSG00000127083	chr9	rs331379	-0.010833507	AMR
AMR_subclass_IN_SST	ENSG00000127083	chr9	rs12347857	0.056581259	AMR
AMR_subclass_IN_SST	ENSG00000127083	chr9	rs7849927	0.044601008	AMR
AMR_subclass_IN_SST	ENSG00000127083	chr9	rs7868651	0.072172251	AMR
AMR_subclass_IN_SST	ENSG00000127947	chr7	rs150437691	-0.068527215	AMR
AMR_subclass_IN_SST	ENSG00000127947	chr7	rs17151689	-0.053006585	AMR
AMR_subclass_IN_SST	ENSG00000127947	chr7	rs78013032	-0.050870857	AMR
AMR_subclass_IN_SST	ENSG00000127947	chr7	rs72508683	0.058397985	AMR
AMR_subclass_IN_SST	ENSG00000127947	chr7	rs60834657	0.014210773	AMR
AMR_subclass_IN_SST	ENSG00000127947	chr7	rs6960631	0.031855455	AMR
AMR_subclass_IN_SST	ENSG00000127947	chr7	rs11769259	-0.055611859	AMR
AMR_subclass_IN_SST	ENSG00000127947	chr7	rs67745553	-0.07322085	AMR
AMR_subclass_IN_SST	ENSG00000127947	chr7	rs10953304	-0.004791955	AMR
AMR_subclass_IN_SST	ENSG00000127947	chr7	rs2903929	-0.140119116	AMR
AMR_subclass_IN_SST	ENSG00000127947	chr7	rs139883118	0.017388115	AMR
AMR_subclass_IN_SST	ENSG00000127947	chr7	rs12667208	0.024755615	AMR
AMR_subclass_IN_SST	ENSG00000127947	chr7	rs12537313	-0.135384673	AMR
AMR_subclass_IN_SST	ENSG00000127947	chr7	rs58067153	-0.246921759	AMR
AMR_subclass_IN_SST	ENSG00000127947	chr7	rs7779312	-0.063760433	AMR
AMR_subclass_IN_SST	ENSG00000127947	chr7	rs7809117	-0.070116253	AMR
AMR_subclass_IN_SST	ENSG00000127947	chr7	rs2627539	-0.097124939	AMR
AMR_subclass_IN_SST	ENSG00000127993	chr7	rs62467820	-0.3767837133	AMR
AMR_subclass_IN_SST	ENSG00000127993	chr7	rs117809044	0.4663196344	AMR
AMR_subclass_IN_SST	ENSG00000127993	chr7	rs6953959	0.0074042338	AMR
AMR_subclass_IN_SST	ENSG00000127993	chr7	rs35149498	0.0845915077	AMR
AMR_subclass_IN_SST	ENSG00000127993	chr7	rs2013491	0.0607721089	AMR
AMR_subclass_IN_SST	ENSG00000127993	chr7	rs139076726	-0.0645167518	AMR
AMR_subclass_IN_SST	ENSG00000127993	chr7	rs2287179	-0.0628512283	AMR
AMR_subclass_IN_SST	ENSG00000127993	chr7	rs76041147	-0.0626114502	AMR
AMR_subclass_IN_SST	ENSG00000127993	chr7	rs111679625	-0.0613202741	AMR
AMR_subclass_IN_SST	ENSG00000127993	chr7	rs35766680	-0.4236063889	AMR
AMR_subclass_IN_SST	ENSG00000127993	chr7	rs2066743	-0.3150418215	AMR
AMR_subclass_IN_SST	ENSG00000127993	chr7	rs111870660	-0.0600534478	AMR
AMR_subclass_IN_SST	ENSG00000127993	chr7	rs929412	-0.0584408492	AMR
AMR_subclass_IN_SST	ENSG00000127993	chr7	rs61571230	-0.0569345463	AMR
AMR_subclass_IN_SST	ENSG00000127993	chr7	rs111702206	-0.0301859351	AMR
AMR_subclass_IN_SST	ENSG00000127993	chr7	rs1541380	0.0817624883	AMR
AMR_subclass_IN_SST	ENSG00000127993	chr7	rs2237575	0.0940824767	AMR
AMR_subclass_IN_SST	ENSG00000127993	chr7	rs3731283	0.0510754016	AMR
AMR_subclass_IN_SST	ENSG00000127993	chr7	rs78581841	0.0225459722	AMR
AMR_subclass_IN_SST	ENSG00000127993	chr7	rs73407739	-0.118059255	AMR
AMR_subclass_IN_SST	ENSG00000127993	chr7	rs10276763	-0.0040852036	AMR
AMR_subclass_IN_SST	ENSG00000127993	chr7	rs6972817	-0.0046371285	AMR
AMR_subclass_IN_SST	ENSG00000127993	chr7	rs6978432	-0.0032717538	AMR
AMR_subclass_IN_SST	ENSG00000127993	chr7	rs6950503	-0.0021281621	AMR
AMR_subclass_IN_SST	ENSG00000127993	chr7	rs6961866	-0.0004466703	AMR
AMR_subclass_IN_SST	ENSG00000127993	chr7	rs34687820	-0.1005812223	AMR
AMR_subclass_IN_SST	ENSG00000127993	chr7	rs12666491	0.2053211714	AMR
AMR_subclass_IN_SST	ENSG00000127993	chr7	rs12667283	0.0092097546	AMR
AMR_subclass_IN_SST	ENSG00000127993	chr7	rs76741767	-0.0600329798	AMR
AMR_subclass_IN_SST	ENSG00000127993	chr7	rs144304969	0.1300431978	AMR
AMR_subclass_IN_SST	ENSG00000127993	chr7	rs79009299	0.1630976567	AMR
AMR_subclass_IN_SST	ENSG00000127993	chr7	rs75873668	-0.1924965288	AMR
AMR_subclass_IN_SST	ENSG00000127993	chr7	rs10243420	0.0108226795	AMR
AMR_subclass_IN_SST	ENSG00000127993	chr7	rs6465381	0.0385234331	AMR
AMR_subclass_IN_SST	ENSG00000127993	chr7	rs77421373	0.2932123294	AMR
AMR_subclass_IN_SST	ENSG00000127993	chr7	rs17795306	-0.021274736	AMR
AMR_subclass_IN_SST	ENSG00000127993	chr7	rs13223317	-0.0210780846	AMR
AMR_subclass_IN_SST	ENSG00000127993	chr7	rs4141362	-0.0205153955	AMR
AMR_subclass_IN_SST	ENSG00000127993	chr7	rs79116681	-0.1402940965	AMR
AMR_subclass_IN_SST	ENSG00000128487	chr17	rs1621499	0.0126707	AMR
AMR_subclass_IN_SST	ENSG00000128487	chr17	rs3785787	-0.002507785	AMR
AMR_subclass_IN_SST	ENSG00000128487	chr17	rs9899649	0.091737772	AMR
AMR_subclass_IN_SST	ENSG00000128487	chr17	rs76038315	0.202746434	AMR
AMR_subclass_IN_SST	ENSG00000128487	chr17	rs146662795	-0.034431662	AMR
AMR_subclass_IN_SST	ENSG00000128487	chr17	rs59086512	0.004952361	AMR
AMR_subclass_IN_SST	ENSG00000128487	chr17	rs61514774	0.026872003	AMR
AMR_subclass_IN_SST	ENSG00000128487	chr17	rs9901662	-0.014828935	AMR
AMR_subclass_IN_SST	ENSG00000128487	chr17	rs9892500	-0.014502536	AMR
AMR_subclass_IN_SST	ENSG00000128487	chr17	rs79267020	-0.054632972	AMR
AMR_subclass_IN_SST	ENSG00000128487	chr17	rs111233471	-0.054470763	AMR
AMR_subclass_IN_SST	ENSG00000128487	chr17	rs12938201	-0.170627213	AMR
AMR_subclass_IN_SST	ENSG00000128487	chr17	rs77776182	-0.070565681	AMR
AMR_subclass_IN_SST	ENSG00000128487	chr17	rs147712098	-0.307265758	AMR
AMR_subclass_IN_SST	ENSG00000128487	chr17	rs72841999	0.005981094	AMR
AMR_subclass_IN_SST	ENSG00000128487	chr17	rs7219770	0.057149373	AMR
AMR_subclass_IN_SST	ENSG00000128487	chr17	rs7223910	0.057965698	AMR
AMR_subclass_IN_SST	ENSG00000128487	chr17	rs55814709	0.00838356	AMR
AMR_subclass_IN_SST	ENSG00000128487	chr17	rs55939726	0.008827023	AMR
AMR_subclass_IN_SST	ENSG00000128487	chr17	rs72830128	0.008506978	AMR
AMR_subclass_IN_SST	ENSG00000128487	chr17	rs55832890	0.008275208	AMR
AMR_subclass_IN_SST	ENSG00000128487	chr17	rs72830145	0.008220559	AMR
AMR_subclass_IN_SST	ENSG00000128487	chr17	rs72830153	0.008146821	AMR
AMR_subclass_IN_SST	ENSG00000128487	chr17	rs148820609	0.007870293	AMR
AMR_subclass_IN_SST	ENSG00000128487	chr17	rs74255387	0.102614538	AMR
AMR_subclass_IN_SST	ENSG00000128487	chr17	rs2703770	-0.055363808	AMR
AMR_subclass_IN_SST	ENSG00000128487	chr17	rs72830202	0.00731207	AMR
AMR_subclass_IN_SST	ENSG00000128487	chr17	rs72832508	0.006462076	AMR
AMR_subclass_IN_SST	ENSG00000128487	chr17	rs72832515	0.005429947	AMR
AMR_subclass_IN_SST	ENSG00000128487	chr17	rs72832520	0.004338146	AMR
AMR_subclass_IN_SST	ENSG00000128487	chr17	rs55650639	0.003296299	AMR
AMR_subclass_IN_SST	ENSG00000128487	chr17	rs72832522	0.00238589	AMR
AMR_subclass_IN_SST	ENSG00000128487	chr17	rs56020078	0.00164932	AMR
AMR_subclass_IN_SST	ENSG00000128487	chr17	rs111818248	-0.035550008	AMR
AMR_subclass_IN_SST	ENSG00000128487	chr17	rs56076172	0.160134601	AMR
AMR_subclass_IN_SST	ENSG00000128487	chr17	rs2958471	0.078495204	AMR
AMR_subclass_IN_SST	ENSG00000128487	chr17	rs16962515	-0.097674038	AMR
AMR_subclass_IN_SST	ENSG00000128487	chr17	rs72838165	0.044495018	AMR
AMR_subclass_IN_SST	ENSG00000128487	chr17	rs139692109	0.043243442	AMR
AMR_subclass_IN_SST	ENSG00000128487	chr17	rs55985304	-0.014229383	AMR
AMR_subclass_IN_SST	ENSG00000128487	chr17	rs62056767	-0.031293027	AMR
AMR_subclass_IN_SST	ENSG00000128487	chr17	rs149062779	0.037788723	AMR
AMR_subclass_IN_SST	ENSG00000128487	chr17	rs117843447	0.054477715	AMR
AMR_subclass_IN_SST	ENSG00000128487	chr17	rs529629621	0.004151216	AMR
AMR_subclass_IN_SST	ENSG00000128487	chr17	rs117047065	-0.270409123	AMR
AMR_subclass_IN_SST	ENSG00000128641	chr2	rs34752171	-0.0602095493	AMR
AMR_subclass_IN_SST	ENSG00000128641	chr2	rs112117441	-0.0674293408	AMR
AMR_subclass_IN_SST	ENSG00000128641	chr2	rs60986316	0.0050683703	AMR
AMR_subclass_IN_SST	ENSG00000128641	chr2	rs17745140	-0.0191441967	AMR
AMR_subclass_IN_SST	ENSG00000128641	chr2	rs12623203	-0.0271133225	AMR
AMR_subclass_IN_SST	ENSG00000128641	chr2	rs12612666	-0.0419972444	AMR
AMR_subclass_IN_SST	ENSG00000128641	chr2	rs4853514	-0.0406865304	AMR
AMR_subclass_IN_SST	ENSG00000128641	chr2	rs1263146	0.0122570591	AMR
AMR_subclass_IN_SST	ENSG00000128641	chr2	rs78483293	-0.2180258765	AMR
AMR_subclass_IN_SST	ENSG00000128641	chr2	rs1263097	0.0384729401	AMR
AMR_subclass_IN_SST	ENSG00000128641	chr2	rs7599561	0.040538452	AMR
AMR_subclass_IN_SST	ENSG00000128641	chr2	rs11885069	0.0713991137	AMR
AMR_subclass_IN_SST	ENSG00000128641	chr2	rs3024879	-0.0321487064	AMR
AMR_subclass_IN_SST	ENSG00000128641	chr2	rs7601754	-0.0447956587	AMR
AMR_subclass_IN_SST	ENSG00000128641	chr2	rs13010823	-0.2073677317	AMR
AMR_subclass_IN_SST	ENSG00000128641	chr2	rs12988825	-0.2064762259	AMR
AMR_subclass_IN_SST	ENSG00000128641	chr2	rs7606940	0.0100140837	AMR
AMR_subclass_IN_SST	ENSG00000128641	chr2	rs7594609	0.0156520998	AMR
AMR_subclass_IN_SST	ENSG00000128641	chr2	rs7569465	0.1156761245	AMR
AMR_subclass_IN_SST	ENSG00000128641	chr2	rs6434458	0.3234628009	AMR
AMR_subclass_IN_SST	ENSG00000128641	chr2	rs1470961	-0.0336103621	AMR
AMR_subclass_IN_SST	ENSG00000128641	chr2	rs11898504	0.0342204446	AMR
AMR_subclass_IN_SST	ENSG00000128641	chr2	rs10199164	0.0023170174	AMR
AMR_subclass_IN_SST	ENSG00000128641	chr2	rs6434463	0.0006344047	AMR
AMR_subclass_IN_SST	ENSG00000128641	chr2	rs6736119	0.0003261237	AMR
AMR_subclass_IN_SST	ENSG00000128641	chr2	rs6721262	0.0015881423	AMR
AMR_subclass_IN_SST	ENSG00000128641	chr2	rs10182568	0.0028780722	AMR
AMR_subclass_IN_SST	ENSG00000128641	chr2	rs10184448	0.0038039477	AMR
AMR_subclass_IN_SST	ENSG00000128641	chr2	rs7571615	0.004420344	AMR
AMR_subclass_IN_SST	ENSG00000128641	chr2	rs6747072	0.0047947361	AMR
AMR_subclass_IN_SST	ENSG00000128641	chr2	rs4076832	0.0050025333	AMR
AMR_subclass_IN_SST	ENSG00000128641	chr2	rs4077255	0.0051300506	AMR
AMR_subclass_IN_SST	ENSG00000128641	chr2	rs1517838	-0.0355223246	AMR
AMR_subclass_IN_SST	ENSG00000128641	chr2	rs1517837	0.0651289736	AMR
AMR_subclass_IN_SST	ENSG00000128641	chr2	rs6742999	0.3338778978	AMR
AMR_subclass_IN_SST	ENSG00000128641	chr2	rs72918519	-0.0395006876	AMR
AMR_subclass_IN_SST	ENSG00000128641	chr2	rs7566141	0.2087504097	AMR
AMR_subclass_IN_SST	ENSG00000128641	chr2	rs16833768	-0.0273728278	AMR
AMR_subclass_IN_SST	ENSG00000128641	chr2	rs10205961	-0.0260377316	AMR
AMR_subclass_IN_SST	ENSG00000128641	chr2	rs5015847	0.0073448363	AMR
AMR_subclass_IN_SST	ENSG00000128641	chr2	rs7419304	-0.1141496806	AMR
AMR_subclass_IN_SST	ENSG00000128641	chr2	rs2356654	-0.113722958	AMR
AMR_subclass_IN_SST	ENSG00000128641	chr2	rs7579881	-0.1016158055	AMR
AMR_subclass_IN_SST	ENSG00000128641	chr2	rs13412810	-0.0429405266	AMR
AMR_subclass_IN_SST	ENSG00000128641	chr2	rs13400576	-0.017543552	AMR
AMR_subclass_IN_SST	ENSG00000128641	chr2	rs62179748	-0.0316992022	AMR
AMR_subclass_IN_SST	ENSG00000128641	chr2	rs115240517	-0.1483323457	AMR
AMR_subclass_IN_SST	ENSG00000128641	chr2	rs13035710	-0.1677982945	AMR
AMR_subclass_IN_SST	ENSG00000128641	chr2	rs34053714	-0.1108073086	AMR
AMR_subclass_IN_SST	ENSG00000128641	chr2	rs75610640	0.0619095779	AMR
AMR_subclass_IN_SST	ENSG00000128641	chr2	rs80113293	0.0048653039	AMR
AMR_subclass_IN_SST	ENSG00000128641	chr2	rs12464838	0.0056846823	AMR
AMR_subclass_IN_SST	ENSG00000128641	chr2	rs11888351	0.0058956055	AMR
AMR_subclass_IN_SST	ENSG00000128641	chr2	rs34924773	-0.0185126432	AMR
AMR_subclass_IN_SST	ENSG00000128641	chr2	rs12620406	-0.0207243206	AMR
AMR_subclass_IN_SST	ENSG00000128641	chr2	rs10202549	0.005926518	AMR
AMR_subclass_IN_SST	ENSG00000128641	chr2	rs11903675	0.0058668355	AMR
AMR_subclass_IN_SST	ENSG00000128641	chr2	rs11903757	0.0058642431	AMR
AMR_subclass_IN_SST	ENSG00000128641	chr2	rs72908478	0.0279771056	AMR
AMR_subclass_IN_SST	ENSG00000128641	chr2	rs79051797	0.1439238358	AMR
AMR_subclass_IN_SST	ENSG00000128641	chr2	rs72910404	0.142118416	AMR
AMR_subclass_IN_SST	ENSG00000128641	chr2	rs144714993	0.1286576162	AMR
AMR_subclass_IN_SST	ENSG00000128641	chr2	rs62179924	-0.0224988822	AMR
AMR_subclass_IN_SST	ENSG00000128641	chr2	rs143961538	-0.3211990159	AMR
AMR_subclass_IN_SST	ENSG00000128641	chr2	rs4629108	-0.0560955895	AMR
AMR_subclass_IN_SST	ENSG00000128641	chr2	rs6434514	-0.0211086731	AMR
AMR_subclass_IN_SST	ENSG00000128641	chr2	rs78598566	0.0675133952	AMR
AMR_subclass_IN_SST	ENSG00000128641	chr2	rs6714328	-0.014153886	AMR
AMR_subclass_IN_SST	ENSG00000128641	chr2	rs7568281	-0.0376154053	AMR
AMR_subclass_IN_SST	ENSG00000128641	chr2	rs4416162	-0.0348466753	AMR
AMR_subclass_IN_SST	ENSG00000128641	chr2	rs11680872	-0.0297234116	AMR
AMR_subclass_IN_SST	ENSG00000128641	chr2	rs2356941	-0.0120599676	AMR
AMR_subclass_IN_SST	ENSG00000128641	chr2	rs79501407	0.0259680598	AMR
AMR_subclass_IN_SST	ENSG00000128641	chr2	rs78041885	0.0266639003	AMR
AMR_subclass_IN_SST	ENSG00000128641	chr2	rs79920102	0.0249934061	AMR
AMR_subclass_IN_SST	ENSG00000128641	chr2	rs7563156	0.0234022835	AMR
AMR_subclass_IN_SST	ENSG00000128891	chr15	rs79243257	-0.002939948	AMR
AMR_subclass_IN_SST	ENSG00000128891	chr15	rs57961139	0.059741499	AMR
AMR_subclass_IN_SST	ENSG00000128891	chr15	rs17646847	-0.045972028	AMR
AMR_subclass_IN_SST	ENSG00000128891	chr15	rs79938608	0.001793911	AMR
AMR_subclass_IN_SST	ENSG00000128891	chr15	rs57489891	0.001716926	AMR
AMR_subclass_IN_SST	ENSG00000128891	chr15	rs749705	0.071044495	AMR
AMR_subclass_IN_SST	ENSG00000128891	chr15	rs77820631	0.026676126	AMR
AMR_subclass_IN_SST	ENSG00000128891	chr15	rs10152886	0.076622834	AMR
AMR_subclass_IN_SST	ENSG00000128891	chr15	rs547183	-0.010684068	AMR
AMR_subclass_IN_SST	ENSG00000128891	chr15	rs522933	-0.010896579	AMR
AMR_subclass_IN_SST	ENSG00000128891	chr15	rs12901065	-0.010592063	AMR
AMR_subclass_IN_SST	ENSG00000128891	chr15	rs3986354	0.034564489	AMR
AMR_subclass_IN_SST	ENSG00000128891	chr15	rs35284033	0.043782386	AMR
AMR_subclass_IN_SST	ENSG00000128891	chr15	rs748556	-0.0032339	AMR
AMR_subclass_IN_SST	ENSG00000128891	chr15	rs28429209	-0.170875131	AMR
AMR_subclass_IN_SST	ENSG00000128891	chr15	rs1659563	0.00212916	AMR
AMR_subclass_IN_SST	ENSG00000128891	chr15	rs4244580	0.110124577	AMR
AMR_subclass_IN_SST	ENSG00000128891	chr15	rs2444303	0.024493855	AMR
AMR_subclass_IN_SST	ENSG00000128891	chr15	rs28647196	-0.058851076	AMR
AMR_subclass_IN_SST	ENSG00000128891	chr15	rs12913296	-0.028768465	AMR
AMR_subclass_IN_SST	ENSG00000128891	chr15	rs1044474	-0.02860742	AMR
AMR_subclass_IN_SST	ENSG00000128891	chr15	rs17673703	-0.028959775	AMR
AMR_subclass_IN_SST	ENSG00000128891	chr15	rs10467972	0.003097453	AMR
AMR_subclass_IN_SST	ENSG00000128891	chr15	rs55640412	0.017550315	AMR
AMR_subclass_IN_SST	ENSG00000128891	chr15	rs7170288	-0.029994651	AMR
AMR_subclass_IN_SST	ENSG00000128891	chr15	rs1058734	-0.030062004	AMR
AMR_subclass_IN_SST	ENSG00000128891	chr15	rs1901775	0.017352328	AMR
AMR_subclass_IN_SST	ENSG00000128891	chr15	rs12385982	-0.023479302	AMR
AMR_subclass_IN_SST	ENSG00000128891	chr15	rs17747423	-0.126053677	AMR
AMR_subclass_IN_SST	ENSG00000129990	chr19	rs10413513	0.0623306808	AMR
AMR_subclass_IN_SST	ENSG00000129990	chr19	rs2071574	0.0026984206	AMR
AMR_subclass_IN_SST	ENSG00000129990	chr19	rs75551131	0.0013902123	AMR
AMR_subclass_IN_SST	ENSG00000129990	chr19	rs12459917	0.0008882044	AMR
AMR_subclass_IN_SST	ENSG00000129990	chr19	rs12459930	0.0010674042	AMR
AMR_subclass_IN_SST	ENSG00000129990	chr19	rs12462211	0.0014565821	AMR
AMR_subclass_IN_SST	ENSG00000129990	chr19	rs12459887	0.0018271683	AMR
AMR_subclass_IN_SST	ENSG00000129990	chr19	rs12459921	0.0021531843	AMR
AMR_subclass_IN_SST	ENSG00000129990	chr19	rs1128712	0.0024654749	AMR
AMR_subclass_IN_SST	ENSG00000129990	chr19	rs75800164	0.00278392	AMR
AMR_subclass_IN_SST	ENSG00000129990	chr19	rs12460445	0.003107077	AMR
AMR_subclass_IN_SST	ENSG00000129990	chr19	rs79987561	0.0034193429	AMR
AMR_subclass_IN_SST	ENSG00000129990	chr19	rs79213684	0.0036997552	AMR
AMR_subclass_IN_SST	ENSG00000129990	chr19	rs76959352	0.0039293738	AMR
AMR_subclass_IN_SST	ENSG00000129990	chr19	rs12461148	0.0040963729	AMR
AMR_subclass_IN_SST	ENSG00000129990	chr19	rs12461195	0.0041980585	AMR
AMR_subclass_IN_SST	ENSG00000129990	chr19	rs61570139	0.0200339945	AMR
AMR_subclass_IN_SST	ENSG00000129990	chr19	rs56666700	0.0197161247	AMR
AMR_subclass_IN_SST	ENSG00000129990	chr19	rs12459688	0.0451313415	AMR
AMR_subclass_IN_SST	ENSG00000129990	chr19	rs2301278	0.0580202262	AMR
AMR_subclass_IN_SST	ENSG00000129990	chr19	rs3760868	0.048644845	AMR
AMR_subclass_IN_SST	ENSG00000129990	chr19	rs12610709	-0.0140826226	AMR
AMR_subclass_IN_SST	ENSG00000129990	chr19	rs310468	0.0261362174	AMR
AMR_subclass_IN_SST	ENSG00000129990	chr19	rs139722045	0.026150914	AMR
AMR_subclass_IN_SST	ENSG00000130332	chr19	rs149972721	-0.5403612	AMR
AMR_subclass_IN_SST	ENSG00000130653	chr9	rs7852910	0.0090966872	AMR
AMR_subclass_IN_SST	ENSG00000130653	chr9	rs17244418	0.1399224521	AMR
AMR_subclass_IN_SST	ENSG00000130653	chr9	rs35565226	-0.0917350628	AMR
AMR_subclass_IN_SST	ENSG00000130653	chr9	rs1045777	0.0419152651	AMR
AMR_subclass_IN_SST	ENSG00000130653	chr9	rs2501554	0.0315681433	AMR
AMR_subclass_IN_SST	ENSG00000130653	chr9	rs2501566	0.0393305438	AMR
AMR_subclass_IN_SST	ENSG00000130653	chr9	rs2353770	0.0488544836	AMR
AMR_subclass_IN_SST	ENSG00000130653	chr9	rs10780181	0.0079446736	AMR
AMR_subclass_IN_SST	ENSG00000130653	chr9	rs9314635	0.0234691613	AMR
AMR_subclass_IN_SST	ENSG00000130653	chr9	rs4979641	0.0004917332	AMR
AMR_subclass_IN_SST	ENSG00000130653	chr9	rs11137195	0.0774429309	AMR
AMR_subclass_IN_SST	ENSG00000130653	chr9	rs1129767	0.0777913182	AMR
AMR_subclass_IN_SST	ENSG00000130653	chr9	rs4876902	0.0210141439	AMR
AMR_subclass_IN_SST	ENSG00000130653	chr9	rs12379222	-0.0051616335	AMR
AMR_subclass_IN_SST	ENSG00000130653	chr9	rs11137271	-0.0042346543	AMR
AMR_subclass_IN_SST	ENSG00000130653	chr9	rs113169570	-0.0002999964	AMR
AMR_subclass_IN_SST	ENSG00000130717	chr9	rs12344653	0.0082827722	AMR
AMR_subclass_IN_SST	ENSG00000130717	chr9	rs13301619	0.0218166809	AMR
AMR_subclass_IN_SST	ENSG00000130717	chr9	rs34329008	0.2323996404	AMR
AMR_subclass_IN_SST	ENSG00000130717	chr9	rs12377664	0.0248314935	AMR
AMR_subclass_IN_SST	ENSG00000130717	chr9	rs10114591	-0.0369564087	AMR
AMR_subclass_IN_SST	ENSG00000130717	chr9	rs12001696	-0.1127987464	AMR
AMR_subclass_IN_SST	ENSG00000130717	chr9	rs2282004	-0.0077348204	AMR
AMR_subclass_IN_SST	ENSG00000130717	chr9	rs11243454	-0.0082980226	AMR
AMR_subclass_IN_SST	ENSG00000130717	chr9	rs17148102	-0.0084095895	AMR
AMR_subclass_IN_SST	ENSG00000130717	chr9	rs4740296	-0.0078292775	AMR
AMR_subclass_IN_SST	ENSG00000130717	chr9	rs1041264	-0.0440097971	AMR
AMR_subclass_IN_SST	ENSG00000130717	chr9	rs4237114	-0.0943448201	AMR
AMR_subclass_IN_SST	ENSG00000130717	chr9	rs4740310	-0.0940558038	AMR
AMR_subclass_IN_SST	ENSG00000130717	chr9	rs77880758	0.082173197	AMR
AMR_subclass_IN_SST	ENSG00000130717	chr9	rs11793912	-0.0037065545	AMR
AMR_subclass_IN_SST	ENSG00000130717	chr9	rs140617190	0.0272405315	AMR
AMR_subclass_IN_SST	ENSG00000130717	chr9	rs10119807	-0.0516353879	AMR
AMR_subclass_IN_SST	ENSG00000130717	chr9	rs59766488	-0.2412122036	AMR
AMR_subclass_IN_SST	ENSG00000130717	chr9	rs10117804	0.0008236314	AMR
AMR_subclass_IN_SST	ENSG00000131368	chr3	rs76016706	0.0193702	AMR
AMR_subclass_IN_SST	ENSG00000131368	chr3	rs7651825	-0.10820581	AMR
AMR_subclass_IN_SST	ENSG00000131368	chr3	rs11716175	-0.1083443	AMR
AMR_subclass_IN_SST	ENSG00000131368	chr3	rs115031099	-0.03312354	AMR
AMR_subclass_IN_SST	ENSG00000131368	chr3	rs6773439	0.04505831	AMR
AMR_subclass_IN_SST	ENSG00000131368	chr3	rs2089054	-0.04908043	AMR
AMR_subclass_IN_SST	ENSG00000131368	chr3	rs869568	-0.04882369	AMR
AMR_subclass_IN_SST	ENSG00000131379	chr3	rs13063134	0.035928967	AMR
AMR_subclass_IN_SST	ENSG00000131379	chr3	rs34884730	0.023101014	AMR
AMR_subclass_IN_SST	ENSG00000131379	chr3	rs114667998	0.096297627	AMR
AMR_subclass_IN_SST	ENSG00000131379	chr3	rs2974389	-0.002455685	AMR
AMR_subclass_IN_SST	ENSG00000131379	chr3	rs9864530	-0.002563342	AMR
AMR_subclass_IN_SST	ENSG00000131379	chr3	rs7634577	-0.002925927	AMR
AMR_subclass_IN_SST	ENSG00000131379	chr3	rs9847633	-0.003238996	AMR
AMR_subclass_IN_SST	ENSG00000131379	chr3	rs7612911	-0.04474994	AMR
AMR_subclass_IN_SST	ENSG00000131379	chr3	rs4257528	-0.002241302	AMR
AMR_subclass_IN_SST	ENSG00000131379	chr3	rs4437127	-0.002304754	AMR
AMR_subclass_IN_SST	ENSG00000131379	chr3	rs7615332	-0.002461091	AMR
AMR_subclass_IN_SST	ENSG00000131379	chr3	rs13089135	-0.002559581	AMR
AMR_subclass_IN_SST	ENSG00000131379	chr3	rs12492784	0.025052265	AMR
AMR_subclass_IN_SST	ENSG00000131379	chr3	rs59258584	0.066445509	AMR
AMR_subclass_IN_SST	ENSG00000131379	chr3	rs60290726	0.066392633	AMR
AMR_subclass_IN_SST	ENSG00000131379	chr3	rs72624477	-0.168743507	AMR
AMR_subclass_IN_SST	ENSG00000131379	chr3	rs7629711	-0.022555279	AMR
AMR_subclass_IN_SST	ENSG00000131379	chr3	rs9809826	0.113088524	AMR
AMR_subclass_IN_SST	ENSG00000131379	chr3	rs6810283	0.088641555	AMR
AMR_subclass_IN_SST	ENSG00000131379	chr3	rs73133623	-0.024057726	AMR
AMR_subclass_IN_SST	ENSG00000131379	chr3	rs4413297	-0.005276995	AMR
AMR_subclass_IN_SST	ENSG00000131379	chr3	rs58141452	-0.002107139	AMR
AMR_subclass_IN_SST	ENSG00000131379	chr3	rs939288	-0.040973718	AMR
AMR_subclass_IN_SST	ENSG00000131379	chr3	rs13099035	-0.23229491	AMR
AMR_subclass_IN_SST	ENSG00000131379	chr3	rs62232621	-0.032778523	AMR
AMR_subclass_IN_SST	ENSG00000131379	chr3	rs9830735	-0.013169377	AMR
AMR_subclass_IN_SST	ENSG00000131379	chr3	rs2053017	-0.141259312	AMR
AMR_subclass_IN_SST	ENSG00000131379	chr3	rs1901	-0.189658834	AMR
AMR_subclass_IN_SST	ENSG00000131379	chr3	rs11717438	-0.189172491	AMR
AMR_subclass_IN_SST	ENSG00000131379	chr3	rs6442466	-0.003679986	AMR
AMR_subclass_IN_SST	ENSG00000131379	chr3	rs1344783	-0.00372089	AMR
AMR_subclass_IN_SST	ENSG00000131379	chr3	rs12488352	-0.002402033	AMR
AMR_subclass_IN_SST	ENSG00000131379	chr3	rs6442469	-0.001201917	AMR
AMR_subclass_IN_SST	ENSG00000131379	chr3	rs871971	-0.006773382	AMR
AMR_subclass_IN_SST	ENSG00000131379	chr3	rs9866631	-0.006036562	AMR
AMR_subclass_IN_SST	ENSG00000131379	chr3	rs1897499	-0.002115488	AMR
AMR_subclass_IN_SST	ENSG00000131379	chr3	rs4684238	-0.003068397	AMR
AMR_subclass_IN_SST	ENSG00000131379	chr3	rs9840023	-0.005519247	AMR
AMR_subclass_IN_SST	ENSG00000131379	chr3	rs9869372	-0.007150873	AMR
AMR_subclass_IN_SST	ENSG00000131379	chr3	rs12489860	-0.007664012	AMR
AMR_subclass_IN_SST	ENSG00000131379	chr3	rs13089210	-0.007439558	AMR
AMR_subclass_IN_SST	ENSG00000131379	chr3	rs7614428	-0.003146982	AMR
AMR_subclass_IN_SST	ENSG00000131379	chr3	rs77177822	-0.185171377	AMR
AMR_subclass_IN_SST	ENSG00000131379	chr3	rs7651825	-0.002102143	AMR
AMR_subclass_IN_SST	ENSG00000131379	chr3	rs11716175	-0.002661336	AMR
AMR_subclass_IN_SST	ENSG00000131379	chr3	rs9810425	-0.057879432	AMR
AMR_subclass_IN_SST	ENSG00000131379	chr3	rs9816096	-0.057084559	AMR
AMR_subclass_IN_SST	ENSG00000131379	chr3	rs113566277	0.085360899	AMR
AMR_subclass_IN_SST	ENSG00000131379	chr3	rs115847104	-0.023159903	AMR
AMR_subclass_IN_SST	ENSG00000131379	chr3	rs116618666	-0.030753085	AMR
AMR_subclass_IN_SST	ENSG00000131379	chr3	rs903061	-0.033194894	AMR
AMR_subclass_IN_SST	ENSG00000131379	chr3	rs77813966	-0.011376774	AMR
AMR_subclass_IN_SST	ENSG00000131379	chr3	rs13092743	0.010799557	AMR
AMR_subclass_IN_SST	ENSG00000131379	chr3	rs71308119	0.021153765	AMR
AMR_subclass_IN_SST	ENSG00000131379	chr3	rs35434588	0.012234533	AMR
AMR_subclass_IN_SST	ENSG00000131379	chr3	rs11708243	0.011484152	AMR
AMR_subclass_IN_SST	ENSG00000131379	chr3	rs11706556	0.014950963	AMR
AMR_subclass_IN_SST	ENSG00000131379	chr3	rs13068576	0.010485164	AMR
AMR_subclass_IN_SST	ENSG00000131379	chr3	rs34017585	0.009867118	AMR
AMR_subclass_IN_SST	ENSG00000131379	chr3	rs11717371	0.009220858	AMR
AMR_subclass_IN_SST	ENSG00000131379	chr3	rs77240381	0.069765415	AMR
AMR_subclass_IN_SST	ENSG00000131379	chr3	rs12634111	0.011326059	AMR
AMR_subclass_IN_SST	ENSG00000131386	chr3	rs78160637	0.020613864	AMR
AMR_subclass_IN_SST	ENSG00000131386	chr3	rs17539401	0.0221849047	AMR
AMR_subclass_IN_SST	ENSG00000131386	chr3	rs17539942	0.0225920476	AMR
AMR_subclass_IN_SST	ENSG00000131386	chr3	rs114163425	0.0218881574	AMR
AMR_subclass_IN_SST	ENSG00000131386	chr3	rs41276507	0.0206494545	AMR
AMR_subclass_IN_SST	ENSG00000131386	chr3	rs9816987	-0.1766350697	AMR
AMR_subclass_IN_SST	ENSG00000131386	chr3	rs13320800	0.0215412119	AMR
AMR_subclass_IN_SST	ENSG00000131386	chr3	rs571320757	-0.0048139988	AMR
AMR_subclass_IN_SST	ENSG00000131386	chr3	rs192098857	-0.0050430285	AMR
AMR_subclass_IN_SST	ENSG00000131386	chr3	rs9849590	-0.0051272745	AMR
AMR_subclass_IN_SST	ENSG00000131386	chr3	rs9812334	-0.004999432	AMR
AMR_subclass_IN_SST	ENSG00000131386	chr3	rs73038261	0.002787971	AMR
AMR_subclass_IN_SST	ENSG00000131386	chr3	rs9813306	-0.004639862	AMR
AMR_subclass_IN_SST	ENSG00000131386	chr3	rs2345743	-0.0154383526	AMR
AMR_subclass_IN_SST	ENSG00000131386	chr3	rs6791694	-0.016015901	AMR
AMR_subclass_IN_SST	ENSG00000131386	chr3	rs4685271	-0.0165561587	AMR
AMR_subclass_IN_SST	ENSG00000131386	chr3	rs4685272	-0.0166902818	AMR
AMR_subclass_IN_SST	ENSG00000131386	chr3	rs7647174	-0.0165156574	AMR
AMR_subclass_IN_SST	ENSG00000131386	chr3	rs2121732	-0.016203638	AMR
AMR_subclass_IN_SST	ENSG00000131386	chr3	rs6776325	-0.0158371247	AMR
AMR_subclass_IN_SST	ENSG00000131386	chr3	rs9877368	-0.0154349805	AMR
AMR_subclass_IN_SST	ENSG00000131386	chr3	rs13070544	-0.2319820668	AMR
AMR_subclass_IN_SST	ENSG00000131386	chr3	rs116105638	0.2107969671	AMR
AMR_subclass_IN_SST	ENSG00000131386	chr3	rs2603780	-0.0009885242	AMR
AMR_subclass_IN_SST	ENSG00000131386	chr3	rs11926871	0.0195691307	AMR
AMR_subclass_IN_SST	ENSG00000131386	chr3	rs11916489	0.0240411172	AMR
AMR_subclass_IN_SST	ENSG00000131386	chr3	rs11128775	0.0341926412	AMR
AMR_subclass_IN_SST	ENSG00000131386	chr3	rs75336611	0.0340487446	AMR
AMR_subclass_IN_SST	ENSG00000131386	chr3	rs62233384	0.0348925771	AMR
AMR_subclass_IN_SST	ENSG00000131386	chr3	rs12492464	0.0355610879	AMR
AMR_subclass_IN_SST	ENSG00000131386	chr3	rs12487718	0.0358710614	AMR
AMR_subclass_IN_SST	ENSG00000131386	chr3	rs12497505	0.0360267223	AMR
AMR_subclass_IN_SST	ENSG00000131386	chr3	rs76518481	-0.1090379467	AMR
AMR_subclass_IN_SST	ENSG00000131386	chr3	rs884723	0.0364916538	AMR
AMR_subclass_IN_SST	ENSG00000131386	chr3	rs74838216	-0.1390480146	AMR
AMR_subclass_IN_SST	ENSG00000131386	chr3	rs13073077	0.0135537643	AMR
AMR_subclass_IN_SST	ENSG00000131386	chr3	rs6442590	0.0149531543	AMR
AMR_subclass_IN_SST	ENSG00000131386	chr3	rs7618260	0.0150632808	AMR
AMR_subclass_IN_SST	ENSG00000131386	chr3	rs59197788	-0.0696073065	AMR
AMR_subclass_IN_SST	ENSG00000131386	chr3	rs62236349	0.0057360678	AMR
AMR_subclass_IN_SST	ENSG00000131386	chr3	rs17272502	0.0070218459	AMR
AMR_subclass_IN_SST	ENSG00000131386	chr3	rs62236350	0.0060294874	AMR
AMR_subclass_IN_SST	ENSG00000131386	chr3	rs11718891	0.0039993004	AMR
AMR_subclass_IN_SST	ENSG00000131386	chr3	rs114018418	-0.0893633878	AMR
AMR_subclass_IN_SST	ENSG00000131386	chr3	rs73031468	0.0423587637	AMR
AMR_subclass_IN_SST	ENSG00000131386	chr3	rs73022293	0.040484023	AMR
AMR_subclass_IN_SST	ENSG00000131386	chr3	rs73022295	0.0414385974	AMR
AMR_subclass_IN_SST	ENSG00000131386	chr3	rs56360436	0.0432488826	AMR
AMR_subclass_IN_SST	ENSG00000131386	chr3	rs73024204	0.0447795406	AMR
AMR_subclass_IN_SST	ENSG00000131386	chr3	rs2163021	0.0458024088	AMR
AMR_subclass_IN_SST	ENSG00000131386	chr3	rs73024213	-0.1070418727	AMR
AMR_subclass_IN_SST	ENSG00000131386	chr3	rs58498138	0.1188700163	AMR
AMR_subclass_IN_SST	ENSG00000131386	chr3	rs79914216	-0.0637270814	AMR
AMR_subclass_IN_SST	ENSG00000131386	chr3	rs114922628	0.0659917021	AMR
AMR_subclass_IN_SST	ENSG00000131386	chr3	rs60617852	-0.0827218077	AMR
AMR_subclass_IN_SST	ENSG00000131469	chr17	rs7215073	-0.026103202	AMR
AMR_subclass_IN_SST	ENSG00000131469	chr17	rs4796631	-0.025613256	AMR
AMR_subclass_IN_SST	ENSG00000131469	chr17	rs17591972	-0.01751352	AMR
AMR_subclass_IN_SST	ENSG00000131469	chr17	rs72823008	0.003423716	AMR
AMR_subclass_IN_SST	ENSG00000131469	chr17	rs4621023	-0.038744281	AMR
AMR_subclass_IN_SST	ENSG00000131469	chr17	rs7222941	-0.037687866	AMR
AMR_subclass_IN_SST	ENSG00000131469	chr17	rs2010999	-0.344512208	AMR
AMR_subclass_IN_SST	ENSG00000131469	chr17	rs113256302	0.012489113	AMR
AMR_subclass_IN_SST	ENSG00000131469	chr17	rs77202018	0.012210719	AMR
AMR_subclass_IN_SST	ENSG00000131469	chr17	rs9913458	0.010461821	AMR
AMR_subclass_IN_SST	ENSG00000131469	chr17	rs141286329	-0.312188511	AMR
AMR_subclass_IN_SST	ENSG00000131469	chr17	rs150054934	0.456439267	AMR
AMR_subclass_IN_SST	ENSG00000131469	chr17	rs77027238	0.497271604	AMR
AMR_subclass_IN_SST	ENSG00000131626	chr11	rs546502	-0.04100525	AMR
AMR_subclass_IN_SST	ENSG00000131626	chr11	rs34141396	-0.02754998	AMR
AMR_subclass_IN_SST	ENSG00000131626	chr11	rs624765	-0.02875343	AMR
AMR_subclass_IN_SST	ENSG00000131626	chr11	rs3892505	-0.02926181	AMR
AMR_subclass_IN_SST	ENSG00000131626	chr11	rs7129635	-0.02909308	AMR
AMR_subclass_IN_SST	ENSG00000131626	chr11	rs4980782	-0.06110404	AMR
AMR_subclass_IN_SST	ENSG00000131626	chr11	rs594763	-0.04232632	AMR
AMR_subclass_IN_SST	ENSG00000131626	chr11	rs664130	-0.02729818	AMR
AMR_subclass_IN_SST	ENSG00000131626	chr11	rs3132421	-0.02667554	AMR
AMR_subclass_IN_SST	ENSG00000131732	chr5	rs6887302	0.075789944	AMR
AMR_subclass_IN_SST	ENSG00000131732	chr5	rs13172073	0.029160872	AMR
AMR_subclass_IN_SST	ENSG00000131732	chr5	rs249006	-0.001559874	AMR
AMR_subclass_IN_SST	ENSG00000131732	chr5	rs248999	-0.001818509	AMR
AMR_subclass_IN_SST	ENSG00000131732	chr5	rs171595	-0.001833075	AMR
AMR_subclass_IN_SST	ENSG00000131732	chr5	rs10070176	0.065598787	AMR
AMR_subclass_IN_SST	ENSG00000131732	chr5	rs248997	0.00542711	AMR
AMR_subclass_IN_SST	ENSG00000131732	chr5	rs34093562	-0.148391885	AMR
AMR_subclass_IN_SST	ENSG00000131732	chr5	rs75233327	-0.071496039	AMR
AMR_subclass_IN_SST	ENSG00000131732	chr5	rs35878018	-0.003945599	AMR
AMR_subclass_IN_SST	ENSG00000131732	chr5	rs13182894	-0.003587179	AMR
AMR_subclass_IN_SST	ENSG00000131732	chr5	rs75443879	0.253175438	AMR
AMR_subclass_IN_SST	ENSG00000131732	chr5	rs73132417	-0.002178888	AMR
AMR_subclass_IN_SST	ENSG00000131732	chr5	rs33011	-0.136921806	AMR
AMR_subclass_IN_SST	ENSG00000131732	chr5	rs6151863	0.253701679	AMR
AMR_subclass_IN_SST	ENSG00000131732	chr5	rs6151928	0.055805022	AMR
AMR_subclass_IN_SST	ENSG00000131732	chr5	rs72767341	0.053981034	AMR
AMR_subclass_IN_SST	ENSG00000131732	chr5	rs145198622	-0.033751242	AMR
AMR_subclass_IN_SST	ENSG00000131732	chr5	rs143086439	-0.033812899	AMR
AMR_subclass_IN_SST	ENSG00000131732	chr5	rs115017698	-0.03252091	AMR
AMR_subclass_IN_SST	ENSG00000131732	chr5	rs113876444	-0.295374285	AMR
AMR_subclass_IN_SST	ENSG00000131732	chr5	rs11958318	0.119183161	AMR
AMR_subclass_IN_SST	ENSG00000131732	chr5	rs10055018	0.071562434	AMR
AMR_subclass_IN_SST	ENSG00000131732	chr5	rs13172928	0.071519246	AMR
AMR_subclass_IN_SST	ENSG00000131732	chr5	rs62366246	0.01102841	AMR
AMR_subclass_IN_SST	ENSG00000131732	chr5	rs7702374	0.010509494	AMR
AMR_subclass_IN_SST	ENSG00000131732	chr5	rs6880224	0.097027259	AMR
AMR_subclass_IN_SST	ENSG00000131732	chr5	rs12520757	0.038807494	AMR
AMR_subclass_IN_SST	ENSG00000131732	chr5	rs75052926	0.037892868	AMR
AMR_subclass_IN_SST	ENSG00000131732	chr5	rs140674026	0.011322164	AMR
AMR_subclass_IN_SST	ENSG00000131732	chr5	rs147858577	0.0137014	AMR
AMR_subclass_IN_SST	ENSG00000131732	chr5	rs141308073	0.013248401	AMR
AMR_subclass_IN_SST	ENSG00000131732	chr5	rs149900350	0.011807543	AMR
AMR_subclass_IN_SST	ENSG00000131732	chr5	rs78048128	0.010691211	AMR
AMR_subclass_IN_SST	ENSG00000131732	chr5	rs80120430	0.009997216	AMR
AMR_subclass_IN_SST	ENSG00000131732	chr5	rs76938486	0.009345697	AMR
AMR_subclass_IN_SST	ENSG00000131732	chr5	rs77665978	0.008430547	AMR
AMR_subclass_IN_SST	ENSG00000131732	chr5	rs74647560	0.031632763	AMR
AMR_subclass_IN_SST	ENSG00000131844	chr5	rs7449295	0.006512286	AMR
AMR_subclass_IN_SST	ENSG00000131844	chr5	rs7446049	0.051555956	AMR
AMR_subclass_IN_SST	ENSG00000131844	chr5	rs55793523	0.003443684	AMR
AMR_subclass_IN_SST	ENSG00000131844	chr5	rs12153571	0.097833512	AMR
AMR_subclass_IN_SST	ENSG00000131844	chr5	rs7727132	0.034740755	AMR
AMR_subclass_IN_SST	ENSG00000131844	chr5	rs12652715	0.149974529	AMR
AMR_subclass_IN_SST	ENSG00000132300	chr2	rs62162857	0.22082166	AMR
AMR_subclass_IN_SST	ENSG00000132300	chr2	rs4497880	0.02495439	AMR
AMR_subclass_IN_SST	ENSG00000132300	chr2	rs145153970	0.0804442	AMR
AMR_subclass_IN_SST	ENSG00000132300	chr2	rs7585585	-0.02153691	AMR
AMR_subclass_IN_SST	ENSG00000132300	chr2	rs112799899	-0.10482472	AMR
AMR_subclass_IN_SST	ENSG00000132300	chr2	rs1877954	-0.03970176	AMR
AMR_subclass_IN_SST	ENSG00000132300	chr2	rs4832175	-0.01335499	AMR
AMR_subclass_IN_SST	ENSG00000132300	chr2	rs68055751	-0.27098701	AMR
AMR_subclass_IN_SST	ENSG00000132300	chr2	rs75720757	-0.02208356	AMR
AMR_subclass_IN_SST	ENSG00000132300	chr2	rs140172875	-0.01767528	AMR
AMR_subclass_IN_SST	ENSG00000132300	chr2	rs55982993	-0.05853312	AMR
AMR_subclass_IN_SST	ENSG00000132300	chr2	rs72925023	-0.06061625	AMR
AMR_subclass_IN_SST	ENSG00000132300	chr2	rs10188985	0.26527558	AMR
AMR_subclass_IN_SST	ENSG00000132300	chr2	rs2176625	0.01070942	AMR
AMR_subclass_IN_SST	ENSG00000132300	chr2	rs17509315	-0.08033887	AMR
AMR_subclass_IN_SST	ENSG00000132300	chr2	rs72842007	-0.07811832	AMR
AMR_subclass_IN_SST	ENSG00000133256	chr4	rs115869462	-0.0725262	AMR
AMR_subclass_IN_SST	ENSG00000133256	chr4	rs147165735	-0.13880359	AMR
AMR_subclass_IN_SST	ENSG00000133256	chr4	rs9985747	-0.04976277	AMR
AMR_subclass_IN_SST	ENSG00000133256	chr4	rs7436737	-0.04930876	AMR
AMR_subclass_IN_SST	ENSG00000133256	chr4	rs79894085	-0.04969669	AMR
AMR_subclass_IN_SST	ENSG00000133256	chr4	rs28470912	-0.09337982	AMR
AMR_subclass_IN_SST	ENSG00000133256	chr4	rs4463020	-0.09393515	AMR
AMR_subclass_IN_SST	ENSG00000133256	chr4	rs10030136	-0.04878994	AMR
AMR_subclass_IN_SST	ENSG00000133256	chr4	rs76041706	-0.01063451	AMR
AMR_subclass_IN_SST	ENSG00000133703	chr12	rs6487384	0.011673068	AMR
AMR_subclass_IN_SST	ENSG00000133703	chr12	rs550309	0.046042804	AMR
AMR_subclass_IN_SST	ENSG00000133703	chr12	rs11610461	0.003741142	AMR
AMR_subclass_IN_SST	ENSG00000133703	chr12	rs4963776	0.002466962	AMR
AMR_subclass_IN_SST	ENSG00000133703	chr12	rs7955897	-0.028409615	AMR
AMR_subclass_IN_SST	ENSG00000133703	chr12	rs7972733	-0.066651516	AMR
AMR_subclass_IN_SST	ENSG00000133703	chr12	rs12426585	0.097928568	AMR
AMR_subclass_IN_SST	ENSG00000133703	chr12	rs61914313	0.022703936	AMR
AMR_subclass_IN_SST	ENSG00000133703	chr12	rs973369	0.023236036	AMR
AMR_subclass_IN_SST	ENSG00000133703	chr12	rs7955324	0.01414755	AMR
AMR_subclass_IN_SST	ENSG00000133703	chr12	rs6487539	-0.003900166	AMR
AMR_subclass_IN_SST	ENSG00000134115	chr3	rs17044510	0.0528159197	AMR
AMR_subclass_IN_SST	ENSG00000134115	chr3	rs2729152	-0.0503159444	AMR
AMR_subclass_IN_SST	ENSG00000134115	chr3	rs1484513	-0.0422265247	AMR
AMR_subclass_IN_SST	ENSG00000134115	chr3	rs1586217	0.0466436958	AMR
AMR_subclass_IN_SST	ENSG00000134115	chr3	rs1825439	0.0466696498	AMR
AMR_subclass_IN_SST	ENSG00000134115	chr3	rs10510207	-0.000506582	AMR
AMR_subclass_IN_SST	ENSG00000134115	chr3	rs183795	-0.126246425	AMR
AMR_subclass_IN_SST	ENSG00000134115	chr3	rs495059	-0.1613262466	AMR
AMR_subclass_IN_SST	ENSG00000134115	chr3	rs74449151	-0.0333521943	AMR
AMR_subclass_IN_SST	ENSG00000134115	chr3	rs34486185	-0.0125768423	AMR
AMR_subclass_IN_SST	ENSG00000134115	chr3	rs76306723	-0.0696186341	AMR
AMR_subclass_IN_SST	ENSG00000134115	chr3	rs280122	-0.0010786447	AMR
AMR_subclass_IN_SST	ENSG00000134115	chr3	rs166798	-0.0011208053	AMR
AMR_subclass_IN_SST	ENSG00000134115	chr3	rs464804	-0.0006543757	AMR
AMR_subclass_IN_SST	ENSG00000134115	chr3	rs462742	0.0022058202	AMR
AMR_subclass_IN_SST	ENSG00000134115	chr3	rs62261513	-0.0590699282	AMR
AMR_subclass_IN_SST	ENSG00000134115	chr3	rs28376905	0.0724480597	AMR
AMR_subclass_IN_SST	ENSG00000134115	chr3	rs7648604	0.0570340666	AMR
AMR_subclass_IN_SST	ENSG00000134115	chr3	rs62244582	0.0205181017	AMR
AMR_subclass_IN_SST	ENSG00000134115	chr3	rs62244583	0.022197966	AMR
AMR_subclass_IN_SST	ENSG00000134115	chr3	rs60368824	0.0230069886	AMR
AMR_subclass_IN_SST	ENSG00000134115	chr3	rs58143226	0.0222756474	AMR
AMR_subclass_IN_SST	ENSG00000134115	chr3	rs62244586	0.0204835622	AMR
AMR_subclass_IN_SST	ENSG00000134153	chr15	rs6494922	-0.028335553	AMR
AMR_subclass_IN_SST	ENSG00000134153	chr15	rs7162862	-0.011729584	AMR
AMR_subclass_IN_SST	ENSG00000134153	chr15	rs2670953	-0.008193218	AMR
AMR_subclass_IN_SST	ENSG00000134153	chr15	rs16970977	0.09622434	AMR
AMR_subclass_IN_SST	ENSG00000134153	chr15	rs186310724	-0.054402623	AMR
AMR_subclass_IN_SST	ENSG00000134153	chr15	rs2339273	0.192102922	AMR
AMR_subclass_IN_SST	ENSG00000134153	chr15	rs17817317	-0.061619565	AMR
AMR_subclass_IN_SST	ENSG00000134153	chr15	rs657473	-0.053385514	AMR
AMR_subclass_IN_SST	ENSG00000134153	chr15	rs612457	-0.05354084	AMR
AMR_subclass_IN_SST	ENSG00000134153	chr15	rs12899100	-0.007296411	AMR
AMR_subclass_IN_SST	ENSG00000134153	chr15	rs56163067	-0.007316884	AMR
AMR_subclass_IN_SST	ENSG00000134153	chr15	rs117223095	-0.00440149	AMR
AMR_subclass_IN_SST	ENSG00000134153	chr15	rs149850145	-0.002012432	AMR
AMR_subclass_IN_SST	ENSG00000134153	chr15	rs2303311	-0.142006651	AMR
AMR_subclass_IN_SST	ENSG00000134153	chr15	rs1978498	-0.010260591	AMR
AMR_subclass_IN_SST	ENSG00000134153	chr15	rs7494836	-0.0019745	AMR
AMR_subclass_IN_SST	ENSG00000134153	chr15	rs3764238	-0.014427335	AMR
AMR_subclass_IN_SST	ENSG00000134153	chr15	rs34196590	-0.014757904	AMR
AMR_subclass_IN_SST	ENSG00000134153	chr15	rs62014728	-0.014618036	AMR
AMR_subclass_IN_SST	ENSG00000134153	chr15	rs10851947	0.044700996	AMR
AMR_subclass_IN_SST	ENSG00000134153	chr15	rs4587944	0.044973826	AMR
AMR_subclass_IN_SST	ENSG00000134153	chr15	rs4924135	-0.106602801	AMR
AMR_subclass_IN_SST	ENSG00000134153	chr15	rs619788	-0.039962244	AMR
AMR_subclass_IN_SST	ENSG00000134153	chr15	rs1521851	-0.014650427	AMR
AMR_subclass_IN_SST	ENSG00000134153	chr15	rs3932344	-0.012170422	AMR
AMR_subclass_IN_SST	ENSG00000134153	chr15	rs12915583	-0.040567233	AMR
AMR_subclass_IN_SST	ENSG00000134153	chr15	rs141085738	-0.040473739	AMR
AMR_subclass_IN_SST	ENSG00000134153	chr15	rs57116338	-0.056645842	AMR
AMR_subclass_IN_SST	ENSG00000134153	chr15	rs8038010	0.075123517	AMR
AMR_subclass_IN_SST	ENSG00000134153	chr15	rs58528012	-0.113794094	AMR
AMR_subclass_IN_SST	ENSG00000134153	chr15	rs7175331	-0.027308879	AMR
AMR_subclass_IN_SST	ENSG00000134318	chr2	rs72788356	-0.2446418	AMR
AMR_subclass_IN_SST	ENSG00000134318	chr2	rs6745337	-0.0138578	AMR
AMR_subclass_IN_SST	ENSG00000134318	chr2	rs759341	0.01345403	AMR
AMR_subclass_IN_SST	ENSG00000134318	chr2	rs149235906	0.2074402	AMR
AMR_subclass_IN_SST	ENSG00000134318	chr2	rs10929643	0.09462434	AMR
AMR_subclass_IN_SST	ENSG00000134318	chr2	rs143416625	-0.2361748	AMR
AMR_subclass_IN_SST	ENSG00000134318	chr2	rs10929648	-0.005475209	AMR
AMR_subclass_IN_SST	ENSG00000134318	chr2	rs58948979	-0.1572788	AMR
AMR_subclass_IN_SST	ENSG00000134318	chr2	rs6758633	0.07003169	AMR
AMR_subclass_IN_SST	ENSG00000134318	chr2	rs56261863	0.07030017	AMR
AMR_subclass_IN_SST	ENSG00000134318	chr2	rs6743846	0.06972303	AMR
AMR_subclass_IN_SST	ENSG00000134318	chr2	rs73161279	0.06931206	AMR
AMR_subclass_IN_SST	ENSG00000134318	chr2	rs112147394	0.09782323	AMR
AMR_subclass_IN_SST	ENSG00000134318	chr2	rs950142	0.1092955	AMR
AMR_subclass_IN_SST	ENSG00000134318	chr2	rs73180512	0.04022701	AMR
AMR_subclass_IN_SST	ENSG00000134318	chr2	rs73180514	0.03827629	AMR
AMR_subclass_IN_SST	ENSG00000134318	chr2	rs6706990	0.03380905	AMR
AMR_subclass_IN_SST	ENSG00000134318	chr2	rs79716367	0.1344347	AMR
AMR_subclass_IN_SST	ENSG00000134318	chr2	rs11890785	0.03711231	AMR
AMR_subclass_IN_SST	ENSG00000134318	chr2	rs818153	-0.01100616	AMR
AMR_subclass_IN_SST	ENSG00000134318	chr2	rs117898643	0.2103843	AMR
AMR_subclass_IN_SST	ENSG00000134318	chr2	rs149157534	0.2082983	AMR
AMR_subclass_IN_SST	ENSG00000134318	chr2	rs12477285	0.00480705	AMR
AMR_subclass_IN_SST	ENSG00000134318	chr2	rs60735401	-0.2632989	AMR
AMR_subclass_IN_SST	ENSG00000134318	chr2	rs34414864	0.002516256	AMR
AMR_subclass_IN_SST	ENSG00000134318	chr2	rs1627878	-0.02035272	AMR
AMR_subclass_IN_SST	ENSG00000134318	chr2	rs1686463	-0.02023652	AMR
AMR_subclass_IN_SST	ENSG00000134318	chr2	rs1686462	-0.02062733	AMR
AMR_subclass_IN_SST	ENSG00000134318	chr2	rs1734399	-0.02099204	AMR
AMR_subclass_IN_SST	ENSG00000134318	chr2	rs1318011	-0.0437046	AMR
AMR_subclass_IN_SST	ENSG00000134318	chr2	rs1997524	0.120879	AMR
AMR_subclass_IN_SST	ENSG00000134318	chr2	rs7599881	-0.04158491	AMR
AMR_subclass_IN_SST	ENSG00000134318	chr2	rs55952974	-0.02912922	AMR
AMR_subclass_IN_SST	ENSG00000134318	chr2	rs113963334	0.02772798	AMR
AMR_subclass_IN_SST	ENSG00000134318	chr2	rs13386607	0.4385211	AMR
AMR_subclass_IN_SST	ENSG00000134318	chr2	rs4669652	0.1096374	AMR
AMR_subclass_IN_SST	ENSG00000134318	chr2	rs56140762	0.01879627	AMR
AMR_subclass_IN_SST	ENSG00000134318	chr2	rs4669653	0.03212513	AMR
AMR_subclass_IN_SST	ENSG00000134318	chr2	rs4233892	0.03038181	AMR
AMR_subclass_IN_SST	ENSG00000134318	chr2	rs1869288	0.0311723	AMR
AMR_subclass_IN_SST	ENSG00000134318	chr2	rs7594183	0.1577524	AMR
AMR_subclass_IN_SST	ENSG00000134318	chr2	rs896757	0.01781132	AMR
AMR_subclass_IN_SST	ENSG00000134318	chr2	rs896756	0.004226183	AMR
AMR_subclass_IN_SST	ENSG00000134318	chr2	rs896754	0.002347866	AMR
AMR_subclass_IN_SST	ENSG00000134318	chr2	rs7581437	0.01258777	AMR
AMR_subclass_IN_SST	ENSG00000134318	chr2	rs138808269	0.2079597	AMR
AMR_subclass_IN_SST	ENSG00000134318	chr2	rs11884445	-0.02233811	AMR
AMR_subclass_IN_SST	ENSG00000134318	chr2	rs6750442	0.02778748	AMR
AMR_subclass_IN_SST	ENSG00000134318	chr2	rs76879790	-0.1289928	AMR
AMR_subclass_IN_SST	ENSG00000134318	chr2	rs73915306	-0.1266616	AMR
AMR_subclass_IN_SST	ENSG00000134318	chr2	rs13001217	0.001321662	AMR
AMR_subclass_IN_SST	ENSG00000134318	chr2	rs61632819	-0.09685653	AMR
AMR_subclass_IN_SST	ENSG00000134318	chr2	rs79361777	-0.0005941238	AMR
AMR_subclass_IN_SST	ENSG00000134318	chr2	rs72785466	-0.005769441	AMR
AMR_subclass_IN_SST	ENSG00000134318	chr2	rs72785469	-0.007035322	AMR
AMR_subclass_IN_SST	ENSG00000134318	chr2	rs72785471	-0.006369799	AMR
AMR_subclass_IN_SST	ENSG00000134318	chr2	rs72785473	-0.005008455	AMR
AMR_subclass_IN_SST	ENSG00000134318	chr2	rs72785474	-0.003565329	AMR
AMR_subclass_IN_SST	ENSG00000134318	chr2	rs72785475	-0.002333816	AMR
AMR_subclass_IN_SST	ENSG00000134318	chr2	rs72785476	-0.001415871	AMR
AMR_subclass_IN_SST	ENSG00000134318	chr2	rs72785478	-0.0008003232	AMR
AMR_subclass_IN_SST	ENSG00000134318	chr2	rs72785479	-0.0004233247	AMR
AMR_subclass_IN_SST	ENSG00000134318	chr2	rs41264191	-0.0002103554	AMR
AMR_subclass_IN_SST	ENSG00000134318	chr2	rs193134449	-2.898119e-05	AMR
AMR_subclass_IN_SST	ENSG00000134318	chr2	rs72785487	-1.050896e-05	AMR
AMR_subclass_IN_SST	ENSG00000134318	chr2	rs72785488	-0.0003303601	AMR
AMR_subclass_IN_SST	ENSG00000134318	chr2	rs72785491	-0.0005510273	AMR
AMR_subclass_IN_SST	ENSG00000134318	chr2	rs72785496	-0.0006011686	AMR
AMR_subclass_IN_SST	ENSG00000134318	chr2	rs149370873	-0.0005590842	AMR
AMR_subclass_IN_SST	ENSG00000134318	chr2	rs72787605	-0.0004611334	AMR
AMR_subclass_IN_SST	ENSG00000134318	chr2	rs115031776	-0.0003399019	AMR
AMR_subclass_IN_SST	ENSG00000134318	chr2	rs114164373	-0.0002254988	AMR
AMR_subclass_IN_SST	ENSG00000134318	chr2	rs72787619	-0.0001357964	AMR
AMR_subclass_IN_SST	ENSG00000134318	chr2	rs72787626	-8.369063e-06	AMR
AMR_subclass_IN_SST	ENSG00000134318	chr2	rs116348068	-5.157812e-07	AMR
AMR_subclass_IN_SST	ENSG00000134318	chr2	rs56393775	-3.178734e-08	AMR
AMR_subclass_IN_SST	ENSG00000134318	chr2	rs116746215	-1.959038e-09	AMR
AMR_subclass_IN_SST	ENSG00000134318	chr2	rs41264193	-1.207345e-10	AMR
AMR_subclass_IN_SST	ENSG00000134318	chr2	rs72787638	-7.44089e-12	AMR
AMR_subclass_IN_SST	ENSG00000134318	chr2	rs116136756	-4.584589e-13	AMR
AMR_subclass_IN_SST	ENSG00000134318	chr2	rs72787642	-2.837609e-14	AMR
AMR_subclass_IN_SST	ENSG00000134318	chr2	rs7603029	-0.08340824	AMR
AMR_subclass_IN_SST	ENSG00000134318	chr2	rs145532966	-9.582894e-05	AMR
AMR_subclass_IN_SST	ENSG00000134318	chr2	rs72787646	-6.678814e-05	AMR
AMR_subclass_IN_SST	ENSG00000134318	chr2	rs72787651	-5.018174e-05	AMR
AMR_subclass_IN_SST	ENSG00000134318	chr2	rs149583140	-4.027471e-05	AMR
AMR_subclass_IN_SST	ENSG00000134318	chr2	rs72787659	-3.276299e-05	AMR
AMR_subclass_IN_SST	ENSG00000134318	chr2	rs72787664	-2.613422e-05	AMR
AMR_subclass_IN_SST	ENSG00000134318	chr2	rs115532985	-1.998111e-05	AMR
AMR_subclass_IN_SST	ENSG00000134318	chr2	rs72787680	-1.442184e-05	AMR
AMR_subclass_IN_SST	ENSG00000134318	chr2	rs72787682	-9.74396e-06	AMR
AMR_subclass_IN_SST	ENSG00000134318	chr2	rs141875797	-6.141995e-06	AMR
AMR_subclass_IN_SST	ENSG00000134318	chr2	rs72787684	-3.611969e-06	AMR
AMR_subclass_IN_SST	ENSG00000134318	chr2	rs72787687	-4.48124e-06	AMR
AMR_subclass_IN_SST	ENSG00000134318	chr2	rs115700682	-2.526151e-06	AMR
AMR_subclass_IN_SST	ENSG00000134318	chr2	rs56070302	-1.38449e-06	AMR
AMR_subclass_IN_SST	ENSG00000134318	chr2	rs72787697	-5.886294e-05	AMR
AMR_subclass_IN_SST	ENSG00000134318	chr2	rs114041013	-3.191273e-05	AMR
AMR_subclass_IN_SST	ENSG00000134318	chr2	rs148324618	-1.510473e-05	AMR
AMR_subclass_IN_SST	ENSG00000134318	chr2	rs72789517	-6.69308e-06	AMR
AMR_subclass_IN_SST	ENSG00000134318	chr2	rs72789519	-2.789247e-06	AMR
AMR_subclass_IN_SST	ENSG00000134318	chr2	rs72789531	-1.095512e-06	AMR
AMR_subclass_IN_SST	ENSG00000134318	chr2	rs72789533	-6.751586e-08	AMR
AMR_subclass_IN_SST	ENSG00000134318	chr2	rs72789534	-4.160969e-09	AMR
AMR_subclass_IN_SST	ENSG00000134318	chr2	rs72789537	-2.564384e-10	AMR
AMR_subclass_IN_SST	ENSG00000134318	chr2	rs72789538	-1.580437e-11	AMR
AMR_subclass_IN_SST	ENSG00000134318	chr2	rs72789539	-9.739785e-13	AMR
AMR_subclass_IN_SST	ENSG00000134318	chr2	rs115269626	-6.00216e-14	AMR
AMR_subclass_IN_SST	ENSG00000134318	chr2	rs72789544	-3.701229e-15	AMR
AMR_subclass_IN_SST	ENSG00000134318	chr2	rs56268206	-0.0003404802	AMR
AMR_subclass_IN_SST	ENSG00000134318	chr2	rs72789546	-2.098363e-05	AMR
AMR_subclass_IN_SST	ENSG00000134318	chr2	rs72771303	-1.293211e-06	AMR
AMR_subclass_IN_SST	ENSG00000134318	chr2	rs55841255	-7.969993e-08	AMR
AMR_subclass_IN_SST	ENSG00000134318	chr2	rs150976481	-4.911867e-09	AMR
AMR_subclass_IN_SST	ENSG00000134318	chr2	rs56211149	0.1037653	AMR
AMR_subclass_IN_SST	ENSG00000134318	chr2	rs72774840	-4.043473e-05	AMR
AMR_subclass_IN_SST	ENSG00000134318	chr2	rs55750834	-3.457339e-05	AMR
AMR_subclass_IN_SST	ENSG00000134318	chr2	rs144403896	-2.717261e-05	AMR
AMR_subclass_IN_SST	ENSG00000134318	chr2	rs147857168	-1.929283e-05	AMR
AMR_subclass_IN_SST	ENSG00000134318	chr2	rs72774865	-0.0095087	AMR
AMR_subclass_IN_SST	ENSG00000134318	chr2	rs72774870	-0.007460537	AMR
AMR_subclass_IN_SST	ENSG00000134318	chr2	rs56174102	-0.0001622309	AMR
AMR_subclass_IN_SST	ENSG00000134318	chr2	rs6745409	0.007084374	AMR
AMR_subclass_IN_SST	ENSG00000134318	chr2	rs6718650	0.007895067	AMR
AMR_subclass_IN_SST	ENSG00000134318	chr2	rs9784026	0.007145007	AMR
AMR_subclass_IN_SST	ENSG00000134318	chr2	rs79901951	-0.178459	AMR
AMR_subclass_IN_SST	ENSG00000134318	chr2	rs68152859	0.06894806	AMR
AMR_subclass_IN_SST	ENSG00000134318	chr2	rs6432217	0.01998542	AMR
AMR_subclass_IN_SST	ENSG00000134318	chr2	rs6737304	-0.02787354	AMR
AMR_subclass_IN_SST	ENSG00000134318	chr2	rs58818331	-0.0230878	AMR
AMR_subclass_IN_SST	ENSG00000134318	chr2	rs4669761	0.03739566	AMR
AMR_subclass_IN_SST	ENSG00000134318	chr2	rs10929765	-0.02233816	AMR
AMR_subclass_IN_SST	ENSG00000134318	chr2	rs4233903	-0.2272869	AMR
AMR_subclass_IN_SST	ENSG00000134318	chr2	rs3924929	-0.008329677	AMR
AMR_subclass_IN_SST	ENSG00000134318	chr2	rs73185104	0.05934296	AMR
AMR_subclass_IN_SST	ENSG00000134318	chr2	rs75620711	-0.08740408	AMR
AMR_subclass_IN_SST	ENSG00000134318	chr2	rs76615648	-0.05657141	AMR
AMR_subclass_IN_SST	ENSG00000134318	chr2	rs66898022	-0.01456464	AMR
AMR_subclass_IN_SST	ENSG00000134318	chr2	rs28409630	-0.01413676	AMR
AMR_subclass_IN_SST	ENSG00000134318	chr2	rs4446054	-0.1676727	AMR
AMR_subclass_IN_SST	ENSG00000134318	chr2	rs7605401	-0.005037422	AMR
AMR_subclass_IN_SST	ENSG00000134318	chr2	rs4296404	-0.006634568	AMR
AMR_subclass_IN_SST	ENSG00000134318	chr2	rs4297848	-0.008588011	AMR
AMR_subclass_IN_SST	ENSG00000134318	chr2	rs58153643	-0.08307006	AMR
AMR_subclass_IN_SST	ENSG00000134318	chr2	rs13413176	0.07074454	AMR
AMR_subclass_IN_SST	ENSG00000134318	chr2	rs7566963	-0.04499402	AMR
AMR_subclass_IN_SST	ENSG00000134318	chr2	rs10929775	0.006078883	AMR
AMR_subclass_IN_SST	ENSG00000134318	chr2	rs73181434	-0.009750148	AMR
AMR_subclass_IN_SST	ENSG00000134318	chr2	rs6726561	0.02086445	AMR
AMR_subclass_IN_SST	ENSG00000134318	chr2	rs6432250	0.02274388	AMR
AMR_subclass_IN_SST	ENSG00000134318	chr2	rs2380405	0.02333722	AMR
AMR_subclass_IN_SST	ENSG00000134318	chr2	rs55877424	0.09231731	AMR
AMR_subclass_IN_SST	ENSG00000134318	chr2	rs114225782	-0.0469162	AMR
AMR_subclass_IN_SST	ENSG00000134318	chr2	rs77329473	-0.04410565	AMR
AMR_subclass_IN_SST	ENSG00000134318	chr2	rs112256210	0.289907	AMR
AMR_subclass_IN_SST	ENSG00000134318	chr2	rs10205430	0.4241043	AMR
AMR_subclass_IN_SST	ENSG00000134318	chr2	rs114031463	0.002283124	AMR
AMR_subclass_IN_SST	ENSG00000134318	chr2	rs6432274	-0.05088614	AMR
AMR_subclass_IN_SST	ENSG00000134318	chr2	rs6432275	-0.05071644	AMR
AMR_subclass_IN_SST	ENSG00000134318	chr2	rs7578740	-0.003594594	AMR
AMR_subclass_IN_SST	ENSG00000134318	chr2	rs2118519	0.009647864	AMR
AMR_subclass_IN_SST	ENSG00000134318	chr2	rs146596639	-0.260997	AMR
AMR_subclass_IN_SST	ENSG00000134318	chr2	rs7572272	0.01209439	AMR
AMR_subclass_IN_SST	ENSG00000134780	chr11	rs112693686	-0.1301422902	AMR
AMR_subclass_IN_SST	ENSG00000134780	chr11	rs72916945	-0.0200063713	AMR
AMR_subclass_IN_SST	ENSG00000134780	chr11	rs12422200	0.0369045921	AMR
AMR_subclass_IN_SST	ENSG00000134780	chr11	rs56294642	0.0366338691	AMR
AMR_subclass_IN_SST	ENSG00000134780	chr11	rs79811054	0.0045101187	AMR
AMR_subclass_IN_SST	ENSG00000134780	chr11	rs11230614	0.0099270707	AMR
AMR_subclass_IN_SST	ENSG00000134780	chr11	rs76681961	0.0096930178	AMR
AMR_subclass_IN_SST	ENSG00000134780	chr11	rs79602122	-0.0284743231	AMR
AMR_subclass_IN_SST	ENSG00000134780	chr11	rs198746	0.0002675511	AMR
AMR_subclass_IN_SST	ENSG00000134780	chr11	rs1692113	-0.0294566149	AMR
AMR_subclass_IN_SST	ENSG00000134780	chr11	rs10792318	0.0028214309	AMR
AMR_subclass_IN_SST	ENSG00000134780	chr11	rs7943728	0.1020279701	AMR
AMR_subclass_IN_SST	ENSG00000134780	chr11	rs61896141	0.1510398233	AMR
AMR_subclass_IN_SST	ENSG00000134780	chr11	rs968567	0.1397947681	AMR
AMR_subclass_IN_SST	ENSG00000134780	chr11	rs61897793	0.1391448454	AMR
AMR_subclass_IN_SST	ENSG00000134780	chr11	rs7947322	0.005955219	AMR
AMR_subclass_IN_SST	ENSG00000134780	chr11	rs6591676	0.0594480462	AMR
AMR_subclass_IN_SST	ENSG00000134780	chr11	rs7948773	-0.0864197699	AMR
AMR_subclass_IN_SST	ENSG00000134780	chr11	rs78660169	-0.1787769969	AMR
AMR_subclass_IN_SST	ENSG00000134780	chr11	rs58628105	-0.0059286845	AMR
AMR_subclass_IN_SST	ENSG00000134780	chr11	rs10897275	-0.0240005421	AMR
AMR_subclass_IN_SST	ENSG00000134780	chr11	rs58124574	-0.0960020641	AMR
AMR_subclass_IN_SST	ENSG00000134987	chr5	rs137936404	0.0443743966	AMR
AMR_subclass_IN_SST	ENSG00000134987	chr5	rs149351919	0.0427453221	AMR
AMR_subclass_IN_SST	ENSG00000134987	chr5	rs115612670	0.0676552496	AMR
AMR_subclass_IN_SST	ENSG00000134987	chr5	rs55857315	0.0324076278	AMR
AMR_subclass_IN_SST	ENSG00000134987	chr5	rs4438923	0.1427855435	AMR
AMR_subclass_IN_SST	ENSG00000134987	chr5	rs138379285	0.0380158425	AMR
AMR_subclass_IN_SST	ENSG00000134987	chr5	rs12656235	-0.0042943142	AMR
AMR_subclass_IN_SST	ENSG00000134987	chr5	rs6891590	-0.0038867921	AMR
AMR_subclass_IN_SST	ENSG00000134987	chr5	rs34246835	-0.0402918575	AMR
AMR_subclass_IN_SST	ENSG00000134987	chr5	rs149485191	-0.0039427127	AMR
AMR_subclass_IN_SST	ENSG00000134987	chr5	rs10040821	-0.0619420491	AMR
AMR_subclass_IN_SST	ENSG00000134987	chr5	rs7714521	-0.0058471835	AMR
AMR_subclass_IN_SST	ENSG00000134987	chr5	rs10051968	-0.0619834906	AMR
AMR_subclass_IN_SST	ENSG00000134987	chr5	rs34808518	-0.0058839161	AMR
AMR_subclass_IN_SST	ENSG00000134987	chr5	rs6885245	-0.0250880671	AMR
AMR_subclass_IN_SST	ENSG00000134987	chr5	rs34307891	-0.0247196531	AMR
AMR_subclass_IN_SST	ENSG00000134987	chr5	rs35279930	-0.0044782605	AMR
AMR_subclass_IN_SST	ENSG00000134987	chr5	rs7735155	-0.0040557167	AMR
AMR_subclass_IN_SST	ENSG00000134987	chr5	rs12657133	-0.0037855199	AMR
AMR_subclass_IN_SST	ENSG00000134987	chr5	rs7710393	-0.0402971859	AMR
AMR_subclass_IN_SST	ENSG00000134987	chr5	rs58743367	-0.0133035135	AMR
AMR_subclass_IN_SST	ENSG00000134987	chr5	rs114910157	0.0263884747	AMR
AMR_subclass_IN_SST	ENSG00000134987	chr5	rs252713	-0.2515052067	AMR
AMR_subclass_IN_SST	ENSG00000134987	chr5	rs61278374	0.462819855	AMR
AMR_subclass_IN_SST	ENSG00000134987	chr5	rs143629267	-0.1917717135	AMR
AMR_subclass_IN_SST	ENSG00000134987	chr5	rs6884870	-0.0168165051	AMR
AMR_subclass_IN_SST	ENSG00000134987	chr5	rs77793850	-0.0362115299	AMR
AMR_subclass_IN_SST	ENSG00000134987	chr5	rs17624321	-0.0825348391	AMR
AMR_subclass_IN_SST	ENSG00000134987	chr5	rs11746289	0.470064652	AMR
AMR_subclass_IN_SST	ENSG00000134987	chr5	rs56356160	-0.0614909599	AMR
AMR_subclass_IN_SST	ENSG00000134987	chr5	rs56845365	-0.05921469	AMR
AMR_subclass_IN_SST	ENSG00000134987	chr5	rs111873341	0.0092211502	AMR
AMR_subclass_IN_SST	ENSG00000134987	chr5	rs79200125	-0.142853215	AMR
AMR_subclass_IN_SST	ENSG00000134987	chr5	rs78891732	-0.0740687701	AMR
AMR_subclass_IN_SST	ENSG00000134987	chr5	rs7731999	0.0048526643	AMR
AMR_subclass_IN_SST	ENSG00000134987	chr5	rs13361790	0.00577206	AMR
AMR_subclass_IN_SST	ENSG00000134987	chr5	rs10478059	0.0064013959	AMR
AMR_subclass_IN_SST	ENSG00000134987	chr5	rs11241132	0.0017345405	AMR
AMR_subclass_IN_SST	ENSG00000134987	chr5	rs12513878	0.0006567674	AMR
AMR_subclass_IN_SST	ENSG00000134987	chr5	rs11241133	0.0005622546	AMR
AMR_subclass_IN_SST	ENSG00000134987	chr5	rs1457718	0.0539046473	AMR
AMR_subclass_IN_SST	ENSG00000134987	chr5	rs58254441	0.0008340841	AMR
AMR_subclass_IN_SST	ENSG00000134987	chr5	rs58844457	0.0358217338	AMR
AMR_subclass_IN_SST	ENSG00000134987	chr5	rs114532334	0.0564034238	AMR
AMR_subclass_IN_SST	ENSG00000134987	chr5	rs188535523	-0.1853708871	AMR
AMR_subclass_IN_SST	ENSG00000134987	chr5	rs7714291	-0.01904284	AMR
AMR_subclass_IN_SST	ENSG00000134987	chr5	rs657736	0.0713381199	AMR
AMR_subclass_IN_SST	ENSG00000134987	chr5	rs112672985	-0.0702300609	AMR
AMR_subclass_IN_SST	ENSG00000134987	chr5	rs17496295	-0.0106483896	AMR
AMR_subclass_IN_SST	ENSG00000134987	chr5	rs71579171	-0.1022555757	AMR
AMR_subclass_IN_SST	ENSG00000134987	chr5	rs6876779	0.0455781262	AMR
AMR_subclass_IN_SST	ENSG00000135047	chr9	rs72739518	0.02568904	AMR
AMR_subclass_IN_SST	ENSG00000135047	chr9	rs17674591	0.01207981	AMR
AMR_subclass_IN_SST	ENSG00000135047	chr9	rs573067248	0.2722988	AMR
AMR_subclass_IN_SST	ENSG00000135047	chr9	rs182303713	-0.1942369	AMR
AMR_subclass_IN_SST	ENSG00000135047	chr9	rs112848834	-0.08893219	AMR
AMR_subclass_IN_SST	ENSG00000135047	chr9	rs66902899	0.05444425	AMR
AMR_subclass_IN_SST	ENSG00000135047	chr9	rs56173105	0.055668	AMR
AMR_subclass_IN_SST	ENSG00000135047	chr9	rs111859607	0.001578404	AMR
AMR_subclass_IN_SST	ENSG00000135047	chr9	rs72739572	0.05349609	AMR
AMR_subclass_IN_SST	ENSG00000135047	chr9	rs7863827	0.0007206353	AMR
AMR_subclass_IN_SST	ENSG00000135047	chr9	rs72739576	0.05189368	AMR
AMR_subclass_IN_SST	ENSG00000135047	chr9	rs72739577	0.05045439	AMR
AMR_subclass_IN_SST	ENSG00000135047	chr9	rs77176991	4.537831e-05	AMR
AMR_subclass_IN_SST	ENSG00000135047	chr9	rs79442120	1.189035e-05	AMR
AMR_subclass_IN_SST	ENSG00000135047	chr9	rs59177077	-0.05465021	AMR
AMR_subclass_IN_SST	ENSG00000135047	chr9	rs72739583	-0.2334187	AMR
AMR_subclass_IN_SST	ENSG00000135047	chr9	rs7023142	-1.453365	AMR
AMR_subclass_IN_SST	ENSG00000135047	chr9	rs117831150	0.03819855	AMR
AMR_subclass_IN_SST	ENSG00000135047	chr9	rs76918661	0.002452172	AMR
AMR_subclass_IN_SST	ENSG00000135047	chr9	rs77217274	0.002229643	AMR
AMR_subclass_IN_SST	ENSG00000135047	chr9	rs79054245	0.001075806	AMR
AMR_subclass_IN_SST	ENSG00000135047	chr9	rs1946587	0.0003720735	AMR
AMR_subclass_IN_SST	ENSG00000135047	chr9	rs76637741	0.0001033442	AMR
AMR_subclass_IN_SST	ENSG00000135047	chr9	rs78446326	2.449967e-05	AMR
AMR_subclass_IN_SST	ENSG00000135047	chr9	rs11141641	0.02084295	AMR
AMR_subclass_IN_SST	ENSG00000135047	chr9	rs10868518	0.02113637	AMR
AMR_subclass_IN_SST	ENSG00000135047	chr9	rs7047459	0.02022914	AMR
AMR_subclass_IN_SST	ENSG00000135047	chr9	rs17468575	-0.03807033	AMR
AMR_subclass_IN_SST	ENSG00000135047	chr9	rs1885782	0.0245876	AMR
AMR_subclass_IN_SST	ENSG00000135047	chr9	rs278697	0.1119318	AMR
AMR_subclass_IN_SST	ENSG00000135047	chr9	rs13288797	0.009059696	AMR
AMR_subclass_IN_SST	ENSG00000135047	chr9	rs11141720	0.00830428	AMR
AMR_subclass_IN_SST	ENSG00000135047	chr9	rs77686574	0.03697085	AMR
AMR_subclass_IN_SST	ENSG00000135047	chr9	rs75255774	0.003751249	AMR
AMR_subclass_IN_SST	ENSG00000135047	chr9	rs77645975	0.191535	AMR
AMR_subclass_IN_SST	ENSG00000135047	chr9	rs59722679	0.01968089	AMR
AMR_subclass_IN_SST	ENSG00000135047	chr9	rs75902767	0.2079494	AMR
AMR_subclass_IN_SST	ENSG00000135047	chr9	rs59531139	0.01675734	AMR
AMR_subclass_IN_SST	ENSG00000135047	chr9	rs62564946	-0.06116644	AMR
AMR_subclass_IN_SST	ENSG00000135047	chr9	rs11793040	-0.004832653	AMR
AMR_subclass_IN_SST	ENSG00000135047	chr9	rs10780825	-0.01243667	AMR
AMR_subclass_IN_SST	ENSG00000135047	chr9	rs57073900	-0.2401309	AMR
AMR_subclass_IN_SST	ENSG00000135047	chr9	rs78859724	-0.0155436	AMR
AMR_subclass_IN_SST	ENSG00000135047	chr9	rs7044399	-0.01088042	AMR
AMR_subclass_IN_SST	ENSG00000135047	chr9	rs117924257	-0.004949189	AMR
AMR_subclass_IN_SST	ENSG00000135047	chr9	rs139916692	-0.001760423	AMR
AMR_subclass_IN_SST	ENSG00000135047	chr9	rs148455265	-0.000530012	AMR
AMR_subclass_IN_SST	ENSG00000135047	chr9	rs7467527	0.0310362	AMR
AMR_subclass_IN_SST	ENSG00000135047	chr9	rs117492543	-0.319494	AMR
AMR_subclass_IN_SST	ENSG00000135047	chr9	rs12553529	0.2004737	AMR
AMR_subclass_IN_SST	ENSG00000135047	chr9	rs35878877	-0.006573166	AMR
AMR_subclass_IN_SST	ENSG00000135047	chr9	rs35413293	0.04679268	AMR
AMR_subclass_IN_SST	ENSG00000135047	chr9	rs1558890	0.07831112	AMR
AMR_subclass_IN_SST	ENSG00000135047	chr9	rs11141901	0.1777582	AMR
AMR_subclass_IN_SST	ENSG00000135047	chr9	rs17480679	0.1534292	AMR
AMR_subclass_IN_SST	ENSG00000135047	chr9	rs12343313	0.1346223	AMR
AMR_subclass_IN_SST	ENSG00000135047	chr9	rs7041482	0.1015032	AMR
AMR_subclass_IN_SST	ENSG00000135047	chr9	rs72747878	-0.01267595	AMR
AMR_subclass_IN_SST	ENSG00000135047	chr9	rs3128476	0.1473318	AMR
AMR_subclass_IN_SST	ENSG00000135047	chr9	rs1410577	0.1884666	AMR
AMR_subclass_IN_SST	ENSG00000135047	chr9	rs36216394	-0.01416781	AMR
AMR_subclass_IN_SST	ENSG00000135047	chr9	rs36216395	-0.01445543	AMR
AMR_subclass_IN_SST	ENSG00000135047	chr9	rs3750539	-0.01442153	AMR
AMR_subclass_IN_SST	ENSG00000135047	chr9	rs3750537	-0.01424614	AMR
AMR_subclass_IN_SST	ENSG00000135047	chr9	rs72747889	-0.01396154	AMR
AMR_subclass_IN_SST	ENSG00000135047	chr9	rs145254680	-0.0135829	AMR
AMR_subclass_IN_SST	ENSG00000135047	chr9	rs36220445	-0.1015774	AMR
AMR_subclass_IN_SST	ENSG00000135047	chr9	rs113253416	-0.1018664	AMR
AMR_subclass_IN_SST	ENSG00000135047	chr9	rs55954725	-0.0985123	AMR
AMR_subclass_IN_SST	ENSG00000135047	chr9	rs1927980	0.03196065	AMR
AMR_subclass_IN_SST	ENSG00000135047	chr9	rs1927982	0.03001913	AMR
AMR_subclass_IN_SST	ENSG00000135047	chr9	rs4366160	0.02232242	AMR
AMR_subclass_IN_SST	ENSG00000135047	chr9	rs117215574	-0.02423864	AMR
AMR_subclass_IN_SST	ENSG00000135047	chr9	rs7874019	0.008156454	AMR
AMR_subclass_IN_SST	ENSG00000135047	chr9	rs9697005	0.008759931	AMR
AMR_subclass_IN_SST	ENSG00000135047	chr9	rs6560039	0.009087798	AMR
AMR_subclass_IN_SST	ENSG00000135047	chr9	rs11141999	0.009134761	AMR
AMR_subclass_IN_SST	ENSG00000135047	chr9	rs11142001	0.00904652	AMR
AMR_subclass_IN_SST	ENSG00000135047	chr9	rs4877378	0.008936787	AMR
AMR_subclass_IN_SST	ENSG00000135047	chr9	rs61580688	-0.19343	AMR
AMR_subclass_IN_SST	ENSG00000135047	chr9	rs12003604	0.03834867	AMR
AMR_subclass_IN_SST	ENSG00000135047	chr9	rs78034225	0.03625439	AMR
AMR_subclass_IN_SST	ENSG00000135047	chr9	rs11142023	-0.1944214	AMR
AMR_subclass_IN_SST	ENSG00000135047	chr9	rs113952027	0.01418756	AMR
AMR_subclass_IN_SST	ENSG00000135047	chr9	rs117383009	-0.1924834	AMR
AMR_subclass_IN_SST	ENSG00000135047	chr9	rs116856305	-0.1899049	AMR
AMR_subclass_IN_SST	ENSG00000135047	chr9	rs944633	0.02950325	AMR
AMR_subclass_IN_SST	ENSG00000135047	chr9	rs7037007	-0.007336441	AMR
AMR_subclass_IN_SST	ENSG00000135047	chr9	rs34351607	-0.0476491	AMR
AMR_subclass_IN_SST	ENSG00000135047	chr9	rs78801746	-0.0743278	AMR
AMR_subclass_IN_SST	ENSG00000135047	chr9	rs11142271	-0.001404597	AMR
AMR_subclass_IN_SST	ENSG00000135047	chr9	rs151284206	-0.07764773	AMR
AMR_subclass_IN_SST	ENSG00000135047	chr9	rs2354555	0.01052991	AMR
AMR_subclass_IN_SST	ENSG00000135047	chr9	rs9410664	0.08546239	AMR
AMR_subclass_IN_SST	ENSG00000135047	chr9	rs28513342	0.000735027	AMR
AMR_subclass_IN_SST	ENSG00000135047	chr9	rs4877453	0.01635658	AMR
AMR_subclass_IN_SST	ENSG00000135048	chr9	rs12003443	-0.0086939196	AMR
AMR_subclass_IN_SST	ENSG00000135048	chr9	rs10123027	0.0002570901	AMR
AMR_subclass_IN_SST	ENSG00000135048	chr9	rs12377705	-0.0015871504	AMR
AMR_subclass_IN_SST	ENSG00000135048	chr9	rs7021501	-0.1028863743	AMR
AMR_subclass_IN_SST	ENSG00000135048	chr9	rs78471362	-0.0456437738	AMR
AMR_subclass_IN_SST	ENSG00000135048	chr9	rs73470412	-0.0461448642	AMR
AMR_subclass_IN_SST	ENSG00000135048	chr9	rs73470416	-0.0449382508	AMR
AMR_subclass_IN_SST	ENSG00000135048	chr9	rs62547006	0.0196888401	AMR
AMR_subclass_IN_SST	ENSG00000135048	chr9	rs62547007	0.0233385268	AMR
AMR_subclass_IN_SST	ENSG00000135048	chr9	rs41308888	0.0253035321	AMR
AMR_subclass_IN_SST	ENSG00000135048	chr9	rs62547010	0.0255634783	AMR
AMR_subclass_IN_SST	ENSG00000135048	chr9	rs62547012	0.0249455043	AMR
AMR_subclass_IN_SST	ENSG00000135048	chr9	rs62547015	0.0240717596	AMR
AMR_subclass_IN_SST	ENSG00000135048	chr9	rs62547017	0.0232856631	AMR
AMR_subclass_IN_SST	ENSG00000135048	chr9	rs62547018	0.0227466128	AMR
AMR_subclass_IN_SST	ENSG00000135048	chr9	rs76949154	0.0224827939	AMR
AMR_subclass_IN_SST	ENSG00000135048	chr9	rs62547021	0.0224334643	AMR
AMR_subclass_IN_SST	ENSG00000135048	chr9	rs62547022	0.0224974295	AMR
AMR_subclass_IN_SST	ENSG00000135048	chr9	rs62547023	0.0225761467	AMR
AMR_subclass_IN_SST	ENSG00000135048	chr9	rs62547025	0.022600776	AMR
AMR_subclass_IN_SST	ENSG00000135048	chr9	rs62547026	0.0225416123	AMR
AMR_subclass_IN_SST	ENSG00000135048	chr9	rs62547027	0.022403875	AMR
AMR_subclass_IN_SST	ENSG00000135048	chr9	rs25693	0.0222155535	AMR
AMR_subclass_IN_SST	ENSG00000135048	chr9	rs25694	0.0220128892	AMR
AMR_subclass_IN_SST	ENSG00000135048	chr9	rs62547029	0.0218279622	AMR
AMR_subclass_IN_SST	ENSG00000135048	chr9	rs62547031	0.0216810478	AMR
AMR_subclass_IN_SST	ENSG00000135048	chr9	rs62547050	0.0215783555	AMR
AMR_subclass_IN_SST	ENSG00000135048	chr9	rs62547051	0.0215140921	AMR
AMR_subclass_IN_SST	ENSG00000135048	chr9	rs62547053	0.0214749213	AMR
AMR_subclass_IN_SST	ENSG00000135048	chr9	rs2274699	0.021444865	AMR
AMR_subclass_IN_SST	ENSG00000135048	chr9	rs62547054	0.0214092441	AMR
AMR_subclass_IN_SST	ENSG00000135048	chr9	rs62547055	0.0213570149	AMR
AMR_subclass_IN_SST	ENSG00000135048	chr9	rs62547059	0.0212815127	AMR
AMR_subclass_IN_SST	ENSG00000135048	chr9	rs62549260	0.0211800165	AMR
AMR_subclass_IN_SST	ENSG00000135048	chr9	rs62549266	0.0210526846	AMR
AMR_subclass_IN_SST	ENSG00000135048	chr9	rs72737984	0.0209013481	AMR
AMR_subclass_IN_SST	ENSG00000135048	chr9	rs72737985	0.0207284857	AMR
AMR_subclass_IN_SST	ENSG00000135048	chr9	rs189125943	0.0205365289	AMR
AMR_subclass_IN_SST	ENSG00000135048	chr9	rs192628868	0.0203275055	AMR
AMR_subclass_IN_SST	ENSG00000135048	chr9	rs62549269	0.0201029458	AMR
AMR_subclass_IN_SST	ENSG00000135048	chr9	rs150114420	0.0198639479	AMR
AMR_subclass_IN_SST	ENSG00000135048	chr9	rs62549270	0.019611305	AMR
AMR_subclass_IN_SST	ENSG00000135048	chr9	rs62549271	0.0193456327	AMR
AMR_subclass_IN_SST	ENSG00000135048	chr9	rs62549272	0.0190674619	AMR
AMR_subclass_IN_SST	ENSG00000135048	chr9	rs139003415	0.0187772954	AMR
AMR_subclass_IN_SST	ENSG00000135048	chr9	rs62549273	0.0184756411	AMR
AMR_subclass_IN_SST	ENSG00000135048	chr9	rs25691	0.0181630382	AMR
AMR_subclass_IN_SST	ENSG00000135048	chr9	rs25690	0.0178400913	AMR
AMR_subclass_IN_SST	ENSG00000135048	chr9	rs62549279	0.0175075182	AMR
AMR_subclass_IN_SST	ENSG00000135048	chr9	rs62549280	0.0171662075	AMR
AMR_subclass_IN_SST	ENSG00000135048	chr9	rs62549281	0.0168172775	AMR
AMR_subclass_IN_SST	ENSG00000135048	chr9	rs62549284	0.0164621238	AMR
AMR_subclass_IN_SST	ENSG00000135048	chr9	rs12379790	0.1174682899	AMR
AMR_subclass_IN_SST	ENSG00000135048	chr9	rs76979068	-0.0015264389	AMR
AMR_subclass_IN_SST	ENSG00000135048	chr9	rs11143176	-0.0181465289	AMR
AMR_subclass_IN_SST	ENSG00000135048	chr9	rs10869149	-0.0179199134	AMR
AMR_subclass_IN_SST	ENSG00000135048	chr9	rs75977671	0.0079996115	AMR
AMR_subclass_IN_SST	ENSG00000135048	chr9	rs6560283	-0.0710528985	AMR
AMR_subclass_IN_SST	ENSG00000135048	chr9	rs80174258	0.0672004067	AMR
AMR_subclass_IN_SST	ENSG00000135083	chr5	rs138384115	-0.030114694	AMR
AMR_subclass_IN_SST	ENSG00000135083	chr5	rs4921508	0.110758889	AMR
AMR_subclass_IN_SST	ENSG00000135083	chr5	rs58304734	0.034755541	AMR
AMR_subclass_IN_SST	ENSG00000135083	chr5	rs12153640	-0.02676306	AMR
AMR_subclass_IN_SST	ENSG00000135083	chr5	rs12019307	-0.009111727	AMR
AMR_subclass_IN_SST	ENSG00000135083	chr5	rs6556441	-0.002982059	AMR
AMR_subclass_IN_SST	ENSG00000135083	chr5	rs6860288	-0.001808451	AMR
AMR_subclass_IN_SST	ENSG00000135083	chr5	rs10055274	-0.072620129	AMR
AMR_subclass_IN_SST	ENSG00000135083	chr5	rs74742361	-0.043607551	AMR
AMR_subclass_IN_SST	ENSG00000135083	chr5	rs11750868	-0.068497682	AMR
AMR_subclass_IN_SST	ENSG00000135083	chr5	rs1835928	-0.068408435	AMR
AMR_subclass_IN_SST	ENSG00000135083	chr5	rs115654707	0.473825215	AMR
AMR_subclass_IN_SST	ENSG00000135083	chr5	rs889080	-0.091991836	AMR
AMR_subclass_IN_SST	ENSG00000135083	chr5	rs9216	0.005750788	AMR
AMR_subclass_IN_SST	ENSG00000135083	chr5	rs6879104	0.075951016	AMR
AMR_subclass_IN_SST	ENSG00000135083	chr5	rs2910173	0.070986772	AMR
AMR_subclass_IN_SST	ENSG00000135083	chr5	rs2910174	0.204102397	AMR
AMR_subclass_IN_SST	ENSG00000135083	chr5	rs17057736	0.155842759	AMR
AMR_subclass_IN_SST	ENSG00000135083	chr5	rs1582417	0.012421939	AMR
AMR_subclass_IN_SST	ENSG00000135083	chr5	rs7447360	-0.030748702	AMR
AMR_subclass_IN_SST	ENSG00000135083	chr5	rs12656859	-0.13103157	AMR
AMR_subclass_IN_SST	ENSG00000135083	chr5	rs113833006	0.010786842	AMR
AMR_subclass_IN_SST	ENSG00000135083	chr5	rs113154872	0.006633133	AMR
AMR_subclass_IN_SST	ENSG00000135083	chr5	rs253016	-0.010776657	AMR
AMR_subclass_IN_SST	ENSG00000135083	chr5	rs253014	-0.01107372	AMR
AMR_subclass_IN_SST	ENSG00000135083	chr5	rs1644454	-0.010849206	AMR
AMR_subclass_IN_SST	ENSG00000135164	chr7	rs78060098	-0.09373217	AMR
AMR_subclass_IN_SST	ENSG00000135164	chr7	rs6946275	0.02018683	AMR
AMR_subclass_IN_SST	ENSG00000135164	chr7	rs2191856	-0.01626614	AMR
AMR_subclass_IN_SST	ENSG00000135164	chr7	rs148775650	0.1544179	AMR
AMR_subclass_IN_SST	ENSG00000135164	chr7	rs1588126	-0.02535516	AMR
AMR_subclass_IN_SST	ENSG00000135164	chr7	rs1405881	-0.02599111	AMR
AMR_subclass_IN_SST	ENSG00000135164	chr7	rs113336184	-0.02450435	AMR
AMR_subclass_IN_SST	ENSG00000135164	chr7	rs73211621	-0.02469435	AMR
AMR_subclass_IN_SST	ENSG00000135164	chr7	rs17697543	-0.002150679	AMR
AMR_subclass_IN_SST	ENSG00000135164	chr7	rs73202985	0.03336393	AMR
AMR_subclass_IN_SST	ENSG00000135164	chr7	rs73202987	0.03433778	AMR
AMR_subclass_IN_SST	ENSG00000135164	chr7	rs73202988	0.03569763	AMR
AMR_subclass_IN_SST	ENSG00000135164	chr7	rs73202994	0.03641985	AMR
AMR_subclass_IN_SST	ENSG00000135164	chr7	rs73202997	0.03672829	AMR
AMR_subclass_IN_SST	ENSG00000135164	chr7	rs55825235	0.2081251	AMR
AMR_subclass_IN_SST	ENSG00000135164	chr7	rs113458968	0.006058907	AMR
AMR_subclass_IN_SST	ENSG00000135164	chr7	rs73206908	0.007945435	AMR
AMR_subclass_IN_SST	ENSG00000135164	chr7	rs150963116	0.006391918	AMR
AMR_subclass_IN_SST	ENSG00000135164	chr7	rs55823330	0.003978551	AMR
AMR_subclass_IN_SST	ENSG00000135164	chr7	rs55813769	0.002102981	AMR
AMR_subclass_IN_SST	ENSG00000135164	chr7	rs78403619	0.0009888377	AMR
AMR_subclass_IN_SST	ENSG00000135164	chr7	rs74573735	0.000424526	AMR
AMR_subclass_IN_SST	ENSG00000135164	chr7	rs73206945	0.0001691086	AMR
AMR_subclass_IN_SST	ENSG00000135164	chr7	rs113171102	6.31913e-05	AMR
AMR_subclass_IN_SST	ENSG00000135164	chr7	rs73206960	2.232981e-05	AMR
AMR_subclass_IN_SST	ENSG00000135164	chr7	rs11971364	7.509523e-06	AMR
AMR_subclass_IN_SST	ENSG00000135164	chr7	rs11976564	2.416106e-06	AMR
AMR_subclass_IN_SST	ENSG00000135164	chr7	rs73206967	7.470058e-07	AMR
AMR_subclass_IN_SST	ENSG00000135164	chr7	rs56056472	2.227902e-07	AMR
AMR_subclass_IN_SST	ENSG00000135164	chr7	rs73206972	6.430966e-08	AMR
AMR_subclass_IN_SST	ENSG00000135164	chr7	rs73206974	1.80189e-08	AMR
AMR_subclass_IN_SST	ENSG00000135164	chr7	rs73206976	4.913204e-09	AMR
AMR_subclass_IN_SST	ENSG00000135164	chr7	rs73206980	1.306676e-09	AMR
AMR_subclass_IN_SST	ENSG00000135164	chr7	rs73206989	3.396319e-10	AMR
AMR_subclass_IN_SST	ENSG00000135164	chr7	rs11980996	8.642891e-11	AMR
AMR_subclass_IN_SST	ENSG00000135164	chr7	rs73206998	0.000315689	AMR
AMR_subclass_IN_SST	ENSG00000135164	chr7	rs55817867	0.0005323708	AMR
AMR_subclass_IN_SST	ENSG00000135164	chr7	rs73208506	0.0001622557	AMR
AMR_subclass_IN_SST	ENSG00000135164	chr7	rs73208509	4.671066e-05	AMR
AMR_subclass_IN_SST	ENSG00000135164	chr7	rs73208512	1.188178e-05	AMR
AMR_subclass_IN_SST	ENSG00000135164	chr7	rs73208515	2.744088e-06	AMR
AMR_subclass_IN_SST	ENSG00000135164	chr7	rs73208516	5.908679e-07	AMR
AMR_subclass_IN_SST	ENSG00000135164	chr7	rs73208519	1.20826e-07	AMR
AMR_subclass_IN_SST	ENSG00000135164	chr7	rs73208535	2.375855e-08	AMR
AMR_subclass_IN_SST	ENSG00000135164	chr7	rs73208540	4.531152e-09	AMR
AMR_subclass_IN_SST	ENSG00000135164	chr7	rs73208541	8.433127e-10	AMR
AMR_subclass_IN_SST	ENSG00000135164	chr7	rs73208550	1.538541e-10	AMR
AMR_subclass_IN_SST	ENSG00000135164	chr7	rs73208553	2.760875e-11	AMR
AMR_subclass_IN_SST	ENSG00000135164	chr7	rs113326051	4.885607e-12	AMR
AMR_subclass_IN_SST	ENSG00000135164	chr7	rs112997330	8.541185e-13	AMR
AMR_subclass_IN_SST	ENSG00000135164	chr7	rs73210216	1.478626e-13	AMR
AMR_subclass_IN_SST	ENSG00000135164	chr7	rs73210217	2.523938e-14	AMR
AMR_subclass_IN_SST	ENSG00000135164	chr7	rs73210219	4.578826e-15	AMR
AMR_subclass_IN_SST	ENSG00000135164	chr7	rs73210230	6.70072e-16	AMR
AMR_subclass_IN_SST	ENSG00000135164	chr7	rs11971394	2.233573e-16	AMR
AMR_subclass_IN_SST	ENSG00000135164	chr7	rs73212058	-0.2446623	AMR
AMR_subclass_IN_SST	ENSG00000135164	chr7	rs802035	-0.01425144	AMR
AMR_subclass_IN_SST	ENSG00000135164	chr7	rs45503798	0.02521437	AMR
AMR_subclass_IN_SST	ENSG00000135164	chr7	rs142604664	-0.0703802	AMR
AMR_subclass_IN_SST	ENSG00000135164	chr7	rs4728700	-0.005861567	AMR
AMR_subclass_IN_SST	ENSG00000135164	chr7	rs10808072	-0.003966999	AMR
AMR_subclass_IN_SST	ENSG00000135164	chr7	rs6961665	-0.003482654	AMR
AMR_subclass_IN_SST	ENSG00000135164	chr7	rs17336922	-0.1613168	AMR
AMR_subclass_IN_SST	ENSG00000135164	chr7	rs77534830	-0.2584883	AMR
AMR_subclass_IN_SST	ENSG00000135164	chr7	rs117125047	0.09150606	AMR
AMR_subclass_IN_SST	ENSG00000136205	chr7	rs12538266	0.007769904	AMR
AMR_subclass_IN_SST	ENSG00000136205	chr7	rs10951873	0.01306159	AMR
AMR_subclass_IN_SST	ENSG00000136205	chr7	rs4720555	0.0001669832	AMR
AMR_subclass_IN_SST	ENSG00000136205	chr7	rs12540543	2.393525e-05	AMR
AMR_subclass_IN_SST	ENSG00000136205	chr7	rs2345713	3.430861e-06	AMR
AMR_subclass_IN_SST	ENSG00000136205	chr7	rs2345712	0.02084683	AMR
AMR_subclass_IN_SST	ENSG00000136205	chr7	rs2345711	0.0002460672	AMR
AMR_subclass_IN_SST	ENSG00000136205	chr7	rs4724505	3.52711e-05	AMR
AMR_subclass_IN_SST	ENSG00000136205	chr7	rs4354226	0.03955356	AMR
AMR_subclass_IN_SST	ENSG00000136205	chr7	rs4724508	0.03273038	AMR
AMR_subclass_IN_SST	ENSG00000136205	chr7	rs62446192	0.02703168	AMR
AMR_subclass_IN_SST	ENSG00000136205	chr7	rs11766061	0.02817775	AMR
AMR_subclass_IN_SST	ENSG00000136205	chr7	rs11766093	0.02840672	AMR
AMR_subclass_IN_SST	ENSG00000136205	chr7	rs9942715	0.004618226	AMR
AMR_subclass_IN_SST	ENSG00000136205	chr7	rs7457438	0.003846304	AMR
AMR_subclass_IN_SST	ENSG00000136205	chr7	rs7458051	0.003752493	AMR
AMR_subclass_IN_SST	ENSG00000136205	chr7	rs1548602	0.01283957	AMR
AMR_subclass_IN_SST	ENSG00000136205	chr7	rs4720557	-0.003815755	AMR
AMR_subclass_IN_SST	ENSG00000136205	chr7	rs4720558	-0.0038113	AMR
AMR_subclass_IN_SST	ENSG00000136205	chr7	rs6463354	-0.003656846	AMR
AMR_subclass_IN_SST	ENSG00000136205	chr7	rs6463358	-0.003408064	AMR
AMR_subclass_IN_SST	ENSG00000136205	chr7	rs7810453	-0.003132895	AMR
AMR_subclass_IN_SST	ENSG00000136205	chr7	rs7778525	-0.002871537	AMR
AMR_subclass_IN_SST	ENSG00000136205	chr7	rs6463360	-0.002632431	AMR
AMR_subclass_IN_SST	ENSG00000136205	chr7	rs10251528	-0.002405127	AMR
AMR_subclass_IN_SST	ENSG00000136205	chr7	rs7802932	-0.002175346	AMR
AMR_subclass_IN_SST	ENSG00000136205	chr7	rs10258860	-0.0124065	AMR
AMR_subclass_IN_SST	ENSG00000136205	chr7	rs73090667	-0.04246996	AMR
AMR_subclass_IN_SST	ENSG00000136205	chr7	rs73090669	-0.0416005	AMR
AMR_subclass_IN_SST	ENSG00000136205	chr7	rs1595545	-0.0235283	AMR
AMR_subclass_IN_SST	ENSG00000136205	chr7	rs141196252	-0.1240852	AMR
AMR_subclass_IN_SST	ENSG00000136205	chr7	rs76679313	-0.07345668	AMR
AMR_subclass_IN_SST	ENSG00000136205	chr7	rs6956779	-0.09345612	AMR
AMR_subclass_IN_SST	ENSG00000136205	chr7	rs115153775	-0.3534969	AMR
AMR_subclass_IN_SST	ENSG00000136205	chr7	rs56101906	0.07377192	AMR
AMR_subclass_IN_SST	ENSG00000136205	chr7	rs377233763	-0.1184306	AMR
AMR_subclass_IN_SST	ENSG00000136205	chr7	rs11977739	0.0007525536	AMR
AMR_subclass_IN_SST	ENSG00000136205	chr7	rs11763932	-0.01383922	AMR
AMR_subclass_IN_SST	ENSG00000136205	chr7	rs4720598	-0.01443525	AMR
AMR_subclass_IN_SST	ENSG00000136205	chr7	rs2278873	-0.0143879	AMR
AMR_subclass_IN_SST	ENSG00000136205	chr7	rs2278874	-0.01380594	AMR
AMR_subclass_IN_SST	ENSG00000136205	chr7	rs57791243	0.009775547	AMR
AMR_subclass_IN_SST	ENSG00000136205	chr7	rs4720599	-0.04578004	AMR
AMR_subclass_IN_SST	ENSG00000136205	chr7	rs11767147	-0.2308351	AMR
AMR_subclass_IN_SST	ENSG00000136205	chr7	rs73103392	-0.167272	AMR
AMR_subclass_IN_SST	ENSG00000136205	chr7	rs73097433	-0.002491881	AMR
AMR_subclass_IN_SST	ENSG00000136205	chr7	rs73097435	-0.001180694	AMR
AMR_subclass_IN_SST	ENSG00000136205	chr7	rs73101473	-0.0003830792	AMR
AMR_subclass_IN_SST	ENSG00000136205	chr7	rs17627690	-0.0001031704	AMR
AMR_subclass_IN_SST	ENSG00000136205	chr7	rs17710675	-0.0300192	AMR
AMR_subclass_IN_SST	ENSG00000136205	chr7	rs1869322	-0.03087443	AMR
AMR_subclass_IN_SST	ENSG00000136205	chr7	rs12673415	-0.0304721	AMR
AMR_subclass_IN_SST	ENSG00000136205	chr7	rs12671226	-0.02925292	AMR
AMR_subclass_IN_SST	ENSG00000136205	chr7	rs56100904	0.0437823	AMR
AMR_subclass_IN_SST	ENSG00000136205	chr7	rs35389440	0.007738472	AMR
AMR_subclass_IN_SST	ENSG00000136205	chr7	rs35051223	-0.03855902	AMR
AMR_subclass_IN_SST	ENSG00000136205	chr7	rs3763504	0.01139657	AMR
AMR_subclass_IN_SST	ENSG00000136205	chr7	rs6463466	0.1100822	AMR
AMR_subclass_IN_SST	ENSG00000136205	chr7	rs13243674	-0.004478619	AMR
AMR_subclass_IN_SST	ENSG00000136205	chr7	rs13243769	-0.004404921	AMR
AMR_subclass_IN_SST	ENSG00000136205	chr7	rs35377328	-0.004628814	AMR
AMR_subclass_IN_SST	ENSG00000136205	chr7	rs34002712	-0.004816607	AMR
AMR_subclass_IN_SST	ENSG00000136205	chr7	rs17662496	-0.0049214	AMR
AMR_subclass_IN_SST	ENSG00000136205	chr7	rs17730054	-0.004986426	AMR
AMR_subclass_IN_SST	ENSG00000136205	chr7	rs17662528	-0.005035998	AMR
AMR_subclass_IN_SST	ENSG00000136205	chr7	rs1030708	-0.005070431	AMR
AMR_subclass_IN_SST	ENSG00000136205	chr7	rs2017490	-0.005084843	AMR
AMR_subclass_IN_SST	ENSG00000136205	chr7	rs930241	-0.005079059	AMR
AMR_subclass_IN_SST	ENSG00000136824	chr9	rs78015363	-0.015152571	AMR
AMR_subclass_IN_SST	ENSG00000136824	chr9	rs7031266	-0.014418208	AMR
AMR_subclass_IN_SST	ENSG00000136824	chr9	rs7848961	0.044723526	AMR
AMR_subclass_IN_SST	ENSG00000136824	chr9	rs7048372	-0.023754867	AMR
AMR_subclass_IN_SST	ENSG00000136824	chr9	rs2274724	-0.010967392	AMR
AMR_subclass_IN_SST	ENSG00000136824	chr9	rs10820602	-0.024708806	AMR
AMR_subclass_IN_SST	ENSG00000136824	chr9	rs2274725	-0.025054485	AMR
AMR_subclass_IN_SST	ENSG00000136824	chr9	rs2122577	-0.011605347	AMR
AMR_subclass_IN_SST	ENSG00000136824	chr9	rs10820603	-0.011574148	AMR
AMR_subclass_IN_SST	ENSG00000136824	chr9	rs1026181	-0.017299183	AMR
AMR_subclass_IN_SST	ENSG00000136824	chr9	rs7023085	-0.012680996	AMR
AMR_subclass_IN_SST	ENSG00000136824	chr9	rs726203	-0.031707123	AMR
AMR_subclass_IN_SST	ENSG00000136824	chr9	rs10820609	-0.019485605	AMR
AMR_subclass_IN_SST	ENSG00000136824	chr9	rs4743689	-0.018061245	AMR
AMR_subclass_IN_SST	ENSG00000136824	chr9	rs4743690	-0.018196257	AMR
AMR_subclass_IN_SST	ENSG00000136824	chr9	rs9942894	-0.019889615	AMR
AMR_subclass_IN_SST	ENSG00000136824	chr9	rs1450672	-0.004678375	AMR
AMR_subclass_IN_SST	ENSG00000136824	chr9	rs10991147	-0.00479854	AMR
AMR_subclass_IN_SST	ENSG00000136824	chr9	rs10991151	-0.004863213	AMR
AMR_subclass_IN_SST	ENSG00000136824	chr9	rs10991152	-0.004896934	AMR
AMR_subclass_IN_SST	ENSG00000136824	chr9	rs10991153	-0.004890856	AMR
AMR_subclass_IN_SST	ENSG00000136824	chr9	rs111944779	-0.004861095	AMR
AMR_subclass_IN_SST	ENSG00000136824	chr9	rs2089460	-0.004832273	AMR
AMR_subclass_IN_SST	ENSG00000136824	chr9	rs1395829	-0.004814687	AMR
AMR_subclass_IN_SST	ENSG00000136824	chr9	rs12375816	-0.004803996	AMR
AMR_subclass_IN_SST	ENSG00000136824	chr9	rs10991156	-0.004791713	AMR
AMR_subclass_IN_SST	ENSG00000136824	chr9	rs10991163	-0.019467432	AMR
AMR_subclass_IN_SST	ENSG00000136824	chr9	rs1507515	-0.029900841	AMR
AMR_subclass_IN_SST	ENSG00000136824	chr9	rs7855137	-0.014056612	AMR
AMR_subclass_IN_SST	ENSG00000136824	chr9	rs7041529	-0.013874225	AMR
AMR_subclass_IN_SST	ENSG00000136824	chr9	rs1857981	-0.013819568	AMR
AMR_subclass_IN_SST	ENSG00000136824	chr9	rs10124553	-0.013822407	AMR
AMR_subclass_IN_SST	ENSG00000136824	chr9	rs10991186	-0.007580578	AMR
AMR_subclass_IN_SST	ENSG00000136824	chr9	rs10120101	-0.013793207	AMR
AMR_subclass_IN_SST	ENSG00000136824	chr9	rs12003785	-0.013854177	AMR
AMR_subclass_IN_SST	ENSG00000136824	chr9	rs10820628	-0.007461394	AMR
AMR_subclass_IN_SST	ENSG00000136881	chr9	rs72733397	0.001377203	AMR
AMR_subclass_IN_SST	ENSG00000136881	chr9	rs62579387	-0.074453852	AMR
AMR_subclass_IN_SST	ENSG00000136881	chr9	rs12339558	-0.073804891	AMR
AMR_subclass_IN_SST	ENSG00000136881	chr9	rs12235981	0.003683646	AMR
AMR_subclass_IN_SST	ENSG00000136881	chr9	rs1936638	-0.272144109	AMR
AMR_subclass_IN_SST	ENSG00000136881	chr9	rs74212697	-0.688827863	AMR
AMR_subclass_IN_SST	ENSG00000136881	chr9	rs62579779	0.036887471	AMR
AMR_subclass_IN_SST	ENSG00000136881	chr9	rs10739802	0.024935498	AMR
AMR_subclass_IN_SST	ENSG00000136881	chr9	rs79162070	0.038482705	AMR
AMR_subclass_IN_SST	ENSG00000136881	chr9	rs117368769	-0.011414815	AMR
AMR_subclass_IN_SST	ENSG00000136881	chr9	rs201517510	-0.009147114	AMR
AMR_subclass_IN_SST	ENSG00000136881	chr9	rs114717353	-0.02933563	AMR
AMR_subclass_IN_SST	ENSG00000136881	chr9	rs12552528	-0.085294711	AMR
AMR_subclass_IN_SST	ENSG00000136881	chr9	rs73496870	-0.04790382	AMR
AMR_subclass_IN_SST	ENSG00000136881	chr9	rs7024424	-0.047988262	AMR
AMR_subclass_IN_SST	ENSG00000136881	chr9	rs73498810	-0.044821515	AMR
AMR_subclass_IN_SST	ENSG00000136881	chr9	rs73498830	-0.04199075	AMR
AMR_subclass_IN_SST	ENSG00000136881	chr9	rs1888165	-0.040686046	AMR
AMR_subclass_IN_SST	ENSG00000136881	chr9	rs73498857	-0.040465323	AMR
AMR_subclass_IN_SST	ENSG00000136881	chr9	rs73498859	-0.040655312	AMR
AMR_subclass_IN_SST	ENSG00000136881	chr9	rs73498878	-0.040806605	AMR
AMR_subclass_IN_SST	ENSG00000136881	chr9	rs73500711	-0.040713781	AMR
AMR_subclass_IN_SST	ENSG00000136881	chr9	rs59416689	0.151557212	AMR
AMR_subclass_IN_SST	ENSG00000136881	chr9	rs10116092	-0.028010366	AMR
AMR_subclass_IN_SST	ENSG00000136881	chr9	rs12338807	-0.031154795	AMR
AMR_subclass_IN_SST	ENSG00000136881	chr9	rs28514953	-0.032093802	AMR
AMR_subclass_IN_SST	ENSG00000136881	chr9	rs76694658	-0.031885656	AMR
AMR_subclass_IN_SST	ENSG00000136881	chr9	rs115688410	-0.031124548	AMR
AMR_subclass_IN_SST	ENSG00000136881	chr9	rs116813830	-0.029963467	AMR
AMR_subclass_IN_SST	ENSG00000136881	chr9	rs79025057	-0.028492307	AMR
AMR_subclass_IN_SST	ENSG00000136881	chr9	rs2987748	0.0018419	AMR
AMR_subclass_IN_SST	ENSG00000136881	chr9	rs7870507	0.002052052	AMR
AMR_subclass_IN_SST	ENSG00000136881	chr9	rs4631519	0.002650326	AMR
AMR_subclass_IN_SST	ENSG00000136881	chr9	rs4599875	0.003044977	AMR
AMR_subclass_IN_SST	ENSG00000136881	chr9	rs4990718	0.093815831	AMR
AMR_subclass_IN_SST	ENSG00000136881	chr9	rs2567308	0.102109009	AMR
AMR_subclass_IN_SST	ENSG00000136881	chr9	rs1367756	0.015311487	AMR
AMR_subclass_IN_SST	ENSG00000136881	chr9	rs1329078	-0.181669329	AMR
AMR_subclass_IN_SST	ENSG00000136881	chr9	rs74608690	-0.179442803	AMR
AMR_subclass_IN_SST	ENSG00000136881	chr9	rs17764774	-0.040219834	AMR
AMR_subclass_IN_SST	ENSG00000136881	chr9	rs62576948	0.298571572	AMR
AMR_subclass_IN_SST	ENSG00000136881	chr9	rs7868832	0.026385675	AMR
AMR_subclass_IN_SST	ENSG00000136881	chr9	rs12683674	0.095432971	AMR
AMR_subclass_IN_SST	ENSG00000136881	chr9	rs11793732	-0.038228018	AMR
AMR_subclass_IN_SST	ENSG00000136881	chr9	rs11787626	-0.03753746	AMR
AMR_subclass_IN_SST	ENSG00000136881	chr9	rs4322060	0.173494269	AMR
AMR_subclass_IN_SST	ENSG00000136881	chr9	rs1233980	0.018585978	AMR
AMR_subclass_IN_SST	ENSG00000136881	chr9	rs17187073	0.028679696	AMR
AMR_subclass_IN_SST	ENSG00000136881	chr9	rs2150736	0.005435344	AMR
AMR_subclass_IN_SST	ENSG00000136881	chr9	rs72743361	0.063211056	AMR
AMR_subclass_IN_SST	ENSG00000136881	chr9	rs72743362	0.008355477	AMR
AMR_subclass_IN_SST	ENSG00000136881	chr9	rs12003467	-0.375819933	AMR
AMR_subclass_IN_SST	ENSG00000136881	chr9	rs7846860	-0.005751012	AMR
AMR_subclass_IN_SST	ENSG00000136881	chr9	rs12685902	0.01760254	AMR
AMR_subclass_IN_SST	ENSG00000136881	chr9	rs61240200	0.198180963	AMR
AMR_subclass_IN_SST	ENSG00000136881	chr9	rs10989824	-0.102777652	AMR
AMR_subclass_IN_SST	ENSG00000136881	chr9	rs1535630	0.094959521	AMR
AMR_subclass_IN_SST	ENSG00000137449	chr4	rs2531171	0.17924333	AMR
AMR_subclass_IN_SST	ENSG00000137449	chr4	rs2531168	0.17950518	AMR
AMR_subclass_IN_SST	ENSG00000137449	chr4	rs2532082	0.02558585	AMR
AMR_subclass_IN_SST	ENSG00000137449	chr4	rs2532081	0.02401551	AMR
AMR_subclass_IN_SST	ENSG00000137513	chr11	rs10899532	0.01987161	AMR
AMR_subclass_IN_SST	ENSG00000137513	chr11	rs10793323	0.02131668	AMR
AMR_subclass_IN_SST	ENSG00000137513	chr11	rs4945291	0.01011939	AMR
AMR_subclass_IN_SST	ENSG00000137513	chr11	rs10899549	0.01042556	AMR
AMR_subclass_IN_SST	ENSG00000137513	chr11	rs10899550	0.0102031	AMR
AMR_subclass_IN_SST	ENSG00000137513	chr11	rs4565922	0.03394241	AMR
AMR_subclass_IN_SST	ENSG00000137513	chr11	rs7110916	0.03349031	AMR
AMR_subclass_IN_SST	ENSG00000137513	chr11	rs4944206	0.03290551	AMR
AMR_subclass_IN_SST	ENSG00000137513	chr11	rs4590904	0.03227464	AMR
AMR_subclass_IN_SST	ENSG00000137513	chr11	rs7108742	0.03164572	AMR
AMR_subclass_IN_SST	ENSG00000137513	chr11	rs11237546	0.03103203	AMR
AMR_subclass_IN_SST	ENSG00000137764	chr15	rs5014202	-0.05713229	AMR
AMR_subclass_IN_SST	ENSG00000137764	chr15	rs16950159	-0.01524113	AMR
AMR_subclass_IN_SST	ENSG00000137764	chr15	rs2278602	-0.01257519	AMR
AMR_subclass_IN_SST	ENSG00000137764	chr15	rs62005651	0.1013955	AMR
AMR_subclass_IN_SST	ENSG00000137764	chr15	rs12148075	0.1018128	AMR
AMR_subclass_IN_SST	ENSG00000137764	chr15	rs12906270	-0.1415146	AMR
AMR_subclass_IN_SST	ENSG00000137764	chr15	rs78816340	0.01715337	AMR
AMR_subclass_IN_SST	ENSG00000137764	chr15	rs12592770	-0.00642405	AMR
AMR_subclass_IN_SST	ENSG00000137764	chr15	rs117379740	-0.012373	AMR
AMR_subclass_IN_SST	ENSG00000137764	chr15	rs118170904	-0.01468202	AMR
AMR_subclass_IN_SST	ENSG00000137764	chr15	rs74784968	-0.01498375	AMR
AMR_subclass_IN_SST	ENSG00000137764	chr15	rs79413936	-0.01473976	AMR
AMR_subclass_IN_SST	ENSG00000137764	chr15	rs62007582	0.1551356	AMR
AMR_subclass_IN_SST	ENSG00000137764	chr15	rs28497057	0.1554065	AMR
AMR_subclass_IN_SST	ENSG00000137764	chr15	rs75029091	-0.01442354	AMR
AMR_subclass_IN_SST	ENSG00000137764	chr15	rs142584810	-0.01403874	AMR
AMR_subclass_IN_SST	ENSG00000137764	chr15	rs149757942	-0.01366266	AMR
AMR_subclass_IN_SST	ENSG00000137764	chr15	rs117865719	-0.01328872	AMR
AMR_subclass_IN_SST	ENSG00000137764	chr15	rs118089129	-0.0129124	AMR
AMR_subclass_IN_SST	ENSG00000137764	chr15	rs142075050	-0.01251241	AMR
AMR_subclass_IN_SST	ENSG00000137764	chr15	rs202221221	-0.01205612	AMR
AMR_subclass_IN_SST	ENSG00000137764	chr15	rs117775703	-0.01150663	AMR
AMR_subclass_IN_SST	ENSG00000137764	chr15	rs77248314	-0.01083102	AMR
AMR_subclass_IN_SST	ENSG00000137764	chr15	rs7182138	0.001836577	AMR
AMR_subclass_IN_SST	ENSG00000137764	chr15	rs7495093	-0.008980033	AMR
AMR_subclass_IN_SST	ENSG00000137764	chr15	rs75589635	-0.009955225	AMR
AMR_subclass_IN_SST	ENSG00000137764	chr15	rs76888586	-0.009034484	AMR
AMR_subclass_IN_SST	ENSG00000137764	chr15	rs74571600	-0.007971846	AMR
AMR_subclass_IN_SST	ENSG00000137764	chr15	rs2002709	-0.006832131	AMR
AMR_subclass_IN_SST	ENSG00000137764	chr15	rs2002708	-0.005684063	AMR
AMR_subclass_IN_SST	ENSG00000137764	chr15	rs2002707	-0.004589215	AMR
AMR_subclass_IN_SST	ENSG00000137764	chr15	rs2002706	-0.003596297	AMR
AMR_subclass_IN_SST	ENSG00000137764	chr15	rs117357560	-0.002737277	AMR
AMR_subclass_IN_SST	ENSG00000137764	chr15	rs76366477	-0.002026577	AMR
AMR_subclass_IN_SST	ENSG00000137764	chr15	rs76620003	-0.001463173	AMR
AMR_subclass_IN_SST	ENSG00000137764	chr15	rs76451798	-0.001034495	AMR
AMR_subclass_IN_SST	ENSG00000137764	chr15	rs117913656	-0.0007209333	AMR
AMR_subclass_IN_SST	ENSG00000137764	chr15	rs74622273	-0.0004999686	AMR
AMR_subclass_IN_SST	ENSG00000137764	chr15	rs118162704	-0.0003493883	AMR
AMR_subclass_IN_SST	ENSG00000137764	chr15	rs75111867	-0.0002494275	AMR
AMR_subclass_IN_SST	ENSG00000137764	chr15	rs75881888	-0.0001838991	AMR
AMR_subclass_IN_SST	ENSG00000137764	chr15	rs117680277	-0.0001405155	AMR
AMR_subclass_IN_SST	ENSG00000137764	chr15	rs140922506	-7.264005e-05	AMR
AMR_subclass_IN_SST	ENSG00000137764	chr15	rs151329322	-3.103763e-05	AMR
AMR_subclass_IN_SST	ENSG00000137764	chr15	rs266281	0.02021918	AMR
AMR_subclass_IN_SST	ENSG00000137764	chr15	rs62005929	0.002536534	AMR
AMR_subclass_IN_SST	ENSG00000137764	chr15	rs4508383	-0.09992522	AMR
AMR_subclass_IN_SST	ENSG00000137764	chr15	rs10775193	0.2842591	AMR
AMR_subclass_IN_SST	ENSG00000137764	chr15	rs737226	0.02194539	AMR
AMR_subclass_IN_SST	ENSG00000137764	chr15	rs11632574	0.0221706	AMR
AMR_subclass_IN_SST	ENSG00000137764	chr15	rs11630730	0.02169971	AMR
AMR_subclass_IN_SST	ENSG00000137764	chr15	rs11631474	0.02537109	AMR
AMR_subclass_IN_SST	ENSG00000137764	chr15	rs338361	0.1399536	AMR
AMR_subclass_IN_SST	ENSG00000137764	chr15	rs61232072	-0.07557908	AMR
AMR_subclass_IN_SST	ENSG00000137764	chr15	rs139790877	-0.07554948	AMR
AMR_subclass_IN_SST	ENSG00000137764	chr15	rs58906772	-0.07544287	AMR
AMR_subclass_IN_SST	ENSG00000137764	chr15	rs57577656	-0.07489912	AMR
AMR_subclass_IN_SST	ENSG00000137764	chr15	rs80182532	-0.03357838	AMR
AMR_subclass_IN_SST	ENSG00000137764	chr15	rs74923405	-0.03824805	AMR
AMR_subclass_IN_SST	ENSG00000137764	chr15	rs116934048	-0.03840473	AMR
AMR_subclass_IN_SST	ENSG00000137764	chr15	rs8033075	-0.03592458	AMR
AMR_subclass_IN_SST	ENSG00000137764	chr15	rs139785170	-0.03273183	AMR
AMR_subclass_IN_SST	ENSG00000137764	chr15	rs143717852	-0.02950968	AMR
AMR_subclass_IN_SST	ENSG00000137764	chr15	rs71400388	-0.1895775	AMR
AMR_subclass_IN_SST	ENSG00000137764	chr15	rs10518758	0.1315153	AMR
AMR_subclass_IN_SST	ENSG00000137764	chr15	rs16951777	-0.05026126	AMR
AMR_subclass_IN_SST	ENSG00000137764	chr15	rs28711817	-0.01650803	AMR
AMR_subclass_IN_SST	ENSG00000137764	chr15	rs68083075	-0.01663337	AMR
AMR_subclass_IN_SST	ENSG00000137764	chr15	rs28521801	-0.03960238	AMR
AMR_subclass_IN_SST	ENSG00000137764	chr15	rs9806222	-0.1029403	AMR
AMR_subclass_IN_SST	ENSG00000137764	chr15	rs728402	-0.008562231	AMR
AMR_subclass_IN_SST	ENSG00000137764	chr15	rs728400	-0.008325004	AMR
AMR_subclass_IN_SST	ENSG00000137764	chr15	rs12908848	-0.1015787	AMR
AMR_subclass_IN_SST	ENSG00000137764	chr15	rs182486402	-0.2116181	AMR
AMR_subclass_IN_SST	ENSG00000137815	chr15	rs35189772	0.075108646	AMR
AMR_subclass_IN_SST	ENSG00000137815	chr15	rs12916680	0.084645683	AMR
AMR_subclass_IN_SST	ENSG00000137815	chr15	rs12911144	0.068440152	AMR
AMR_subclass_IN_SST	ENSG00000137815	chr15	rs2016546	0.008914358	AMR
AMR_subclass_IN_SST	ENSG00000137815	chr15	rs76014869	0.020850519	AMR
AMR_subclass_IN_SST	ENSG00000137815	chr15	rs58107694	0.043356396	AMR
AMR_subclass_IN_SST	ENSG00000137815	chr15	rs7167168	0.165990243	AMR
AMR_subclass_IN_SST	ENSG00000137815	chr15	rs7168247	0.165669227	AMR
AMR_subclass_IN_SST	ENSG00000137815	chr15	rs141105773	-0.038089799	AMR
AMR_subclass_IN_SST	ENSG00000137815	chr15	rs143865045	-0.039213247	AMR
AMR_subclass_IN_SST	ENSG00000137815	chr15	rs138075613	-0.040192416	AMR
AMR_subclass_IN_SST	ENSG00000137815	chr15	rs1704360	0.021051214	AMR
AMR_subclass_IN_SST	ENSG00000137815	chr15	rs1704361	0.021432599	AMR
AMR_subclass_IN_SST	ENSG00000137815	chr15	rs1704363	0.021641783	AMR
AMR_subclass_IN_SST	ENSG00000137815	chr15	rs1668570	0.021320552	AMR
AMR_subclass_IN_SST	ENSG00000137815	chr15	rs74008945	-0.012119882	AMR
AMR_subclass_IN_SST	ENSG00000137815	chr15	rs74008950	-0.011933019	AMR
AMR_subclass_IN_SST	ENSG00000137815	chr15	rs78777126	-0.007590424	AMR
AMR_subclass_IN_SST	ENSG00000137815	chr15	rs1668588	0.173811028	AMR
AMR_subclass_IN_SST	ENSG00000137815	chr15	rs1668574	0.174433815	AMR
AMR_subclass_IN_SST	ENSG00000137815	chr15	rs810325	0.174093046	AMR
AMR_subclass_IN_SST	ENSG00000137815	chr15	rs75655682	-0.010507042	AMR
AMR_subclass_IN_SST	ENSG00000137815	chr15	rs17692546	-0.010278657	AMR
AMR_subclass_IN_SST	ENSG00000137815	chr15	rs11852596	0.048063563	AMR
AMR_subclass_IN_SST	ENSG00000137815	chr15	rs28364492	-0.272901561	AMR
AMR_subclass_IN_SST	ENSG00000137845	chr15	rs261264	-0.01640819	AMR
AMR_subclass_IN_SST	ENSG00000137845	chr15	rs2414593	-0.02158303	AMR
AMR_subclass_IN_SST	ENSG00000137845	chr15	rs2414594	-0.02152982	AMR
AMR_subclass_IN_SST	ENSG00000137845	chr15	rs1869129	-0.0503313	AMR
AMR_subclass_IN_SST	ENSG00000137845	chr15	rs12908589	-0.08753364	AMR
AMR_subclass_IN_SST	ENSG00000137845	chr15	rs4419005	-0.08756602	AMR
AMR_subclass_IN_SST	ENSG00000137845	chr15	rs36034625	-0.05868856	AMR
AMR_subclass_IN_SST	ENSG00000138758	chr4	rs9307183	0.323996842	AMR
AMR_subclass_IN_SST	ENSG00000138758	chr4	rs12054540	-0.038243675	AMR
AMR_subclass_IN_SST	ENSG00000138758	chr4	rs12054508	-0.147849529	AMR
AMR_subclass_IN_SST	ENSG00000138758	chr4	rs113771610	-0.033851134	AMR
AMR_subclass_IN_SST	ENSG00000138758	chr4	rs116908313	-0.034690255	AMR
AMR_subclass_IN_SST	ENSG00000138758	chr4	rs112359859	-0.005953376	AMR
AMR_subclass_IN_SST	ENSG00000138758	chr4	rs80063663	-0.038375376	AMR
AMR_subclass_IN_SST	ENSG00000138758	chr4	rs1532449	-0.032719765	AMR
AMR_subclass_IN_SST	ENSG00000138758	chr4	rs72665127	0.048401994	AMR
AMR_subclass_IN_SST	ENSG00000138758	chr4	rs28572498	0.047899203	AMR
AMR_subclass_IN_SST	ENSG00000138758	chr4	rs4252750	0.030718506	AMR
AMR_subclass_IN_SST	ENSG00000138758	chr4	rs72665139	0.029861684	AMR
AMR_subclass_IN_SST	ENSG00000138796	chr4	rs72671488	0.08662205	AMR
AMR_subclass_IN_SST	ENSG00000138796	chr4	rs57341444	0.08809775	AMR
AMR_subclass_IN_SST	ENSG00000138796	chr4	rs17037842	0.08926405	AMR
AMR_subclass_IN_SST	ENSG00000138796	chr4	rs72671492	0.08917351	AMR
AMR_subclass_IN_SST	ENSG00000138796	chr4	rs35255630	0.08826058	AMR
AMR_subclass_IN_SST	ENSG00000138796	chr4	rs57636095	0.05195698	AMR
AMR_subclass_IN_SST	ENSG00000138796	chr4	rs72675564	-0.06831023	AMR
AMR_subclass_IN_SST	ENSG00000138796	chr4	rs13120015	0.07126555	AMR
AMR_subclass_IN_SST	ENSG00000138796	chr4	rs114743141	-0.07450482	AMR
AMR_subclass_IN_SST	ENSG00000138796	chr4	rs143573093	-0.07435975	AMR
AMR_subclass_IN_SST	ENSG00000138796	chr4	rs10489028	0.05042795	AMR
AMR_subclass_IN_SST	ENSG00000138796	chr4	rs111705016	0.02232007	AMR
AMR_subclass_IN_SST	ENSG00000138796	chr4	rs72668330	-0.0324422	AMR
AMR_subclass_IN_SST	ENSG00000138796	chr4	rs3863125	0.1619462	AMR
AMR_subclass_IN_SST	ENSG00000138796	chr4	rs4131961	0.001896546	AMR
AMR_subclass_IN_SST	ENSG00000138796	chr4	rs4131962	0.002295542	AMR
AMR_subclass_IN_SST	ENSG00000138796	chr4	rs4131963	0.002062604	AMR
AMR_subclass_IN_SST	ENSG00000138796	chr4	rs4547872	0.00152059	AMR
AMR_subclass_IN_SST	ENSG00000138796	chr4	rs12502197	-0.02856839	AMR
AMR_subclass_IN_SST	ENSG00000138796	chr4	rs12510004	-0.001773345	AMR
AMR_subclass_IN_SST	ENSG00000138796	chr4	rs11098025	-0.001079409	AMR
AMR_subclass_IN_SST	ENSG00000138796	chr4	rs11098026	-0.0004869317	AMR
AMR_subclass_IN_SST	ENSG00000138796	chr4	rs11098027	-0.0001833456	AMR
AMR_subclass_IN_SST	ENSG00000138796	chr4	rs3108329	-6.103661e-05	AMR
AMR_subclass_IN_SST	ENSG00000140386	chr15	rs11072591	0.004975734	AMR
AMR_subclass_IN_SST	ENSG00000140386	chr15	rs2957614	-0.080659162	AMR
AMR_subclass_IN_SST	ENSG00000140386	chr15	rs284899	-0.072810821	AMR
AMR_subclass_IN_SST	ENSG00000140386	chr15	rs283789	-0.020101324	AMR
AMR_subclass_IN_SST	ENSG00000140386	chr15	rs2164102	0.145740601	AMR
AMR_subclass_IN_SST	ENSG00000140386	chr15	rs2454451	-0.121117165	AMR
AMR_subclass_IN_SST	ENSG00000140386	chr15	rs10851888	0.003363395	AMR
AMR_subclass_IN_SST	ENSG00000140386	chr15	rs1809875	0.00293155	AMR
AMR_subclass_IN_SST	ENSG00000140386	chr15	rs11072610	0.014152811	AMR
AMR_subclass_IN_SST	ENSG00000140386	chr15	rs11855762	0.002444609	AMR
AMR_subclass_IN_SST	ENSG00000140386	chr15	rs7181506	0.014028544	AMR
AMR_subclass_IN_SST	ENSG00000140386	chr15	rs2404734	0.014113499	AMR
AMR_subclass_IN_SST	ENSG00000140386	chr15	rs60702982	0.008623719	AMR
AMR_subclass_IN_SST	ENSG00000140386	chr15	rs12913024	0.012420975	AMR
AMR_subclass_IN_SST	ENSG00000140386	chr15	rs4312276	0.012473298	AMR
AMR_subclass_IN_SST	ENSG00000140386	chr15	rs2404600	0.012423632	AMR
AMR_subclass_IN_SST	ENSG00000140386	chr15	rs10851892	0.012334679	AMR
AMR_subclass_IN_SST	ENSG00000140386	chr15	rs11637296	0.012233201	AMR
AMR_subclass_IN_SST	ENSG00000140386	chr15	rs4886842	0.012130576	AMR
AMR_subclass_IN_SST	ENSG00000140471	chr15	rs12904576	-0.17851021	AMR
AMR_subclass_IN_SST	ENSG00000140471	chr15	rs56363126	-0.03494639	AMR
AMR_subclass_IN_SST	ENSG00000140471	chr15	rs36053285	-0.1046466	AMR
AMR_subclass_IN_SST	ENSG00000140497	chr15	rs77476383	-0.550581605	AMR
AMR_subclass_IN_SST	ENSG00000140497	chr15	rs34419559	-0.022082034	AMR
AMR_subclass_IN_SST	ENSG00000140497	chr15	rs79269642	0.08913697	AMR
AMR_subclass_IN_SST	ENSG00000140497	chr15	rs8039777	0.012899603	AMR
AMR_subclass_IN_SST	ENSG00000140497	chr15	rs881536	0.015375898	AMR
AMR_subclass_IN_SST	ENSG00000140497	chr15	rs1867147	-0.005700967	AMR
AMR_subclass_IN_SST	ENSG00000140497	chr15	rs8034281	-0.006870677	AMR
AMR_subclass_IN_SST	ENSG00000140497	chr15	rs12148708	-0.007751993	AMR
AMR_subclass_IN_SST	ENSG00000140497	chr15	rs7162941	-0.008019681	AMR
AMR_subclass_IN_SST	ENSG00000140497	chr15	rs79895199	0.09435451	AMR
AMR_subclass_IN_SST	ENSG00000140497	chr15	rs62029705	0.095270212	AMR
AMR_subclass_IN_SST	ENSG00000140497	chr15	rs62029707	0.094727687	AMR
AMR_subclass_IN_SST	ENSG00000140650	chr16	rs11649688	-0.05821308	AMR
AMR_subclass_IN_SST	ENSG00000140650	chr16	rs7198941	-0.03552691	AMR
AMR_subclass_IN_SST	ENSG00000140650	chr16	rs3826198	-0.04892091	AMR
AMR_subclass_IN_SST	ENSG00000140650	chr16	rs1677484	-0.1092501	AMR
AMR_subclass_IN_SST	ENSG00000140650	chr16	rs12449102	0.06656704	AMR
AMR_subclass_IN_SST	ENSG00000140650	chr16	rs2314677	0.06657512	AMR
AMR_subclass_IN_SST	ENSG00000140650	chr16	rs8044434	-0.01359122	AMR
AMR_subclass_IN_SST	ENSG00000140650	chr16	rs62031838	-0.003428005	AMR
AMR_subclass_IN_SST	ENSG00000140650	chr16	rs62031839	-0.006199118	AMR
AMR_subclass_IN_SST	ENSG00000140650	chr16	rs62031841	-0.00623365	AMR
AMR_subclass_IN_SST	ENSG00000140650	chr16	rs16966073	-0.00460067	AMR
AMR_subclass_IN_SST	ENSG00000140650	chr16	rs62031842	-0.002780051	AMR
AMR_subclass_IN_SST	ENSG00000140650	chr16	rs62034166	-0.001456749	AMR
AMR_subclass_IN_SST	ENSG00000140650	chr16	rs62034169	-0.0006853677	AMR
AMR_subclass_IN_SST	ENSG00000140650	chr16	rs62034171	-0.0002962421	AMR
AMR_subclass_IN_SST	ENSG00000140650	chr16	rs62034175	-0.0001195491	AMR
AMR_subclass_IN_SST	ENSG00000140650	chr16	rs62034199	-4.55763e-05	AMR
AMR_subclass_IN_SST	ENSG00000140650	chr16	rs62034200	-1.65614e-05	AMR
AMR_subclass_IN_SST	ENSG00000140650	chr16	rs62034202	-5.776013e-06	AMR
AMR_subclass_IN_SST	ENSG00000140650	chr16	rs62034204	-1.944104e-06	AMR
AMR_subclass_IN_SST	ENSG00000140650	chr16	rs62034207	-6.343089e-07	AMR
AMR_subclass_IN_SST	ENSG00000140650	chr16	rs62034209	-2.013518e-07	AMR
AMR_subclass_IN_SST	ENSG00000142156	chr21	rs78474244	0.005893202	AMR
AMR_subclass_IN_SST	ENSG00000142156	chr21	rs55681361	0.033565315	AMR
AMR_subclass_IN_SST	ENSG00000142156	chr21	rs59605057	0.024032384	AMR
AMR_subclass_IN_SST	ENSG00000142156	chr21	rs60911498	0.026359726	AMR
AMR_subclass_IN_SST	ENSG00000142156	chr21	rs3827269	0.027318341	AMR
AMR_subclass_IN_SST	ENSG00000142156	chr21	rs3788242	0.027133719	AMR
AMR_subclass_IN_SST	ENSG00000142156	chr21	rs7276479	0.026450112	AMR
AMR_subclass_IN_SST	ENSG00000142156	chr21	rs7276791	0.025636688	AMR
AMR_subclass_IN_SST	ENSG00000142156	chr21	rs2839066	0.024812133	AMR
AMR_subclass_IN_SST	ENSG00000142156	chr21	rs9975850	0.023986	AMR
AMR_subclass_IN_SST	ENSG00000142156	chr21	rs9983756	0.02313971	AMR
AMR_subclass_IN_SST	ENSG00000142156	chr21	rs3827270	0.058397714	AMR
AMR_subclass_IN_SST	ENSG00000142156	chr21	rs35155847	-0.685461312	AMR
AMR_subclass_IN_SST	ENSG00000142156	chr21	rs13313848	0.119481724	AMR
AMR_subclass_IN_SST	ENSG00000142156	chr21	rs35383442	0.127468693	AMR
AMR_subclass_IN_SST	ENSG00000142156	chr21	rs1053315	0.082485252	AMR
AMR_subclass_IN_SST	ENSG00000142156	chr21	rs1053320	0.039464928	AMR
AMR_subclass_IN_SST	ENSG00000142188	chr21	rs2833829	0.01105832	AMR
AMR_subclass_IN_SST	ENSG00000142188	chr21	rs11910665	0.009817685	AMR
AMR_subclass_IN_SST	ENSG00000142188	chr21	rs59132205	0.02831456	AMR
AMR_subclass_IN_SST	ENSG00000142188	chr21	rs34329619	-0.4024331	AMR
AMR_subclass_IN_SST	ENSG00000142188	chr21	rs138284602	0.0297747	AMR
AMR_subclass_IN_SST	ENSG00000142188	chr21	rs79318608	0.06372329	AMR
AMR_subclass_IN_SST	ENSG00000142188	chr21	rs73192597	-0.1064252	AMR
AMR_subclass_IN_SST	ENSG00000142188	chr21	rs62214681	0.01192746	AMR
AMR_subclass_IN_SST	ENSG00000142188	chr21	rs142397170	-0.03998201	AMR
AMR_subclass_IN_SST	ENSG00000142188	chr21	rs12482681	-0.03870544	AMR
AMR_subclass_IN_SST	ENSG00000142188	chr21	rs2833868	0.1375077	AMR
AMR_subclass_IN_SST	ENSG00000142188	chr21	rs7280578	0.09028405	AMR
AMR_subclass_IN_SST	ENSG00000142188	chr21	rs76446596	-0.09180526	AMR
AMR_subclass_IN_SST	ENSG00000142188	chr21	rs9974745	0.3447791	AMR
AMR_subclass_IN_SST	ENSG00000142188	chr21	rs9979555	0.09143182	AMR
AMR_subclass_IN_SST	ENSG00000142188	chr21	rs2833967	-0.0910772	AMR
AMR_subclass_IN_SST	ENSG00000142188	chr21	rs113791275	-0.01700929	AMR
AMR_subclass_IN_SST	ENSG00000142188	chr21	rs2409462	-2.511818e-05	AMR
AMR_subclass_IN_SST	ENSG00000142188	chr21	rs12626264	-0.03869467	AMR
AMR_subclass_IN_SST	ENSG00000142188	chr21	rs114744212	-0.03122725	AMR
AMR_subclass_IN_SST	ENSG00000142188	chr21	rs12106324	0.001261414	AMR
AMR_subclass_IN_SST	ENSG00000142188	chr21	rs8132517	0.001481593	AMR
AMR_subclass_IN_SST	ENSG00000142188	chr21	rs8129216	0.3468568	AMR
AMR_subclass_IN_SST	ENSG00000142188	chr21	rs71323352	0.3405966	AMR
AMR_subclass_IN_SST	ENSG00000142188	chr21	rs148168238	0.04219185	AMR
AMR_subclass_IN_SST	ENSG00000142188	chr21	rs12053659	-0.07648434	AMR
AMR_subclass_IN_SST	ENSG00000142188	chr21	rs11700440	-0.1209401	AMR
AMR_subclass_IN_SST	ENSG00000142188	chr21	rs79132590	-0.03111037	AMR
AMR_subclass_IN_SST	ENSG00000142188	chr21	rs1013059	0.1278196	AMR
AMR_subclass_IN_SST	ENSG00000142188	chr21	rs2834133	-0.04520568	AMR
AMR_subclass_IN_SST	ENSG00000142188	chr21	rs6517149	-0.04499949	AMR
AMR_subclass_IN_SST	ENSG00000142188	chr21	rs762238	-0.04567642	AMR
AMR_subclass_IN_SST	ENSG00000142188	chr21	rs16990379	-0.07762401	AMR
AMR_subclass_IN_SST	ENSG00000142188	chr21	rs17860172	-0.07684317	AMR
AMR_subclass_IN_SST	ENSG00000142188	chr21	rs17860264	0.04995535	AMR
AMR_subclass_IN_SST	ENSG00000142188	chr21	rs17875889	-0.04989877	AMR
AMR_subclass_IN_SST	ENSG00000142188	chr21	rs2298677	0.001226928	AMR
AMR_subclass_IN_SST	ENSG00000142188	chr21	rs17882437	0.009815267	AMR
AMR_subclass_IN_SST	ENSG00000142188	chr21	rs34355531	0.1656529	AMR
AMR_subclass_IN_SST	ENSG00000142188	chr21	rs71326949	0.05999608	AMR
AMR_subclass_IN_SST	ENSG00000142188	chr21	rs17885944	5.089283e-05	AMR
AMR_subclass_IN_SST	ENSG00000142188	chr21	rs2409491	0.04307604	AMR
AMR_subclass_IN_SST	ENSG00000142188	chr21	rs8130924	-3.258068e-06	AMR
AMR_subclass_IN_SST	ENSG00000142188	chr21	rs1532	-2.527011e-07	AMR
AMR_subclass_IN_SST	ENSG00000142188	chr21	rs17882822	-0.003620912	AMR
AMR_subclass_IN_SST	ENSG00000142188	chr21	rs2284554	-0.05086698	AMR
AMR_subclass_IN_SST	ENSG00000142188	chr21	rs2284556	-0.0517617	AMR
AMR_subclass_IN_SST	ENSG00000142188	chr21	rs4816452	-0.03279113	AMR
AMR_subclass_IN_SST	ENSG00000142188	chr21	rs4816453	-0.03403576	AMR
AMR_subclass_IN_SST	ENSG00000142188	chr21	rs4817568	-0.03442907	AMR
AMR_subclass_IN_SST	ENSG00000142188	chr21	rs1972256	-0.01812908	AMR
AMR_subclass_IN_SST	ENSG00000142188	chr21	rs9305529	-0.02507629	AMR
AMR_subclass_IN_SST	ENSG00000142188	chr21	rs56884576	-1.832941e-05	AMR
AMR_subclass_IN_SST	ENSG00000142188	chr21	rs2248355	-1.421659e-06	AMR
AMR_subclass_IN_SST	ENSG00000142188	chr21	rs13046185	1.102662e-07	AMR
AMR_subclass_IN_SST	ENSG00000142188	chr21	rs13049278	8.552425e-09	AMR
AMR_subclass_IN_SST	ENSG00000142188	chr21	rs117150774	0.3330264	AMR
AMR_subclass_IN_SST	ENSG00000142188	chr21	rs6517177	-0.02956971	AMR
AMR_subclass_IN_SST	ENSG00000142188	chr21	rs139662797	-0.06372144	AMR
AMR_subclass_IN_SST	ENSG00000142188	chr21	rs6517183	-0.01129794	AMR
AMR_subclass_IN_SST	ENSG00000142188	chr21	rs6517184	-0.01448251	AMR
AMR_subclass_IN_SST	ENSG00000142188	chr21	rs144674543	-0.03298387	AMR
AMR_subclass_IN_SST	ENSG00000142188	chr21	rs77928202	-0.03647366	AMR
AMR_subclass_IN_SST	ENSG00000142188	chr21	rs7277684	0.0370113	AMR
AMR_subclass_IN_SST	ENSG00000142188	chr21	rs11908722	-0.03920389	AMR
AMR_subclass_IN_SST	ENSG00000142188	chr21	rs143608002	-0.03382017	AMR
AMR_subclass_IN_SST	ENSG00000142188	chr21	rs7280417	-0.03110041	AMR
AMR_subclass_IN_SST	ENSG00000142188	chr21	rs116234917	-0.02872449	AMR
AMR_subclass_IN_SST	ENSG00000142188	chr21	rs2834255	-0.01476581	AMR
AMR_subclass_IN_SST	ENSG00000142188	chr21	rs10222139	-0.03194814	AMR
AMR_subclass_IN_SST	ENSG00000142188	chr21	rs1108000	0.089129	AMR
AMR_subclass_IN_SST	ENSG00000142188	chr21	rs8127139	-0.2478145	AMR
AMR_subclass_IN_SST	ENSG00000142188	chr21	rs743337	-0.1007799	AMR
AMR_subclass_IN_SST	ENSG00000142188	chr21	rs3746862	-0.03400465	AMR
AMR_subclass_IN_SST	ENSG00000142188	chr21	rs9979313	-0.236365	AMR
AMR_subclass_IN_SST	ENSG00000142188	chr21	rs2834333	-0.06857481	AMR
AMR_subclass_IN_SST	ENSG00000142188	chr21	rs55842706	-0.01628963	AMR
AMR_subclass_IN_SST	ENSG00000142188	chr21	rs7278052	-0.01704245	AMR
AMR_subclass_IN_SST	ENSG00000142188	chr21	rs7277836	-0.01529442	AMR
AMR_subclass_IN_SST	ENSG00000142188	chr21	rs148463966	-0.01316957	AMR
AMR_subclass_IN_SST	ENSG00000142188	chr21	rs73899931	-0.01115453	AMR
AMR_subclass_IN_SST	ENSG00000142188	chr21	rs117631025	0.1601912	AMR
AMR_subclass_IN_SST	ENSG00000142188	chr21	rs7282180	-0.01426012	AMR
AMR_subclass_IN_SST	ENSG00000142188	chr21	rs7277021	-0.01339157	AMR
AMR_subclass_IN_SST	ENSG00000142188	chr21	rs9976404	0.03921158	AMR
AMR_subclass_IN_SST	ENSG00000142188	chr21	rs7283231	0.0005880318	AMR
AMR_subclass_IN_SST	ENSG00000142188	chr21	rs16997899	-0.06106277	AMR
AMR_subclass_IN_SST	ENSG00000142188	chr21	rs2834448	-0.06176208	AMR
AMR_subclass_IN_SST	ENSG00000144455	chr3	rs181565326	-0.014319202	AMR
AMR_subclass_IN_SST	ENSG00000144455	chr3	rs115084026	-0.1484725802	AMR
AMR_subclass_IN_SST	ENSG00000144455	chr3	rs77872089	-0.1373456165	AMR
AMR_subclass_IN_SST	ENSG00000144455	chr3	rs17651358	-0.123643484	AMR
AMR_subclass_IN_SST	ENSG00000144455	chr3	rs232730	0.0803123414	AMR
AMR_subclass_IN_SST	ENSG00000144455	chr3	rs2728097	-0.0822801382	AMR
AMR_subclass_IN_SST	ENSG00000144455	chr3	rs9824617	-0.2404135009	AMR
AMR_subclass_IN_SST	ENSG00000144455	chr3	rs62230209	0.0016430034	AMR
AMR_subclass_IN_SST	ENSG00000144455	chr3	rs1026965	0.1311312884	AMR
AMR_subclass_IN_SST	ENSG00000144455	chr3	rs4491881	0.130778448	AMR
AMR_subclass_IN_SST	ENSG00000144455	chr3	rs114311377	0.0558546292	AMR
AMR_subclass_IN_SST	ENSG00000144455	chr3	rs2120618	0.0019008789	AMR
AMR_subclass_IN_SST	ENSG00000144455	chr3	rs2874764	-0.0859345783	AMR
AMR_subclass_IN_SST	ENSG00000144455	chr3	rs9881190	-0.0274817736	AMR
AMR_subclass_IN_SST	ENSG00000144455	chr3	rs1485207	-0.0528124469	AMR
AMR_subclass_IN_SST	ENSG00000144455	chr3	rs115170074	-0.0546932761	AMR
AMR_subclass_IN_SST	ENSG00000144455	chr3	rs62257654	0.1213629057	AMR
AMR_subclass_IN_SST	ENSG00000144455	chr3	rs313683	-0.0054305067	AMR
AMR_subclass_IN_SST	ENSG00000144455	chr3	rs4685744	0.1409356635	AMR
AMR_subclass_IN_SST	ENSG00000144455	chr3	rs2819562	-0.0138729022	AMR
AMR_subclass_IN_SST	ENSG00000144455	chr3	rs35083095	0.1413332445	AMR
AMR_subclass_IN_SST	ENSG00000144455	chr3	rs2819560	0.0149530334	AMR
AMR_subclass_IN_SST	ENSG00000144455	chr3	rs2633854	0.0147356054	AMR
AMR_subclass_IN_SST	ENSG00000144455	chr3	rs2633855	0.0136463502	AMR
AMR_subclass_IN_SST	ENSG00000144455	chr3	rs2633857	0.012417702	AMR
AMR_subclass_IN_SST	ENSG00000144455	chr3	rs11915920	0.0254756379	AMR
AMR_subclass_IN_SST	ENSG00000144455	chr3	rs78425448	-0.011070157	AMR
AMR_subclass_IN_SST	ENSG00000144455	chr3	rs113979980	-0.0416315386	AMR
AMR_subclass_IN_SST	ENSG00000144455	chr3	rs73807142	-0.0410063895	AMR
AMR_subclass_IN_SST	ENSG00000144455	chr3	rs112777249	-0.1837650531	AMR
AMR_subclass_IN_SST	ENSG00000144455	chr3	rs923353	0.0375707952	AMR
AMR_subclass_IN_SST	ENSG00000144455	chr3	rs144818962	-0.1651613939	AMR
AMR_subclass_IN_SST	ENSG00000144455	chr3	rs3828439	0.0006582079	AMR
AMR_subclass_IN_SST	ENSG00000144455	chr3	rs3805030	0.000209238	AMR
AMR_subclass_IN_SST	ENSG00000144455	chr3	rs3762784	0.0098146974	AMR
AMR_subclass_IN_SST	ENSG00000144455	chr3	rs115237767	-0.103920631	AMR
AMR_subclass_IN_SST	ENSG00000144455	chr3	rs115681471	-0.1044846454	AMR
AMR_subclass_IN_SST	ENSG00000144455	chr3	rs77995696	0.0656573686	AMR
AMR_subclass_IN_SST	ENSG00000144455	chr3	rs9842654	-0.222235178	AMR
AMR_subclass_IN_SST	ENSG00000144455	chr3	rs9867418	-0.0592972035	AMR
AMR_subclass_IN_SST	ENSG00000144455	chr3	rs78491239	-0.0546767817	AMR
AMR_subclass_IN_SST	ENSG00000144455	chr3	rs143305096	0.1465132776	AMR
AMR_subclass_IN_SST	ENSG00000144455	chr3	rs74576448	0.0829657051	AMR
AMR_subclass_IN_SST	ENSG00000144455	chr3	rs11130361	0.082846457	AMR
AMR_subclass_IN_SST	ENSG00000144455	chr3	rs9848922	0.0238620353	AMR
AMR_subclass_IN_SST	ENSG00000144677	chr3	rs112928350	-0.265105817	AMR
AMR_subclass_IN_SST	ENSG00000144677	chr3	rs4431051	0.038775038	AMR
AMR_subclass_IN_SST	ENSG00000144677	chr3	rs6768108	0.039227725	AMR
AMR_subclass_IN_SST	ENSG00000144677	chr3	rs76597672	0.103664116	AMR
AMR_subclass_IN_SST	ENSG00000144677	chr3	rs6809976	0.020330081	AMR
AMR_subclass_IN_SST	ENSG00000144677	chr3	rs73059479	-0.153582665	AMR
AMR_subclass_IN_SST	ENSG00000144677	chr3	rs74404507	-0.38281574	AMR
AMR_subclass_IN_SST	ENSG00000144677	chr3	rs197730	0.003409011	AMR
AMR_subclass_IN_SST	ENSG00000144677	chr3	rs197763	0.046475746	AMR
AMR_subclass_IN_SST	ENSG00000144677	chr3	rs391224	0.004176781	AMR
AMR_subclass_IN_SST	ENSG00000144677	chr3	rs2844347	0.003837194	AMR
AMR_subclass_IN_SST	ENSG00000144677	chr3	rs434742	0.137951505	AMR
AMR_subclass_IN_SST	ENSG00000144677	chr3	rs174754	0.008572962	AMR
AMR_subclass_IN_SST	ENSG00000144677	chr3	rs183835	0.008415008	AMR
AMR_subclass_IN_SST	ENSG00000144677	chr3	rs2434132	0.008243525	AMR
AMR_subclass_IN_SST	ENSG00000144677	chr3	rs6550478	0.008055976	AMR
AMR_subclass_IN_SST	ENSG00000144677	chr3	rs197754	0.00334179	AMR
AMR_subclass_IN_SST	ENSG00000144677	chr3	rs11925542	0.103743999	AMR
AMR_subclass_IN_SST	ENSG00000144677	chr3	rs72862229	0.133319565	AMR
AMR_subclass_IN_SST	ENSG00000144677	chr3	rs115883585	0.104638108	AMR
AMR_subclass_IN_SST	ENSG00000144677	chr3	rs111998223	-0.356950418	AMR
AMR_subclass_IN_SST	ENSG00000144677	chr3	rs9713122	-0.012211568	AMR
AMR_subclass_IN_SST	ENSG00000144677	chr3	rs2212042	-0.011766795	AMR
AMR_subclass_IN_SST	ENSG00000144677	chr3	rs818821	0.000333973	AMR
AMR_subclass_IN_SST	ENSG00000144677	chr3	rs7627488	-0.0188376	AMR
AMR_subclass_IN_SST	ENSG00000144677	chr3	rs75012427	0.055427324	AMR
AMR_subclass_IN_SST	ENSG00000144677	chr3	rs9818087	0.002472863	AMR
AMR_subclass_IN_SST	ENSG00000144677	chr3	rs11928905	0.001943465	AMR
AMR_subclass_IN_SST	ENSG00000144677	chr3	rs6599249	0.001396341	AMR
AMR_subclass_IN_SST	ENSG00000144677	chr3	rs9825762	0.001167542	AMR
AMR_subclass_IN_SST	ENSG00000144677	chr3	rs6791171	0.031779287	AMR
AMR_subclass_IN_SST	ENSG00000144677	chr3	rs73826323	-0.206597698	AMR
AMR_subclass_IN_SST	ENSG00000144677	chr3	rs7432804	-0.061139976	AMR
AMR_subclass_IN_SST	ENSG00000144677	chr3	rs80002357	0.188101609	AMR
AMR_subclass_IN_SST	ENSG00000145354	chr4	rs12331846	-0.0251220046	AMR
AMR_subclass_IN_SST	ENSG00000145354	chr4	rs35205296	0.0287079452	AMR
AMR_subclass_IN_SST	ENSG00000145354	chr4	rs28616585	-0.0668078877	AMR
AMR_subclass_IN_SST	ENSG00000145354	chr4	rs6844449	0.0215507458	AMR
AMR_subclass_IN_SST	ENSG00000145354	chr4	rs7685012	0.0850090909	AMR
AMR_subclass_IN_SST	ENSG00000145354	chr4	rs72925112	0.1820770767	AMR
AMR_subclass_IN_SST	ENSG00000145354	chr4	rs143546438	0.128275203	AMR
AMR_subclass_IN_SST	ENSG00000145354	chr4	rs78919076	0.0077729522	AMR
AMR_subclass_IN_SST	ENSG00000145354	chr4	rs72938841	0.1817790744	AMR
AMR_subclass_IN_SST	ENSG00000145354	chr4	rs236750	-0.056190239	AMR
AMR_subclass_IN_SST	ENSG00000145354	chr4	rs238449	0.0642166788	AMR
AMR_subclass_IN_SST	ENSG00000145354	chr4	rs151384	0.0401931555	AMR
AMR_subclass_IN_SST	ENSG00000145354	chr4	rs151382	0.0402346831	AMR
AMR_subclass_IN_SST	ENSG00000145354	chr4	rs151381	0.0389452875	AMR
AMR_subclass_IN_SST	ENSG00000145354	chr4	rs151379	0.2229504835	AMR
AMR_subclass_IN_SST	ENSG00000145354	chr4	rs6835816	-0.0319218412	AMR
AMR_subclass_IN_SST	ENSG00000145354	chr4	rs80176743	0.0176688895	AMR
AMR_subclass_IN_SST	ENSG00000145354	chr4	rs151401	-0.0331851348	AMR
AMR_subclass_IN_SST	ENSG00000145354	chr4	rs74665237	0.0175941014	AMR
AMR_subclass_IN_SST	ENSG00000145354	chr4	rs151406	-0.033168779	AMR
AMR_subclass_IN_SST	ENSG00000145354	chr4	rs57742487	0.0183093089	AMR
AMR_subclass_IN_SST	ENSG00000145354	chr4	rs13118152	0.0643601143	AMR
AMR_subclass_IN_SST	ENSG00000145354	chr4	rs72692260	-0.447212271	AMR
AMR_subclass_IN_SST	ENSG00000145354	chr4	rs12499248	0.0009924402	AMR
AMR_subclass_IN_SST	ENSG00000145354	chr4	rs73834756	0.2244482694	AMR
AMR_subclass_IN_SST	ENSG00000145354	chr4	rs13140586	0.010333417	AMR
AMR_subclass_IN_SST	ENSG00000145354	chr4	rs10856967	0.0098925307	AMR
AMR_subclass_IN_SST	ENSG00000145354	chr4	rs77720303	0.0516385954	AMR
AMR_subclass_IN_SST	ENSG00000145354	chr4	rs73837235	0.0517163875	AMR
AMR_subclass_IN_SST	ENSG00000145354	chr4	rs2926005	-0.1465050774	AMR
AMR_subclass_IN_SST	ENSG00000145354	chr4	rs17032740	0.0478376993	AMR
AMR_subclass_IN_SST	ENSG00000145354	chr4	rs230506	-0.1436543678	AMR
AMR_subclass_IN_SST	ENSG00000145354	chr4	rs10489114	-0.0613267514	AMR
AMR_subclass_IN_SST	ENSG00000145354	chr4	rs223511	-0.050181471	AMR
AMR_subclass_IN_SST	ENSG00000145354	chr4	rs76037637	0.0504989081	AMR
AMR_subclass_IN_SST	ENSG00000145354	chr4	rs10003326	-0.0742301801	AMR
AMR_subclass_IN_SST	ENSG00000145354	chr4	rs6533040	-0.0712096689	AMR
AMR_subclass_IN_SST	ENSG00000145354	chr4	rs6533041	-0.0570392886	AMR
AMR_subclass_IN_SST	ENSG00000145354	chr4	rs3857198	-0.0118411455	AMR
AMR_subclass_IN_SST	ENSG00000145354	chr4	rs10213404	-0.0194454223	AMR
AMR_subclass_IN_SST	ENSG00000145354	chr4	rs114051049	0.0614216462	AMR
AMR_subclass_IN_SST	ENSG00000145354	chr4	rs76908653	0.0585622436	AMR
AMR_subclass_IN_SST	ENSG00000145354	chr4	rs62340734	0.1435748572	AMR
AMR_subclass_IN_SST	ENSG00000145354	chr4	rs13143316	0.0219469952	AMR
AMR_subclass_IN_SST	ENSG00000145354	chr4	rs62340735	0.1434726102	AMR
AMR_subclass_IN_SST	ENSG00000145354	chr4	rs72670832	0.0216286614	AMR
AMR_subclass_IN_SST	ENSG00000145354	chr4	rs13133609	0.0187048886	AMR
AMR_subclass_IN_SST	ENSG00000145354	chr4	rs62341672	0.1419506926	AMR
AMR_subclass_IN_SST	ENSG00000145354	chr4	rs76237068	0.4069768863	AMR
AMR_subclass_IN_SST	ENSG00000145354	chr4	rs73835386	0.2147482635	AMR
AMR_subclass_IN_SST	ENSG00000145354	chr4	rs10034773	-0.397487845	AMR
AMR_subclass_IN_SST	ENSG00000145354	chr4	rs80175472	0.0005152593	AMR
AMR_subclass_IN_SST	ENSG00000145354	chr4	rs77322567	0.014770452	AMR
AMR_subclass_IN_SST	ENSG00000145354	chr4	rs28679395	0.0456165299	AMR
AMR_subclass_IN_SST	ENSG00000145354	chr4	rs115037595	-0.1206006377	AMR
AMR_subclass_IN_SST	ENSG00000145354	chr4	rs142371219	-0.0004800193	AMR
AMR_subclass_IN_SST	ENSG00000145354	chr4	rs75812529	-0.0011253155	AMR
AMR_subclass_IN_SST	ENSG00000145354	chr4	rs147572221	-0.2229381135	AMR
AMR_subclass_IN_SST	ENSG00000145354	chr4	rs78971107	-0.0011182107	AMR
AMR_subclass_IN_SST	ENSG00000145354	chr4	rs62342064	0.599980118	AMR
AMR_subclass_IN_SST	ENSG00000145354	chr4	rs146116336	-0.2203498763	AMR
AMR_subclass_IN_SST	ENSG00000145354	chr4	rs17034061	-0.0273388993	AMR
AMR_subclass_IN_SST	ENSG00000145354	chr4	rs78690143	-0.0289962741	AMR
AMR_subclass_IN_SST	ENSG00000145354	chr4	rs74851354	-0.0287472682	AMR
AMR_subclass_IN_SST	ENSG00000145354	chr4	rs181711953	-0.0275980006	AMR
AMR_subclass_IN_SST	ENSG00000145354	chr4	rs57549814	-0.0261819936	AMR
AMR_subclass_IN_SST	ENSG00000145354	chr4	rs78707220	-0.0246615626	AMR
AMR_subclass_IN_SST	ENSG00000145354	chr4	rs12648315	0.0420029664	AMR
AMR_subclass_IN_SST	ENSG00000145354	chr4	rs80109786	0.0432659314	AMR
AMR_subclass_IN_SST	ENSG00000145354	chr4	rs75217641	0.0969509327	AMR
AMR_subclass_IN_SST	ENSG00000145354	chr4	rs113766364	0.0926029729	AMR
AMR_subclass_IN_SST	ENSG00000145354	chr4	rs80017501	0.0415014906	AMR
AMR_subclass_IN_SST	ENSG00000145354	chr4	rs76191648	0.0383681639	AMR
AMR_subclass_IN_SST	ENSG00000145354	chr4	rs62339396	-0.0895141132	AMR
AMR_subclass_IN_SST	ENSG00000145354	chr4	rs75130830	-0.0816214715	AMR
AMR_subclass_IN_SST	ENSG00000145354	chr4	rs34350276	-0.0920360844	AMR
AMR_subclass_IN_SST	ENSG00000145439	chr4	rs138487072	-0.01938736	AMR
AMR_subclass_IN_SST	ENSG00000145439	chr4	rs17611179	-0.02045825	AMR
AMR_subclass_IN_SST	ENSG00000145439	chr4	rs72693109	-0.01916825	AMR
AMR_subclass_IN_SST	ENSG00000145439	chr4	rs17054480	-0.01321672	AMR
AMR_subclass_IN_SST	ENSG00000145439	chr4	rs13103734	0.19586064	AMR
AMR_subclass_IN_SST	ENSG00000145439	chr4	rs33933790	0.07088735	AMR
AMR_subclass_IN_SST	ENSG00000145439	chr4	rs148033222	0.07083121	AMR
AMR_subclass_IN_SST	ENSG00000145476	chr4	rs11132306	-0.01793763	AMR
AMR_subclass_IN_SST	ENSG00000145476	chr4	rs7699724	-0.01778454	AMR
AMR_subclass_IN_SST	ENSG00000145476	chr4	rs4286574	-0.09699865	AMR
AMR_subclass_IN_SST	ENSG00000145476	chr4	rs34801592	-0.03412	AMR
AMR_subclass_IN_SST	ENSG00000145476	chr4	rs35901985	0.05444262	AMR
AMR_subclass_IN_SST	ENSG00000145476	chr4	rs7677363	0.04723067	AMR
AMR_subclass_IN_SST	ENSG00000145476	chr4	rs75175906	-0.0001208344	AMR
AMR_subclass_IN_SST	ENSG00000145476	chr4	rs72702054	-8.754753e-05	AMR
AMR_subclass_IN_SST	ENSG00000145476	chr4	rs11726533	0.04744704	AMR
AMR_subclass_IN_SST	ENSG00000145476	chr4	rs7684072	-0.01567451	AMR
AMR_subclass_IN_SST	ENSG00000145476	chr4	rs11725687	0.01975276	AMR
AMR_subclass_IN_SST	ENSG00000145476	chr4	rs9991330	-0.07107438	AMR
AMR_subclass_IN_SST	ENSG00000145476	chr4	rs4862660	0.01972449	AMR
AMR_subclass_IN_SST	ENSG00000145476	chr4	rs2241819	-0.05728374	AMR
AMR_subclass_IN_SST	ENSG00000145476	chr4	rs4862662	-0.06170435	AMR
AMR_subclass_IN_SST	ENSG00000145476	chr4	rs2292424	-0.04472359	AMR
AMR_subclass_IN_SST	ENSG00000145476	chr4	rs2292425	-0.09197626	AMR
AMR_subclass_IN_SST	ENSG00000145476	chr4	rs2292426	-0.07057416	AMR
AMR_subclass_IN_SST	ENSG00000145476	chr4	rs28698123	-0.01847042	AMR
AMR_subclass_IN_SST	ENSG00000145476	chr4	rs5970	-0.03365017	AMR
AMR_subclass_IN_SST	ENSG00000145476	chr4	rs1386610	-0.002483115	AMR
AMR_subclass_IN_SST	ENSG00000149089	chr11	rs11032746	0.031816202	AMR
AMR_subclass_IN_SST	ENSG00000149089	chr11	rs11032747	0.0313129521	AMR
AMR_subclass_IN_SST	ENSG00000149089	chr11	rs72930849	0.0691997965	AMR
AMR_subclass_IN_SST	ENSG00000149089	chr11	rs75024077	-0.0088472831	AMR
AMR_subclass_IN_SST	ENSG00000149089	chr11	rs75570878	-0.0111074551	AMR
AMR_subclass_IN_SST	ENSG00000149089	chr11	rs77310369	-0.0115942836	AMR
AMR_subclass_IN_SST	ENSG00000149089	chr11	rs76006973	-0.0106950188	AMR
AMR_subclass_IN_SST	ENSG00000149089	chr11	rs78113998	-0.0091735713	AMR
AMR_subclass_IN_SST	ENSG00000149089	chr11	rs79643822	-0.0037512551	AMR
AMR_subclass_IN_SST	ENSG00000149089	chr11	rs7483005	-0.0026920438	AMR
AMR_subclass_IN_SST	ENSG00000149089	chr11	rs745377	0.0198212579	AMR
AMR_subclass_IN_SST	ENSG00000149089	chr11	rs74344381	0.0472245371	AMR
AMR_subclass_IN_SST	ENSG00000149089	chr11	rs17432226	0.0482974401	AMR
AMR_subclass_IN_SST	ENSG00000149089	chr11	rs72928507	0.0484304573	AMR
AMR_subclass_IN_SST	ENSG00000149089	chr11	rs79981431	0.166207398	AMR
AMR_subclass_IN_SST	ENSG00000149089	chr11	rs17347979	0.0476154641	AMR
AMR_subclass_IN_SST	ENSG00000149089	chr11	rs72930462	0.0472287552	AMR
AMR_subclass_IN_SST	ENSG00000149089	chr11	rs55868872	0.0467079768	AMR
AMR_subclass_IN_SST	ENSG00000149089	chr11	rs72930468	0.0463195609	AMR
AMR_subclass_IN_SST	ENSG00000149089	chr11	rs17349298	0.046097812	AMR
AMR_subclass_IN_SST	ENSG00000149089	chr11	rs11601737	0.0460172651	AMR
AMR_subclass_IN_SST	ENSG00000149089	chr11	rs11605993	0.0460360214	AMR
AMR_subclass_IN_SST	ENSG00000149089	chr11	rs72912924	0.0461088287	AMR
AMR_subclass_IN_SST	ENSG00000149089	chr11	rs17434946	0.046193586	AMR
AMR_subclass_IN_SST	ENSG00000149089	chr11	rs3852515	0.0462561023	AMR
AMR_subclass_IN_SST	ENSG00000149089	chr11	rs17363135	0.0001247598	AMR
AMR_subclass_IN_SST	ENSG00000149089	chr11	rs444900	-0.0102424701	AMR
AMR_subclass_IN_SST	ENSG00000149089	chr11	rs634096	-0.010047068	AMR
AMR_subclass_IN_SST	ENSG00000149089	chr11	rs2553814	-0.0191749356	AMR
AMR_subclass_IN_SST	ENSG00000149089	chr11	rs353564	-0.0196926611	AMR
AMR_subclass_IN_SST	ENSG00000149089	chr11	rs497210	-0.0184442622	AMR
AMR_subclass_IN_SST	ENSG00000149100	chr11	rs141010562	0.007257389	AMR
AMR_subclass_IN_SST	ENSG00000149100	chr11	rs147867938	0.007408746	AMR
AMR_subclass_IN_SST	ENSG00000149100	chr11	rs139356575	0.007303415	AMR
AMR_subclass_IN_SST	ENSG00000149100	chr11	rs73477670	-0.126195765	AMR
AMR_subclass_IN_SST	ENSG00000149100	chr11	rs3026372	-0.12627148	AMR
AMR_subclass_IN_SST	ENSG00000149100	chr11	rs73477673	-0.125930205	AMR
AMR_subclass_IN_SST	ENSG00000149100	chr11	rs1805270	-0.003910447	AMR
AMR_subclass_IN_SST	ENSG00000149100	chr11	rs1806172	-0.156989403	AMR
AMR_subclass_IN_SST	ENSG00000149100	chr11	rs16922496	-0.348218197	AMR
AMR_subclass_IN_SST	ENSG00000149100	chr11	rs640148	0.333313962	AMR
AMR_subclass_IN_SST	ENSG00000149100	chr11	rs11031485	-0.014707017	AMR
AMR_subclass_IN_SST	ENSG00000149100	chr11	rs75840608	-0.014761181	AMR
AMR_subclass_IN_SST	ENSG00000149100	chr11	rs77303450	-0.06740963	AMR
AMR_subclass_IN_SST	ENSG00000149100	chr11	rs11031491	-0.24882082	AMR
AMR_subclass_IN_SST	ENSG00000149100	chr11	rs663484	0.10779872	AMR
AMR_subclass_IN_SST	ENSG00000149100	chr11	rs16922551	0.034689201	AMR
AMR_subclass_IN_SST	ENSG00000149100	chr11	rs76413275	-0.122932367	AMR
AMR_subclass_IN_SST	ENSG00000149100	chr11	rs7112275	0.102585703	AMR
AMR_subclass_IN_SST	ENSG00000149100	chr11	rs6484544	0.039355471	AMR
AMR_subclass_IN_SST	ENSG00000149100	chr11	rs7102635	0.039254982	AMR
AMR_subclass_IN_SST	ENSG00000149100	chr11	rs11602684	-0.225573696	AMR
AMR_subclass_IN_SST	ENSG00000149100	chr11	rs7115453	-0.05792035	AMR
AMR_subclass_IN_SST	ENSG00000149100	chr11	rs9630169	0.021569484	AMR
AMR_subclass_IN_SST	ENSG00000149100	chr11	rs223053	0.017278617	AMR
AMR_subclass_IN_SST	ENSG00000149100	chr11	rs113281361	-0.000119399	AMR
AMR_subclass_IN_SST	ENSG00000149100	chr11	rs223075	0.016941422	AMR
AMR_subclass_IN_SST	ENSG00000149100	chr11	rs2207448	0.017118792	AMR
AMR_subclass_IN_SST	ENSG00000149100	chr11	rs60286075	0.254933664	AMR
AMR_subclass_IN_SST	ENSG00000149100	chr11	rs72908209	0.025986179	AMR
AMR_subclass_IN_SST	ENSG00000149100	chr11	rs56880441	0.026130978	AMR
AMR_subclass_IN_SST	ENSG00000149100	chr11	rs7110087	0.008894001	AMR
AMR_subclass_IN_SST	ENSG00000149100	chr11	rs2418586	0.025984203	AMR
AMR_subclass_IN_SST	ENSG00000149100	chr11	rs4454687	0.030985688	AMR
AMR_subclass_IN_SST	ENSG00000149100	chr11	rs17731984	-0.218273394	AMR
AMR_subclass_IN_SST	ENSG00000149100	chr11	rs2015143	0.009563045	AMR
AMR_subclass_IN_SST	ENSG00000149100	chr11	rs11031739	-0.010718035	AMR
AMR_subclass_IN_SST	ENSG00000149100	chr11	rs2418899	-0.008995717	AMR
AMR_subclass_IN_SST	ENSG00000149100	chr11	rs2418903	-0.012945906	AMR
AMR_subclass_IN_SST	ENSG00000149100	chr11	rs2418904	-0.011796397	AMR
AMR_subclass_IN_SST	ENSG00000149100	chr11	rs2418905	-0.025805709	AMR
AMR_subclass_IN_SST	ENSG00000149100	chr11	rs2418908	-0.014491638	AMR
AMR_subclass_IN_SST	ENSG00000149100	chr11	rs3858435	-0.01564886	AMR
AMR_subclass_IN_SST	ENSG00000149100	chr11	rs3858436	-0.016875633	AMR
AMR_subclass_IN_SST	ENSG00000149100	chr11	rs16923174	-0.017777131	AMR
AMR_subclass_IN_SST	ENSG00000149100	chr11	rs11031746	-0.018331712	AMR
AMR_subclass_IN_SST	ENSG00000149100	chr11	rs3858439	-0.026985932	AMR
AMR_subclass_IN_SST	ENSG00000149100	chr11	rs3858445	-0.151174752	AMR
AMR_subclass_IN_SST	ENSG00000149100	chr11	rs2418910	-0.002493541	AMR
AMR_subclass_IN_SST	ENSG00000149100	chr11	rs2900741	-0.002668108	AMR
AMR_subclass_IN_SST	ENSG00000149100	chr11	rs11031775	-0.002962412	AMR
AMR_subclass_IN_SST	ENSG00000149100	chr11	rs3847590	0.003599488	AMR
AMR_subclass_IN_SST	ENSG00000149100	chr11	rs72905032	0.041158298	AMR
AMR_subclass_IN_SST	ENSG00000149100	chr11	rs72905039	0.041580962	AMR
AMR_subclass_IN_SST	ENSG00000149100	chr11	rs76736117	0.004496922	AMR
AMR_subclass_IN_SST	ENSG00000149100	chr11	rs79443652	0.005021083	AMR
AMR_subclass_IN_SST	ENSG00000149100	chr11	rs4980796	0.004736078	AMR
AMR_subclass_IN_SST	ENSG00000149100	chr11	rs72905081	0.011442465	AMR
AMR_subclass_IN_SST	ENSG00000149100	chr11	rs72905083	0.011868267	AMR
AMR_subclass_IN_SST	ENSG00000149100	chr11	rs78119072	0.003805311	AMR
AMR_subclass_IN_SST	ENSG00000149100	chr11	rs139931027	0.011894212	AMR
AMR_subclass_IN_SST	ENSG00000149100	chr11	rs185707044	0.011493742	AMR
AMR_subclass_IN_SST	ENSG00000149100	chr11	rs117789532	0.242784432	AMR
AMR_subclass_IN_SST	ENSG00000149100	chr11	rs113563284	0.010950505	AMR
AMR_subclass_IN_SST	ENSG00000149100	chr11	rs12272493	0.042104596	AMR
AMR_subclass_IN_SST	ENSG00000149100	chr11	rs11031820	-0.011831211	AMR
AMR_subclass_IN_SST	ENSG00000149100	chr11	rs4963211	-0.010839124	AMR
AMR_subclass_IN_SST	ENSG00000149100	chr11	rs12421763	-0.010885065	AMR
AMR_subclass_IN_SST	ENSG00000149100	chr11	rs191315797	-0.064453053	AMR
AMR_subclass_IN_SST	ENSG00000149100	chr11	rs61889377	-0.011136244	AMR
AMR_subclass_IN_SST	ENSG00000149100	chr11	rs7118630	0.005368142	AMR
AMR_subclass_IN_SST	ENSG00000149100	chr11	rs60475066	0.005884649	AMR
AMR_subclass_IN_SST	ENSG00000149100	chr11	rs16923617	0.006212962	AMR
AMR_subclass_IN_SST	ENSG00000149100	chr11	rs72901225	0.006058084	AMR
AMR_subclass_IN_SST	ENSG00000149100	chr11	rs7122130	0.005475554	AMR
AMR_subclass_IN_SST	ENSG00000149100	chr11	rs4755454	-0.049781989	AMR
AMR_subclass_IN_SST	ENSG00000149100	chr11	rs2024636	0.010162946	AMR
AMR_subclass_IN_SST	ENSG00000149100	chr11	rs4627042	0.010107439	AMR
AMR_subclass_IN_SST	ENSG00000149100	chr11	rs12792969	-0.113128666	AMR
AMR_subclass_IN_SST	ENSG00000149100	chr11	rs11032132	-0.197806414	AMR
AMR_subclass_IN_SST	ENSG00000149100	chr11	rs117046177	0.032996024	AMR
AMR_subclass_IN_SST	ENSG00000149100	chr11	rs75499933	0.032621388	AMR
AMR_subclass_IN_SST	ENSG00000149100	chr11	rs57219450	-0.042250542	AMR
AMR_subclass_IN_SST	ENSG00000149100	chr11	rs117329199	0.012104114	AMR
AMR_subclass_IN_SST	ENSG00000149100	chr11	rs79132234	-0.049942094	AMR
AMR_subclass_IN_SST	ENSG00000149100	chr11	rs76133263	0.013138085	AMR
AMR_subclass_IN_SST	ENSG00000149100	chr11	rs140397544	-0.050372301	AMR
AMR_subclass_IN_SST	ENSG00000149100	chr11	rs624625	-0.110189651	AMR
AMR_subclass_IN_SST	ENSG00000149100	chr11	rs138459820	-0.050071599	AMR
AMR_subclass_IN_SST	ENSG00000149100	chr11	rs78455077	0.012996608	AMR
AMR_subclass_IN_SST	ENSG00000149100	chr11	rs12802959	0.054814835	AMR
AMR_subclass_IN_SST	ENSG00000149100	chr11	rs7120458	-0.025555761	AMR
AMR_subclass_IN_SST	ENSG00000149100	chr11	rs35867340	-0.025552028	AMR
AMR_subclass_IN_SST	ENSG00000149100	chr11	rs11032277	-0.025650251	AMR
AMR_subclass_IN_SST	ENSG00000149100	chr11	rs911582	-0.025709863	AMR
AMR_subclass_IN_SST	ENSG00000149100	chr11	rs12364593	-0.025629729	AMR
AMR_subclass_IN_SST	ENSG00000149100	chr11	rs111692918	-0.05679071	AMR
AMR_subclass_IN_SST	ENSG00000149100	chr11	rs78462635	-0.056600648	AMR
AMR_subclass_IN_SST	ENSG00000149100	chr11	rs145045494	-0.154241931	AMR
AMR_subclass_IN_SST	ENSG00000149100	chr11	rs118072990	-0.073492914	AMR
AMR_subclass_IN_SST	ENSG00000149231	chr11	rs36006898	0.0003798725	AMR
AMR_subclass_IN_SST	ENSG00000149231	chr11	rs4753183	-0.0002820273	AMR
AMR_subclass_IN_SST	ENSG00000149231	chr11	rs7950516	-0.0165343781	AMR
AMR_subclass_IN_SST	ENSG00000149231	chr11	rs12809026	0.0719112059	AMR
AMR_subclass_IN_SST	ENSG00000149231	chr11	rs11021552	0.5274567846	AMR
AMR_subclass_IN_SST	ENSG00000149231	chr11	rs11021563	0.5269734376	AMR
AMR_subclass_IN_SST	ENSG00000149231	chr11	rs34203547	0.0825613966	AMR
AMR_subclass_IN_SST	ENSG00000149292	chr11	rs59691290	0.03288178	AMR
AMR_subclass_IN_SST	ENSG00000149292	chr11	rs7942392	0.36976582	AMR
AMR_subclass_IN_SST	ENSG00000149292	chr11	rs6589371	0.46324849	AMR
AMR_subclass_IN_SST	ENSG00000149292	chr11	rs111665906	-0.05648297	AMR
AMR_subclass_IN_SST	ENSG00000149292	chr11	rs111501077	-0.05553424	AMR
AMR_subclass_IN_SST	ENSG00000149292	chr11	rs7123528	-0.00803523	AMR
AMR_subclass_IN_SST	ENSG00000149313	chr11	rs76914032	-0.0495838179	AMR
AMR_subclass_IN_SST	ENSG00000149313	chr11	rs77938422	-0.0501119376	AMR
AMR_subclass_IN_SST	ENSG00000149313	chr11	rs75155923	-0.0492186536	AMR
AMR_subclass_IN_SST	ENSG00000149313	chr11	rs72987109	0.0358243979	AMR
AMR_subclass_IN_SST	ENSG00000149313	chr11	rs76719472	0.0282829411	AMR
AMR_subclass_IN_SST	ENSG00000149313	chr11	rs149322389	0.093815257	AMR
AMR_subclass_IN_SST	ENSG00000149313	chr11	rs72989060	0.0943328759	AMR
AMR_subclass_IN_SST	ENSG00000149313	chr11	rs666672	-0.0635745292	AMR
AMR_subclass_IN_SST	ENSG00000149313	chr11	rs653411	-0.0633287599	AMR
AMR_subclass_IN_SST	ENSG00000149313	chr11	rs509930	-0.0613419836	AMR
AMR_subclass_IN_SST	ENSG00000149313	chr11	rs482942	-0.0802644808	AMR
AMR_subclass_IN_SST	ENSG00000149313	chr11	rs11227059	0.1452355125	AMR
AMR_subclass_IN_SST	ENSG00000149313	chr11	rs75732222	0.0380945369	AMR
AMR_subclass_IN_SST	ENSG00000149313	chr11	rs11227077	-0.0495909222	AMR
AMR_subclass_IN_SST	ENSG00000149313	chr11	rs11227085	-0.0496453221	AMR
AMR_subclass_IN_SST	ENSG00000149313	chr11	rs12365409	-0.0444710905	AMR
AMR_subclass_IN_SST	ENSG00000149313	chr11	rs72983856	0.0826010263	AMR
AMR_subclass_IN_SST	ENSG00000149313	chr11	rs1487907	-0.0004056738	AMR
AMR_subclass_IN_SST	ENSG00000149313	chr11	rs1487897	0.0204873726	AMR
AMR_subclass_IN_SST	ENSG00000149313	chr11	rs10789545	0.0065938109	AMR
AMR_subclass_IN_SST	ENSG00000149313	chr11	rs4512789	0.0690078126	AMR
AMR_subclass_IN_SST	ENSG00000149313	chr11	rs61905190	-0.1005284374	AMR
AMR_subclass_IN_SST	ENSG00000149313	chr11	rs2513114	0.1255333246	AMR
AMR_subclass_IN_SST	ENSG00000149313	chr11	rs78959823	-0.0561550804	AMR
AMR_subclass_IN_SST	ENSG00000149575	chr11	rs7936274	0.0237690755	AMR
AMR_subclass_IN_SST	ENSG00000149575	chr11	rs73010348	0.242506917	AMR
AMR_subclass_IN_SST	ENSG00000149575	chr11	rs4938414	0.0614507713	AMR
AMR_subclass_IN_SST	ENSG00000149575	chr11	rs2186761	0.0006923499	AMR
AMR_subclass_IN_SST	ENSG00000149575	chr11	rs71482119	0.0090799645	AMR
AMR_subclass_IN_SST	ENSG00000149575	chr11	rs11216582	0.0061722423	AMR
AMR_subclass_IN_SST	ENSG00000149575	chr11	rs10790230	-0.1849233006	AMR
AMR_subclass_IN_SST	ENSG00000149575	chr11	rs596134	-0.0039740166	AMR
AMR_subclass_IN_SST	ENSG00000149575	chr11	rs1793157	-0.1153105626	AMR
AMR_subclass_IN_SST	ENSG00000149575	chr11	rs586053	-0.0096798303	AMR
AMR_subclass_IN_SST	ENSG00000149575	chr11	rs117872487	-0.0446706694	AMR
AMR_subclass_IN_SST	ENSG00000149575	chr11	rs4936457	0.0240061749	AMR
AMR_subclass_IN_SST	ENSG00000149575	chr11	rs7109321	-0.0144087313	AMR
AMR_subclass_IN_SST	ENSG00000149575	chr11	rs11822958	-0.0172261332	AMR
AMR_subclass_IN_SST	ENSG00000149575	chr11	rs61458747	-0.0183817452	AMR
AMR_subclass_IN_SST	ENSG00000149575	chr11	rs6589714	-0.1305013224	AMR
AMR_subclass_IN_SST	ENSG00000149575	chr11	rs55992861	-0.0163970284	AMR
AMR_subclass_IN_SST	ENSG00000149575	chr11	rs116458302	-0.1296975715	AMR
AMR_subclass_IN_SST	ENSG00000149575	chr11	rs146663021	-0.0147564689	AMR
AMR_subclass_IN_SST	ENSG00000149575	chr11	rs191560098	-0.1294183342	AMR
AMR_subclass_IN_SST	ENSG00000149575	chr11	rs77202413	-0.0133245797	AMR
AMR_subclass_IN_SST	ENSG00000150667	chr15	rs72729349	0.0277430333	AMR
AMR_subclass_IN_SST	ENSG00000150667	chr15	rs28673757	-0.0002080747	AMR
AMR_subclass_IN_SST	ENSG00000150667	chr15	rs56081681	0.0878152873	AMR
AMR_subclass_IN_SST	ENSG00000150667	chr15	rs75553000	0.0012269513	AMR
AMR_subclass_IN_SST	ENSG00000150667	chr15	rs2643202	-0.0002382838	AMR
AMR_subclass_IN_SST	ENSG00000150667	chr15	rs72729402	0.0020786803	AMR
AMR_subclass_IN_SST	ENSG00000150667	chr15	rs55667822	0.068317711	AMR
AMR_subclass_IN_SST	ENSG00000150667	chr15	rs144760653	-0.0695244244	AMR
AMR_subclass_IN_SST	ENSG00000150667	chr15	rs72731285	-0.0267100662	AMR
AMR_subclass_IN_SST	ENSG00000150667	chr15	rs77460526	-0.0875059687	AMR
AMR_subclass_IN_SST	ENSG00000150667	chr15	rs148668510	-0.0094920186	AMR
AMR_subclass_IN_SST	ENSG00000150667	chr15	rs144380159	-0.0099942903	AMR
AMR_subclass_IN_SST	ENSG00000150667	chr15	rs147818212	-0.0064438712	AMR
AMR_subclass_IN_SST	ENSG00000150667	chr15	rs72733154	-0.0031957178	AMR
AMR_subclass_IN_SST	ENSG00000150667	chr15	rs76145101	0.0788276497	AMR
AMR_subclass_IN_SST	ENSG00000150667	chr15	rs10851379	-0.0793530586	AMR
AMR_subclass_IN_SST	ENSG00000150667	chr15	rs11070177	0.0087729814	AMR
AMR_subclass_IN_SST	ENSG00000150667	chr15	rs72722933	-0.0130121207	AMR
AMR_subclass_IN_SST	ENSG00000150667	chr15	rs34799287	-0.0111709063	AMR
AMR_subclass_IN_SST	ENSG00000150667	chr15	rs7497593	-0.0009211604	AMR
AMR_subclass_IN_SST	ENSG00000150667	chr15	rs11854225	0.0727199737	AMR
AMR_subclass_IN_SST	ENSG00000150667	chr15	rs2247984	0.0277704003	AMR
AMR_subclass_IN_SST	ENSG00000150667	chr15	rs525910	-0.0469132221	AMR
AMR_subclass_IN_SST	ENSG00000150667	chr15	rs500200	-0.0466361869	AMR
AMR_subclass_IN_SST	ENSG00000150667	chr15	rs480321	-0.0489856731	AMR
AMR_subclass_IN_SST	ENSG00000150667	chr15	rs2412452	-0.0002152512	AMR
AMR_subclass_IN_SST	ENSG00000150667	chr15	rs113776570	-0.0899041732	AMR
AMR_subclass_IN_SST	ENSG00000150667	chr15	rs2307102	-0.0393825884	AMR
AMR_subclass_IN_SST	ENSG00000150667	chr15	rs11631442	0.0270326816	AMR
AMR_subclass_IN_SST	ENSG00000150667	chr15	rs500804	0.0960130196	AMR
AMR_subclass_IN_SST	ENSG00000150667	chr15	rs539846	0.0475786045	AMR
AMR_subclass_IN_SST	ENSG00000150667	chr15	rs78758977	-0.0401339573	AMR
AMR_subclass_IN_SST	ENSG00000150667	chr15	rs4306473	0.2852843296	AMR
AMR_subclass_IN_SST	ENSG00000150667	chr15	rs113640277	-0.1346896505	AMR
AMR_subclass_IN_SST	ENSG00000150667	chr15	rs17671194	0.0239417304	AMR
AMR_subclass_IN_SST	ENSG00000150667	chr15	rs78153629	0.0522685474	AMR
AMR_subclass_IN_SST	ENSG00000150667	chr15	rs77531164	0.0534437885	AMR
AMR_subclass_IN_SST	ENSG00000150667	chr15	rs17733008	0.0234759245	AMR
AMR_subclass_IN_SST	ENSG00000150667	chr15	rs7169404	0.0226675013	AMR
AMR_subclass_IN_SST	ENSG00000150667	chr15	rs7169262	0.0219133214	AMR
AMR_subclass_IN_SST	ENSG00000150667	chr15	rs75278386	0.0216071573	AMR
AMR_subclass_IN_SST	ENSG00000150667	chr15	rs113189667	0.0217473892	AMR
AMR_subclass_IN_SST	ENSG00000150667	chr15	rs8033938	0.0221569352	AMR
AMR_subclass_IN_SST	ENSG00000150667	chr15	rs7172000	0.1007963273	AMR
AMR_subclass_IN_SST	ENSG00000150667	chr15	rs28429209	-0.0653225463	AMR
AMR_subclass_IN_SST	ENSG00000150667	chr15	rs183744815	0.043268927	AMR
AMR_subclass_IN_SST	ENSG00000150667	chr15	rs186923487	0.0436558073	AMR
AMR_subclass_IN_SST	ENSG00000150667	chr15	rs12903817	-0.015507938	AMR
AMR_subclass_IN_SST	ENSG00000150667	chr15	rs58458955	0.0197121395	AMR
AMR_subclass_IN_SST	ENSG00000150667	chr15	rs117537166	0.0434478484	AMR
AMR_subclass_IN_SST	ENSG00000150667	chr15	rs142725753	0.0433805829	AMR
AMR_subclass_IN_SST	ENSG00000150667	chr15	rs75387822	0.2581640782	AMR
AMR_subclass_IN_SST	ENSG00000150667	chr15	rs146844628	0.1251139612	AMR
AMR_subclass_IN_SST	ENSG00000150667	chr15	rs115347345	0.414878234	AMR
AMR_subclass_IN_SST	ENSG00000150667	chr15	rs7174651	0.0284856443	AMR
AMR_subclass_IN_SST	ENSG00000150667	chr15	rs7179899	0.0259296268	AMR
AMR_subclass_IN_SST	ENSG00000157578	chr21	rs13049783	-0.01665896	AMR
AMR_subclass_IN_SST	ENSG00000157578	chr21	rs11701047	-0.0569694	AMR
AMR_subclass_IN_SST	ENSG00000157578	chr21	rs2836999	-0.12036543	AMR
AMR_subclass_IN_SST	ENSG00000157578	chr21	rs2837002	-0.06118205	AMR
AMR_subclass_IN_SST	ENSG00000157578	chr21	rs2837008	-0.06467343	AMR
AMR_subclass_IN_SST	ENSG00000157578	chr21	rs150499962	0.05463337	AMR
AMR_subclass_IN_SST	ENSG00000157578	chr21	rs2837228	-0.03006522	AMR
AMR_subclass_IN_SST	ENSG00000157578	chr21	rs2837230	-0.03262452	AMR
AMR_subclass_IN_SST	ENSG00000157578	chr21	rs2837231	-0.03133179	AMR
AMR_subclass_IN_SST	ENSG00000157578	chr21	rs16998673	-0.02120013	AMR
AMR_subclass_IN_SST	ENSG00000157578	chr21	rs28430430	-0.02393065	AMR
AMR_subclass_VLMC	ENSG00000006468	chr7	rs55911034	-0.002741518	AMR
AMR_subclass_VLMC	ENSG00000006468	chr7	rs113947995	-0.397196038	AMR
AMR_subclass_VLMC	ENSG00000006468	chr7	rs73065785	-0.15136934	AMR
AMR_subclass_VLMC	ENSG00000006468	chr7	rs6966405	0.015288064	AMR
AMR_subclass_VLMC	ENSG00000006468	chr7	rs4719396	0.008733817	AMR
AMR_subclass_VLMC	ENSG00000006468	chr7	rs1431536	-0.102077967	AMR
AMR_subclass_VLMC	ENSG00000006468	chr7	rs17168303	-0.075714403	AMR
AMR_subclass_VLMC	ENSG00000006468	chr7	rs56244534	-0.264013032	AMR
AMR_subclass_VLMC	ENSG00000008083	chr6	rs16875081	-0.0138193985	AMR
AMR_subclass_VLMC	ENSG00000008083	chr6	rs11970304	-0.0145087811	AMR
AMR_subclass_VLMC	ENSG00000008083	chr6	rs11970305	-0.0134027335	AMR
AMR_subclass_VLMC	ENSG00000008083	chr6	rs6924248	0.0107226096	AMR
AMR_subclass_VLMC	ENSG00000008083	chr6	rs56249814	0.1285735417	AMR
AMR_subclass_VLMC	ENSG00000008083	chr6	rs713460	0.0291720745	AMR
AMR_subclass_VLMC	ENSG00000008083	chr6	rs761833	-0.0409878385	AMR
AMR_subclass_VLMC	ENSG00000008083	chr6	rs111536338	0.1777582902	AMR
AMR_subclass_VLMC	ENSG00000008083	chr6	rs16875550	-0.2429860202	AMR
AMR_subclass_VLMC	ENSG00000008083	chr6	rs6918362	0.0139018864	AMR
AMR_subclass_VLMC	ENSG00000008083	chr6	rs9396538	0.0141202652	AMR
AMR_subclass_VLMC	ENSG00000008083	chr6	rs12176066	0.014043657	AMR
AMR_subclass_VLMC	ENSG00000008083	chr6	rs9349961	0.0136639989	AMR
AMR_subclass_VLMC	ENSG00000008083	chr6	rs12191760	-0.0617491388	AMR
AMR_subclass_VLMC	ENSG00000008083	chr6	rs6908722	-0.0751228475	AMR
AMR_subclass_VLMC	ENSG00000008083	chr6	rs57581425	-0.075206262	AMR
AMR_subclass_VLMC	ENSG00000008083	chr6	rs144754915	-0.0372619104	AMR
AMR_subclass_VLMC	ENSG00000008083	chr6	rs188232637	-0.0026375536	AMR
AMR_subclass_VLMC	ENSG00000008083	chr6	rs13193457	0.0414924661	AMR
AMR_subclass_VLMC	ENSG00000008083	chr6	rs16876291	0.0051936184	AMR
AMR_subclass_VLMC	ENSG00000008083	chr6	rs74563575	0.1482061624	AMR
AMR_subclass_VLMC	ENSG00000008083	chr6	rs4716003	-0.3165206897	AMR
AMR_subclass_VLMC	ENSG00000008083	chr6	rs10949320	0.0012515215	AMR
AMR_subclass_VLMC	ENSG00000008083	chr6	rs34545176	-0.0409468149	AMR
AMR_subclass_VLMC	ENSG00000008083	chr6	rs11966220	-0.0412338106	AMR
AMR_subclass_VLMC	ENSG00000008083	chr6	rs9383091	-0.040719451	AMR
AMR_subclass_VLMC	ENSG00000008083	chr6	rs57441444	-0.0684868944	AMR
AMR_subclass_VLMC	ENSG00000008083	chr6	rs9349993	-0.0683845143	AMR
AMR_subclass_VLMC	ENSG00000008083	chr6	rs2237212	0.0008478534	AMR
AMR_subclass_VLMC	ENSG00000008083	chr6	rs72823520	-0.2552465963	AMR
AMR_subclass_VLMC	ENSG00000008083	chr6	rs13219690	-0.0308303609	AMR
AMR_subclass_VLMC	ENSG00000008083	chr6	rs3806136	-0.0312572614	AMR
AMR_subclass_VLMC	ENSG00000008083	chr6	rs9297011	-0.0306604294	AMR
AMR_subclass_VLMC	ENSG00000008083	chr6	rs236964	0.0652059252	AMR
AMR_subclass_VLMC	ENSG00000008277	chr7	rs75443199	-0.04976764	AMR
AMR_subclass_VLMC	ENSG00000008277	chr7	rs79117906	-0.04857901	AMR
AMR_subclass_VLMC	ENSG00000008277	chr7	rs4148737	-0.06202691	AMR
AMR_subclass_VLMC	ENSG00000008277	chr7	rs6961419	-0.0628929	AMR
AMR_subclass_VLMC	ENSG00000008277	chr7	rs6961882	-0.06336597	AMR
AMR_subclass_VLMC	ENSG00000008277	chr7	rs4148735	-0.06298726	AMR
AMR_subclass_VLMC	ENSG00000008277	chr7	rs7803285	0.09922366	AMR
AMR_subclass_VLMC	ENSG00000008277	chr7	rs12667018	0.04081636	AMR
AMR_subclass_VLMC	ENSG00000008277	chr7	rs2040678	0.01095685	AMR
AMR_subclass_VLMC	ENSG00000008277	chr7	rs11974688	0.01946053	AMR
AMR_subclass_VLMC	ENSG00000010322	chr3	rs7372658	-0.086666379	AMR
AMR_subclass_VLMC	ENSG00000010322	chr3	rs6771081	-0.048536207	AMR
AMR_subclass_VLMC	ENSG00000010322	chr3	rs146311338	0.172970841	AMR
AMR_subclass_VLMC	ENSG00000010322	chr3	rs75152916	0.397166583	AMR
AMR_subclass_VLMC	ENSG00000010322	chr3	rs13326165	-0.058100989	AMR
AMR_subclass_VLMC	ENSG00000010322	chr3	rs758801	-0.033405717	AMR
AMR_subclass_VLMC	ENSG00000010322	chr3	rs35325270	0.077764697	AMR
AMR_subclass_VLMC	ENSG00000010322	chr3	rs13066389	0.023498848	AMR
AMR_subclass_VLMC	ENSG00000010322	chr3	rs7614424	0.023154983	AMR
AMR_subclass_VLMC	ENSG00000010322	chr3	rs28463071	0.012614948	AMR
AMR_subclass_VLMC	ENSG00000010322	chr3	rs72954395	0.016624741	AMR
AMR_subclass_VLMC	ENSG00000010322	chr3	rs72954399	0.017412855	AMR
AMR_subclass_VLMC	ENSG00000010322	chr3	rs3815421	0.016038567	AMR
AMR_subclass_VLMC	ENSG00000010322	chr3	rs9861870	0.013854043	AMR
AMR_subclass_VLMC	ENSG00000010322	chr3	rs55888310	0.011453516	AMR
AMR_subclass_VLMC	ENSG00000010322	chr3	rs2276811	0.009054183	AMR
AMR_subclass_VLMC	ENSG00000010322	chr3	rs3773726	0.042981908	AMR
AMR_subclass_VLMC	ENSG00000010322	chr3	rs6775022	0.116208747	AMR
AMR_subclass_VLMC	ENSG00000010322	chr3	rs2306574	-0.126293915	AMR
AMR_subclass_VLMC	ENSG00000015153	chr12	rs285578	0.01850053	AMR
AMR_subclass_VLMC	ENSG00000015153	chr12	rs11609586	0.15475711	AMR
AMR_subclass_VLMC	ENSG00000015153	chr12	rs10785284	0.1199643	AMR
AMR_subclass_VLMC	ENSG00000015153	chr12	rs1497187	0.13185301	AMR
AMR_subclass_VLMC	ENSG00000015153	chr12	rs61941487	0.13315916	AMR
AMR_subclass_VLMC	ENSG00000015153	chr12	rs74221524	-0.02412358	AMR
AMR_subclass_VLMC	ENSG00000015153	chr12	rs10880177	0.05974633	AMR
AMR_subclass_VLMC	ENSG00000015153	chr12	rs6582365	-0.02455631	AMR
AMR_subclass_VLMC	ENSG00000015153	chr12	rs111767206	-0.02486437	AMR
AMR_subclass_VLMC	ENSG00000015153	chr12	rs7138379	-0.02460119	AMR
AMR_subclass_VLMC	ENSG00000015153	chr12	rs77853696	-0.06542546	AMR
AMR_subclass_VLMC	ENSG00000015153	chr12	rs7315650	-0.01635785	AMR
AMR_subclass_VLMC	ENSG00000015153	chr12	rs12318856	0.07201509	AMR
AMR_subclass_VLMC	ENSG00000015153	chr12	rs17569554	0.07749298	AMR
AMR_subclass_VLMC	ENSG00000015153	chr12	rs4768439	-0.01051012	AMR
AMR_subclass_VLMC	ENSG00000015153	chr12	rs11613672	-0.0460364	AMR
AMR_subclass_VLMC	ENSG00000015153	chr12	rs1829570	0.03389862	AMR
AMR_subclass_VLMC	ENSG00000015153	chr12	rs11181845	0.12956771	AMR
AMR_subclass_VLMC	ENSG00000015153	chr12	rs59462701	-0.01273554	AMR
AMR_subclass_VLMC	ENSG00000015153	chr12	rs61196319	-0.01350734	AMR
AMR_subclass_VLMC	ENSG00000015153	chr12	rs7960528	-0.11373804	AMR
AMR_subclass_VLMC	ENSG00000015153	chr12	rs67810085	-0.01204885	AMR
AMR_subclass_VLMC	ENSG00000015153	chr12	rs17092840	-0.01052859	AMR
AMR_subclass_VLMC	ENSG00000029639	chr6	rs2206571	0.140287847	AMR
AMR_subclass_VLMC	ENSG00000029639	chr6	rs62432709	-0.051706146	AMR
AMR_subclass_VLMC	ENSG00000029639	chr6	rs9478549	-0.007526334	AMR
AMR_subclass_VLMC	ENSG00000029639	chr6	rs4870294	-0.006853968	AMR
AMR_subclass_VLMC	ENSG00000029639	chr6	rs55967715	-0.006161913	AMR
AMR_subclass_VLMC	ENSG00000029639	chr6	rs1338511	-0.013999003	AMR
AMR_subclass_VLMC	ENSG00000029639	chr6	rs62434226	-0.094666849	AMR
AMR_subclass_VLMC	ENSG00000029639	chr6	rs11754422	-0.094970333	AMR
AMR_subclass_VLMC	ENSG00000029639	chr6	rs55651911	-0.094186956	AMR
AMR_subclass_VLMC	ENSG00000029639	chr6	rs17637814	-0.72265377	AMR
AMR_subclass_VLMC	ENSG00000029639	chr6	rs2281253	0.020764926	AMR
AMR_subclass_VLMC	ENSG00000029639	chr6	rs9480139	-0.065777024	AMR
AMR_subclass_VLMC	ENSG00000029639	chr6	rs9480140	-0.068003608	AMR
AMR_subclass_VLMC	ENSG00000029639	chr6	rs116074102	-0.089059145	AMR
AMR_subclass_VLMC	ENSG00000029639	chr6	rs115007125	-0.089219677	AMR
AMR_subclass_VLMC	ENSG00000029639	chr6	rs9397889	-0.056505288	AMR
AMR_subclass_VLMC	ENSG00000029639	chr6	rs73000640	-0.020253609	AMR
AMR_subclass_VLMC	ENSG00000029639	chr6	rs9397895	-0.063158459	AMR
AMR_subclass_VLMC	ENSG00000029639	chr6	rs4870427	-0.016851387	AMR
AMR_subclass_VLMC	ENSG00000029639	chr6	rs62434818	0.067534291	AMR
AMR_subclass_VLMC	ENSG00000047315	chr4	rs77113086	-0.01520888	AMR
AMR_subclass_VLMC	ENSG00000047315	chr4	rs74557279	0.020671483	AMR
AMR_subclass_VLMC	ENSG00000047315	chr4	rs10008254	0.021285581	AMR
AMR_subclass_VLMC	ENSG00000047315	chr4	rs68173962	-0.007298616	AMR
AMR_subclass_VLMC	ENSG00000047315	chr4	rs58872126	0.038051344	AMR
AMR_subclass_VLMC	ENSG00000047315	chr4	rs58510494	0.038279039	AMR
AMR_subclass_VLMC	ENSG00000047315	chr4	rs28550555	0.115924993	AMR
AMR_subclass_VLMC	ENSG00000047315	chr4	rs73180548	0.023205153	AMR
AMR_subclass_VLMC	ENSG00000047315	chr4	rs73180550	0.023510193	AMR
AMR_subclass_VLMC	ENSG00000047315	chr4	rs7679186	0.086591306	AMR
AMR_subclass_VLMC	ENSG00000047315	chr4	rs6845267	0.066689517	AMR
AMR_subclass_VLMC	ENSG00000050165	chr11	rs74805490	-0.024239345	AMR
AMR_subclass_VLMC	ENSG00000050165	chr11	rs1910504	0.044081065	AMR
AMR_subclass_VLMC	ENSG00000050165	chr11	rs2722779	0.01156637	AMR
AMR_subclass_VLMC	ENSG00000050165	chr11	rs73415635	-0.188741192	AMR
AMR_subclass_VLMC	ENSG00000050165	chr11	rs4910300	-0.031396296	AMR
AMR_subclass_VLMC	ENSG00000050165	chr11	rs9943527	0.012406107	AMR
AMR_subclass_VLMC	ENSG00000050165	chr11	rs9633878	-0.001714092	AMR
AMR_subclass_VLMC	ENSG00000050165	chr11	rs12361327	0.020934846	AMR
AMR_subclass_VLMC	ENSG00000050165	chr11	rs10765875	-0.013061591	AMR
AMR_subclass_VLMC	ENSG00000050165	chr11	rs2046488	-0.295539265	AMR
AMR_subclass_VLMC	ENSG00000050165	chr11	rs11601976	0.027438716	AMR
AMR_subclass_VLMC	ENSG00000050165	chr11	rs11022292	0.027058245	AMR
AMR_subclass_VLMC	ENSG00000050165	chr11	rs12289339	-0.097228388	AMR
AMR_subclass_VLMC	ENSG00000050165	chr11	rs10831831	-0.11390144	AMR
AMR_subclass_VLMC	ENSG00000050165	chr11	rs12790334	-0.123119431	AMR
AMR_subclass_VLMC	ENSG00000053254	chr14	rs34705628	-0.01544143	AMR
AMR_subclass_VLMC	ENSG00000053254	chr14	rs8020378	-0.04360043	AMR
AMR_subclass_VLMC	ENSG00000053254	chr14	rs11625907	-0.04507947	AMR
AMR_subclass_VLMC	ENSG00000053254	chr14	rs8010969	-0.08848949	AMR
AMR_subclass_VLMC	ENSG00000053254	chr14	rs8011830	-0.04423429	AMR
AMR_subclass_VLMC	ENSG00000053254	chr14	rs1955596	-0.3590087	AMR
AMR_subclass_VLMC	ENSG00000053254	chr14	rs8021963	0.05433721	AMR
AMR_subclass_VLMC	ENSG00000053254	chr14	rs56022662	-0.09014344	AMR
AMR_subclass_VLMC	ENSG00000053900	chr4	rs4327467	-0.4652061926	AMR
AMR_subclass_VLMC	ENSG00000053900	chr4	rs79783707	0.1059222106	AMR
AMR_subclass_VLMC	ENSG00000053900	chr4	rs66911108	-0.0421588267	AMR
AMR_subclass_VLMC	ENSG00000053900	chr4	rs73804154	0.0594508344	AMR
AMR_subclass_VLMC	ENSG00000053900	chr4	rs58666069	-0.0416375708	AMR
AMR_subclass_VLMC	ENSG00000053900	chr4	rs11945433	-0.0394839197	AMR
AMR_subclass_VLMC	ENSG00000053900	chr4	rs67913284	-0.037016222	AMR
AMR_subclass_VLMC	ENSG00000053900	chr4	rs115629609	-0.0477055263	AMR
AMR_subclass_VLMC	ENSG00000053900	chr4	rs58406358	-0.1272478107	AMR
AMR_subclass_VLMC	ENSG00000053900	chr4	rs7661754	-0.0492806944	AMR
AMR_subclass_VLMC	ENSG00000053900	chr4	rs111262872	-0.0310011463	AMR
AMR_subclass_VLMC	ENSG00000053900	chr4	rs61791568	0.0552852526	AMR
AMR_subclass_VLMC	ENSG00000053900	chr4	rs4697068	0.0161287944	AMR
AMR_subclass_VLMC	ENSG00000053900	chr4	rs4697466	0.0155297086	AMR
AMR_subclass_VLMC	ENSG00000053900	chr4	rs4697486	-0.0132550241	AMR
AMR_subclass_VLMC	ENSG00000053900	chr4	rs1527354	-0.0013593828	AMR
AMR_subclass_VLMC	ENSG00000053900	chr4	rs4697075	0.0012087479	AMR
AMR_subclass_VLMC	ENSG00000053900	chr4	rs7688687	0.0008915153	AMR
AMR_subclass_VLMC	ENSG00000053900	chr4	rs111933222	0.0005307635	AMR
AMR_subclass_VLMC	ENSG00000053900	chr4	rs79711558	0.0002658599	AMR
AMR_subclass_VLMC	ENSG00000053900	chr4	rs4697498	0.0001138737	AMR
AMR_subclass_VLMC	ENSG00000053900	chr4	rs73250635	-0.0485618557	AMR
AMR_subclass_VLMC	ENSG00000053900	chr4	rs10939017	0.0950101979	AMR
AMR_subclass_VLMC	ENSG00000053900	chr4	rs2232027	0.0729424372	AMR
AMR_subclass_VLMC	ENSG00000053900	chr4	rs16876703	-0.0064442618	AMR
AMR_subclass_VLMC	ENSG00000053900	chr4	rs11931069	-0.09022392	AMR
AMR_subclass_VLMC	ENSG00000053900	chr4	rs56012057	-0.0889136521	AMR
AMR_subclass_VLMC	ENSG00000053900	chr4	rs62409710	0.0340700008	AMR
AMR_subclass_VLMC	ENSG00000053900	chr4	rs58862120	0.0335686846	AMR
AMR_subclass_VLMC	ENSG00000053900	chr4	rs59894492	0.0326041069	AMR
AMR_subclass_VLMC	ENSG00000053900	chr4	rs58887011	0.0316706887	AMR
AMR_subclass_VLMC	ENSG00000053900	chr4	rs114114510	-0.1698997972	AMR
AMR_subclass_VLMC	ENSG00000053900	chr4	rs62409716	0.0086350059	AMR
AMR_subclass_VLMC	ENSG00000053900	chr4	rs79777331	-0.1706993468	AMR
AMR_subclass_VLMC	ENSG00000053900	chr4	rs77592144	0.0095377441	AMR
AMR_subclass_VLMC	ENSG00000053900	chr4	rs62409746	0.0100562936	AMR
AMR_subclass_VLMC	ENSG00000053900	chr4	rs62409748	0.010362194	AMR
AMR_subclass_VLMC	ENSG00000053900	chr4	rs28473669	-0.0021708293	AMR
AMR_subclass_VLMC	ENSG00000053900	chr4	rs62409751	0.0104744489	AMR
AMR_subclass_VLMC	ENSG00000053900	chr4	rs16876808	-0.1690087958	AMR
AMR_subclass_VLMC	ENSG00000053900	chr4	rs62409752	0.0108956767	AMR
AMR_subclass_VLMC	ENSG00000053900	chr4	rs16876811	0.0112864929	AMR
AMR_subclass_VLMC	ENSG00000053900	chr4	rs114223876	0.0116521756	AMR
AMR_subclass_VLMC	ENSG00000053900	chr4	rs80016900	0.1261979781	AMR
AMR_subclass_VLMC	ENSG00000053900	chr4	rs112237941	-0.0014720493	AMR
AMR_subclass_VLMC	ENSG00000053900	chr4	rs111393047	-0.0017408328	AMR
AMR_subclass_VLMC	ENSG00000053900	chr4	rs3822221	-0.0063735307	AMR
AMR_subclass_VLMC	ENSG00000053900	chr4	rs112967590	-0.0016501173	AMR
AMR_subclass_VLMC	ENSG00000053900	chr4	rs112467115	-0.3459576004	AMR
AMR_subclass_VLMC	ENSG00000053900	chr4	rs112940439	-0.0024139803	AMR
AMR_subclass_VLMC	ENSG00000053900	chr4	rs113783008	-0.001909465	AMR
AMR_subclass_VLMC	ENSG00000053900	chr4	rs112795751	-0.0015068582	AMR
AMR_subclass_VLMC	ENSG00000053900	chr4	rs113641922	-0.0010945154	AMR
AMR_subclass_VLMC	ENSG00000053900	chr4	rs146689685	0.1659968839	AMR
AMR_subclass_VLMC	ENSG00000053900	chr4	rs79787662	-0.001300209	AMR
AMR_subclass_VLMC	ENSG00000053900	chr4	rs137929620	0.1631565285	AMR
AMR_subclass_VLMC	ENSG00000053900	chr4	rs28773581	-0.0005478812	AMR
AMR_subclass_VLMC	ENSG00000053900	chr4	rs193020257	0.0592550338	AMR
AMR_subclass_VLMC	ENSG00000053900	chr4	rs113164447	-0.0020084686	AMR
AMR_subclass_VLMC	ENSG00000053900	chr4	rs111428615	-0.0007867732	AMR
AMR_subclass_VLMC	ENSG00000053900	chr4	rs74779890	-0.000213745	AMR
AMR_subclass_VLMC	ENSG00000053900	chr4	rs7674539	-0.0413789683	AMR
AMR_subclass_VLMC	ENSG00000053900	chr4	rs315684	-0.0177352819	AMR
AMR_subclass_VLMC	ENSG00000053900	chr4	rs315682	-0.018204862	AMR
AMR_subclass_VLMC	ENSG00000053900	chr4	rs73254193	0.439694166	AMR
AMR_subclass_VLMC	ENSG00000053900	chr4	rs73256138	0.1667109854	AMR
AMR_subclass_VLMC	ENSG00000053900	chr4	rs13124238	-0.0193756875	AMR
AMR_subclass_VLMC	ENSG00000053900	chr4	rs28743104	-0.0184971716	AMR
AMR_subclass_VLMC	ENSG00000053900	chr4	rs36016674	-0.0166039672	AMR
AMR_subclass_VLMC	ENSG00000053900	chr4	rs10003409	-0.0147024768	AMR
AMR_subclass_VLMC	ENSG00000053900	chr4	rs35415932	0.0415154981	AMR
AMR_subclass_VLMC	ENSG00000053900	chr4	rs146395750	0.0911938317	AMR
AMR_subclass_VLMC	ENSG00000053900	chr4	rs13147577	-0.1474003395	AMR
AMR_subclass_VLMC	ENSG00000053900	chr4	rs13110237	-0.1472628193	AMR
AMR_subclass_VLMC	ENSG00000053900	chr4	rs76416806	-0.2376395567	AMR
AMR_subclass_VLMC	ENSG00000053900	chr4	rs16877294	-0.098386724	AMR
AMR_subclass_VLMC	ENSG00000053900	chr4	rs6448381	-0.0509052184	AMR
AMR_subclass_VLMC	ENSG00000053900	chr4	rs6448383	-0.1623458278	AMR
AMR_subclass_VLMC	ENSG00000053900	chr4	rs2056337	0.0030998988	AMR
AMR_subclass_VLMC	ENSG00000053900	chr4	rs7674752	0.0033101743	AMR
AMR_subclass_VLMC	ENSG00000053900	chr4	rs11725059	0.004597526	AMR
AMR_subclass_VLMC	ENSG00000053900	chr4	rs6448395	0.0049867464	AMR
AMR_subclass_VLMC	ENSG00000053900	chr4	rs6448396	0.0050678028	AMR
AMR_subclass_VLMC	ENSG00000053900	chr4	rs7700230	0.0051168002	AMR
AMR_subclass_VLMC	ENSG00000053900	chr4	rs4328902	0.0033280885	AMR
AMR_subclass_VLMC	ENSG00000053900	chr4	rs6845103	0.141704662	AMR
AMR_subclass_VLMC	ENSG00000053900	chr4	rs6823637	0.0097534589	AMR
AMR_subclass_VLMC	ENSG00000053900	chr4	rs11941332	0.0468204038	AMR
AMR_subclass_VLMC	ENSG00000053900	chr4	rs6810529	0.0322850165	AMR
AMR_subclass_VLMC	ENSG00000053900	chr4	rs35542944	-0.0449402433	AMR
AMR_subclass_VLMC	ENSG00000053900	chr4	rs1027996	-0.0445349287	AMR
AMR_subclass_VLMC	ENSG00000053900	chr4	rs12510700	-0.282042523	AMR
AMR_subclass_VLMC	ENSG00000053900	chr4	rs34544332	-0.0422652788	AMR
AMR_subclass_VLMC	ENSG00000053900	chr4	rs77585170	0.2365733661	AMR
AMR_subclass_VLMC	ENSG00000053900	chr4	rs4692426	-0.0424361091	AMR
AMR_subclass_VLMC	ENSG00000053900	chr4	rs4692427	-0.0413786521	AMR
AMR_subclass_VLMC	ENSG00000053900	chr4	rs10017756	-0.0315281618	AMR
AMR_subclass_VLMC	ENSG00000053900	chr4	rs4552442	-0.0911591606	AMR
AMR_subclass_VLMC	ENSG00000053900	chr4	rs73114513	0.0258772901	AMR
AMR_subclass_VLMC	ENSG00000053900	chr4	rs73114514	0.0252896151	AMR
AMR_subclass_VLMC	ENSG00000053900	chr4	rs6828703	0.0236717074	AMR
AMR_subclass_VLMC	ENSG00000053900	chr4	rs75794859	-0.1189466695	AMR
AMR_subclass_VLMC	ENSG00000054392	chr1	rs12024719	-0.01309354	AMR
AMR_subclass_VLMC	ENSG00000054392	chr1	rs10863779	-0.05474468	AMR
AMR_subclass_VLMC	ENSG00000054392	chr1	rs742376	-0.05508662	AMR
AMR_subclass_VLMC	ENSG00000054392	chr1	rs7536857	0.13441008	AMR
AMR_subclass_VLMC	ENSG00000054392	chr1	rs75830055	-0.17959146	AMR
AMR_subclass_VLMC	ENSG00000054392	chr1	rs74156835	-0.04197336	AMR
AMR_subclass_VLMC	ENSG00000054392	chr1	rs60927621	-0.04240278	AMR
AMR_subclass_VLMC	ENSG00000054392	chr1	rs75767362	-0.03531652	AMR
AMR_subclass_VLMC	ENSG00000054392	chr1	rs79458592	-0.03581261	AMR
AMR_subclass_VLMC	ENSG00000054392	chr1	rs1604372	-0.04052348	AMR
AMR_subclass_VLMC	ENSG00000056586	chr9	rs58011736	0.1096744	AMR
AMR_subclass_VLMC	ENSG00000056586	chr9	rs10985427	0.006074872	AMR
AMR_subclass_VLMC	ENSG00000056586	chr9	rs10985429	0.01571908	AMR
AMR_subclass_VLMC	ENSG00000056586	chr9	rs72764102	-0.09175937	AMR
AMR_subclass_VLMC	ENSG00000056586	chr9	rs11506795	0.08815955	AMR
AMR_subclass_VLMC	ENSG00000056586	chr9	rs55804599	0.1014094	AMR
AMR_subclass_VLMC	ENSG00000056586	chr9	rs10124850	0.1182684	AMR
AMR_subclass_VLMC	ENSG00000056586	chr9	rs10985506	0.003796258	AMR
AMR_subclass_VLMC	ENSG00000056586	chr9	rs10119203	0.001824767	AMR
AMR_subclass_VLMC	ENSG00000056586	chr9	rs10985511	0.0006976374	AMR
AMR_subclass_VLMC	ENSG00000056586	chr9	rs10513388	0.0002282402	AMR
AMR_subclass_VLMC	ENSG00000056586	chr9	rs10985512	6.674842e-05	AMR
AMR_subclass_VLMC	ENSG00000056586	chr9	rs10985513	3.392077e-05	AMR
AMR_subclass_VLMC	ENSG00000056586	chr9	rs7045085	0.0003845983	AMR
AMR_subclass_VLMC	ENSG00000056586	chr9	rs16911368	0.001012327	AMR
AMR_subclass_VLMC	ENSG00000056586	chr9	rs10116751	0.06024907	AMR
AMR_subclass_VLMC	ENSG00000056586	chr9	rs72767752	0.0629769	AMR
AMR_subclass_VLMC	ENSG00000056586	chr9	rs28643563	0.06477513	AMR
AMR_subclass_VLMC	ENSG00000056586	chr9	rs10121679	0.06455114	AMR
AMR_subclass_VLMC	ENSG00000056586	chr9	rs1536958	0.007727231	AMR
AMR_subclass_VLMC	ENSG00000056586	chr9	rs7048016	0.0280451	AMR
AMR_subclass_VLMC	ENSG00000056586	chr9	rs73666014	0.02945478	AMR
AMR_subclass_VLMC	ENSG00000056586	chr9	rs7037705	0.03035067	AMR
AMR_subclass_VLMC	ENSG00000056586	chr9	rs73551351	0.02995211	AMR
AMR_subclass_VLMC	ENSG00000056586	chr9	rs1060586	-0.04406031	AMR
AMR_subclass_VLMC	ENSG00000056586	chr9	rs7864293	-0.04420157	AMR
AMR_subclass_VLMC	ENSG00000056586	chr9	rs12553258	-0.04452564	AMR
AMR_subclass_VLMC	ENSG00000056586	chr9	rs10818659	-0.04469781	AMR
AMR_subclass_VLMC	ENSG00000056586	chr9	rs12685667	-0.04466591	AMR
AMR_subclass_VLMC	ENSG00000056586	chr9	rs7035162	-0.04451118	AMR
AMR_subclass_VLMC	ENSG00000056586	chr9	rs111629727	0.06259691	AMR
AMR_subclass_VLMC	ENSG00000056586	chr9	rs117990240	0.06395593	AMR
AMR_subclass_VLMC	ENSG00000056586	chr9	rs117590625	0.06488905	AMR
AMR_subclass_VLMC	ENSG00000056586	chr9	rs35918962	0.004228202	AMR
AMR_subclass_VLMC	ENSG00000056586	chr9	rs7859232	-0.009808949	AMR
AMR_subclass_VLMC	ENSG00000056586	chr9	rs7875319	0.001889171	AMR
AMR_subclass_VLMC	ENSG00000056586	chr9	rs2191694	0.09156935	AMR
AMR_subclass_VLMC	ENSG00000056586	chr9	rs75272457	0.2173424	AMR
AMR_subclass_VLMC	ENSG00000056586	chr9	rs10760273	0.07659144	AMR
AMR_subclass_VLMC	ENSG00000056586	chr9	rs58179060	-0.1539696	AMR
AMR_subclass_VLMC	ENSG00000056586	chr9	rs7029787	-0.1541743	AMR
AMR_subclass_VLMC	ENSG00000056586	chr9	rs876173	0.05956333	AMR
AMR_subclass_VLMC	ENSG00000056586	chr9	rs2416901	0.03998499	AMR
AMR_subclass_VLMC	ENSG00000056586	chr9	rs2808399	-0.005587377	AMR
AMR_subclass_VLMC	ENSG00000064042	chr4	rs6811218	0.02464204	AMR
AMR_subclass_VLMC	ENSG00000064042	chr4	rs2128119	-0.06502962	AMR
AMR_subclass_VLMC	ENSG00000064042	chr4	rs6857327	0.02047832	AMR
AMR_subclass_VLMC	ENSG00000064042	chr4	rs34694186	0.02040341	AMR
AMR_subclass_VLMC	ENSG00000064042	chr4	rs7697609	0.02053556	AMR
AMR_subclass_VLMC	ENSG00000064042	chr4	rs4861343	0.1671797	AMR
AMR_subclass_VLMC	ENSG00000064042	chr4	rs34819488	0.01846784	AMR
AMR_subclass_VLMC	ENSG00000064042	chr4	rs35006827	0.1473956	AMR
AMR_subclass_VLMC	ENSG00000064042	chr4	rs4860995	-0.00273716	AMR
AMR_subclass_VLMC	ENSG00000064042	chr4	rs11944274	-0.002858785	AMR
AMR_subclass_VLMC	ENSG00000064042	chr4	rs6447075	-0.002108943	AMR
AMR_subclass_VLMC	ENSG00000064042	chr4	rs9994361	-0.0002960096	AMR
AMR_subclass_VLMC	ENSG00000064042	chr4	rs4861115	-6.053407e-05	AMR
AMR_subclass_VLMC	ENSG00000064042	chr4	rs4861116	-1.237924e-05	AMR
AMR_subclass_VLMC	ENSG00000064042	chr4	rs13107434	-0.01065978	AMR
AMR_subclass_VLMC	ENSG00000064042	chr4	rs1531350	-0.1868633	AMR
AMR_subclass_VLMC	ENSG00000064042	chr4	rs114285963	-0.05762226	AMR
AMR_subclass_VLMC	ENSG00000064042	chr4	rs76275128	-0.05888372	AMR
AMR_subclass_VLMC	ENSG00000064042	chr4	rs77811956	-0.06074429	AMR
AMR_subclass_VLMC	ENSG00000064042	chr4	rs114041831	-0.06205237	AMR
AMR_subclass_VLMC	ENSG00000064042	chr4	rs80218398	-0.06222413	AMR
AMR_subclass_VLMC	ENSG00000064042	chr4	rs112428215	-0.06138475	AMR
AMR_subclass_VLMC	ENSG00000064042	chr4	rs112703830	-0.05995524	AMR
AMR_subclass_VLMC	ENSG00000064042	chr4	rs16854771	-0.05828407	AMR
AMR_subclass_VLMC	ENSG00000064225	chr3	rs12491083	-0.063587759	AMR
AMR_subclass_VLMC	ENSG00000064225	chr3	rs7643066	0.015928457	AMR
AMR_subclass_VLMC	ENSG00000064225	chr3	rs7640670	0.016304429	AMR
AMR_subclass_VLMC	ENSG00000064225	chr3	rs1846083	0.016478568	AMR
AMR_subclass_VLMC	ENSG00000064225	chr3	rs28461485	0.01617113	AMR
AMR_subclass_VLMC	ENSG00000064225	chr3	rs6796827	-0.074796786	AMR
AMR_subclass_VLMC	ENSG00000064225	chr3	rs9824717	-0.089535546	AMR
AMR_subclass_VLMC	ENSG00000064225	chr3	rs4392455	-0.020175105	AMR
AMR_subclass_VLMC	ENSG00000064225	chr3	rs2470885	-0.026349767	AMR
AMR_subclass_VLMC	ENSG00000064225	chr3	rs2062059	-0.023686237	AMR
AMR_subclass_VLMC	ENSG00000064225	chr3	rs9821965	-0.023636193	AMR
AMR_subclass_VLMC	ENSG00000064225	chr3	rs2449008	0.158021642	AMR
AMR_subclass_VLMC	ENSG00000064225	chr3	rs2462230	0.006093195	AMR
AMR_subclass_VLMC	ENSG00000064225	chr3	rs2449066	0.005763391	AMR
AMR_subclass_VLMC	ENSG00000064225	chr3	rs2470759	0.006030236	AMR
AMR_subclass_VLMC	ENSG00000064225	chr3	rs2449062	0.006314637	AMR
AMR_subclass_VLMC	ENSG00000064225	chr3	rs2449061	0.006502137	AMR
AMR_subclass_VLMC	ENSG00000064225	chr3	rs2449058	0.006656147	AMR
AMR_subclass_VLMC	ENSG00000064225	chr3	rs2449057	0.006835747	AMR
AMR_subclass_VLMC	ENSG00000064225	chr3	rs2470766	0.007064315	AMR
AMR_subclass_VLMC	ENSG00000064225	chr3	rs2462248	0.007343529	AMR
AMR_subclass_VLMC	ENSG00000064225	chr3	rs2449049	0.007662695	AMR
AMR_subclass_VLMC	ENSG00000064225	chr3	rs2470774	0.008001869	AMR
AMR_subclass_VLMC	ENSG00000064225	chr3	rs2470779	0.008335631	AMR
AMR_subclass_VLMC	ENSG00000064225	chr3	rs2470784	0.008638668	AMR
AMR_subclass_VLMC	ENSG00000064225	chr3	rs2470786	0.008890816	AMR
AMR_subclass_VLMC	ENSG00000064225	chr3	rs2470790	0.00907977	AMR
AMR_subclass_VLMC	ENSG00000064225	chr3	rs1580374	0.009201351	AMR
AMR_subclass_VLMC	ENSG00000064225	chr3	rs77895773	-0.010219449	AMR
AMR_subclass_VLMC	ENSG00000064225	chr3	rs12635777	-0.011449499	AMR
AMR_subclass_VLMC	ENSG00000064225	chr3	rs12635825	-0.012294651	AMR
AMR_subclass_VLMC	ENSG00000064225	chr3	rs79687805	-0.0123838	AMR
AMR_subclass_VLMC	ENSG00000064225	chr3	rs57711584	-0.011939436	AMR
AMR_subclass_VLMC	ENSG00000064225	chr3	rs1608599	-0.011273996	AMR
AMR_subclass_VLMC	ENSG00000064225	chr3	rs1851822	-0.010569386	AMR
AMR_subclass_VLMC	ENSG00000064225	chr3	rs112736630	-0.009896338	AMR
AMR_subclass_VLMC	ENSG00000064225	chr3	rs1513302	0.008236343	AMR
AMR_subclass_VLMC	ENSG00000064225	chr3	rs4928137	0.00909817	AMR
AMR_subclass_VLMC	ENSG00000064225	chr3	rs4336152	0.009273367	AMR
AMR_subclass_VLMC	ENSG00000064225	chr3	rs4244710	0.008770896	AMR
AMR_subclass_VLMC	ENSG00000064225	chr3	rs3850891	0.007944433	AMR
AMR_subclass_VLMC	ENSG00000064225	chr3	rs72930320	-0.003361919	AMR
AMR_subclass_VLMC	ENSG00000064225	chr3	rs75842211	-0.003517315	AMR
AMR_subclass_VLMC	ENSG00000064225	chr3	rs4038699	-0.003821771	AMR
AMR_subclass_VLMC	ENSG00000064225	chr3	rs56773086	-0.00391369	AMR
AMR_subclass_VLMC	ENSG00000064225	chr3	rs61573690	-0.003773409	AMR
AMR_subclass_VLMC	ENSG00000064225	chr3	rs1849496	-0.00354712	AMR
AMR_subclass_VLMC	ENSG00000064225	chr3	rs113255236	-0.00335716	AMR
AMR_subclass_VLMC	ENSG00000064225	chr3	rs113115579	-0.003254167	AMR
AMR_subclass_VLMC	ENSG00000064225	chr3	rs72930370	-0.003237883	AMR
AMR_subclass_VLMC	ENSG00000064225	chr3	rs1818482	-0.003282369	AMR
AMR_subclass_VLMC	ENSG00000064225	chr3	rs72932305	-0.003350641	AMR
AMR_subclass_VLMC	ENSG00000069702	chr1	rs12748324	0.0691344268	AMR
AMR_subclass_VLMC	ENSG00000069702	chr1	rs2018235	0.0662415399	AMR
AMR_subclass_VLMC	ENSG00000069702	chr1	rs12745047	0.0642064207	AMR
AMR_subclass_VLMC	ENSG00000069702	chr1	rs1335720	-0.0032523045	AMR
AMR_subclass_VLMC	ENSG00000069702	chr1	rs75471107	0.0249096669	AMR
AMR_subclass_VLMC	ENSG00000069702	chr1	rs75698317	-0.0256641273	AMR
AMR_subclass_VLMC	ENSG00000069702	chr1	rs71666274	0.0623062372	AMR
AMR_subclass_VLMC	ENSG00000069702	chr1	rs12724861	0.0600439339	AMR
AMR_subclass_VLMC	ENSG00000069702	chr1	rs77101500	-0.0374928788	AMR
AMR_subclass_VLMC	ENSG00000069702	chr1	rs1775586	0.0083816163	AMR
AMR_subclass_VLMC	ENSG00000069702	chr1	rs34668418	-0.0674544588	AMR
AMR_subclass_VLMC	ENSG00000069702	chr1	rs12737988	-0.0775171664	AMR
AMR_subclass_VLMC	ENSG00000069702	chr1	rs1624782	-0.0253235181	AMR
AMR_subclass_VLMC	ENSG00000069702	chr1	rs77664233	0.1482395252	AMR
AMR_subclass_VLMC	ENSG00000069702	chr1	rs66494867	-0.0233473673	AMR
AMR_subclass_VLMC	ENSG00000069702	chr1	rs114268082	0.3069463099	AMR
AMR_subclass_VLMC	ENSG00000069702	chr1	rs10801834	0.1200481505	AMR
AMR_subclass_VLMC	ENSG00000069702	chr1	rs61799217	-0.0409452443	AMR
AMR_subclass_VLMC	ENSG00000069702	chr1	rs141604221	-0.2579947597	AMR
AMR_subclass_VLMC	ENSG00000069702	chr1	rs145424787	-0.0111578058	AMR
AMR_subclass_VLMC	ENSG00000069702	chr1	rs61799225	0.2930606034	AMR
AMR_subclass_VLMC	ENSG00000069702	chr1	rs114700549	-0.2373580212	AMR
AMR_subclass_VLMC	ENSG00000069702	chr1	rs354623	-0.0226984607	AMR
AMR_subclass_VLMC	ENSG00000069702	chr1	rs164999	-0.0514942159	AMR
AMR_subclass_VLMC	ENSG00000069702	chr1	rs165287	-0.0317458237	AMR
AMR_subclass_VLMC	ENSG00000069702	chr1	rs115411254	-0.030201794	AMR
AMR_subclass_VLMC	ENSG00000069702	chr1	rs165285	-0.026706191	AMR
AMR_subclass_VLMC	ENSG00000069702	chr1	rs165281	-0.0226792961	AMR
AMR_subclass_VLMC	ENSG00000069702	chr1	rs469887	-0.0232846833	AMR
AMR_subclass_VLMC	ENSG00000069702	chr1	rs28609153	0.0684262167	AMR
AMR_subclass_VLMC	ENSG00000069702	chr1	rs10922949	0.0788920472	AMR
AMR_subclass_VLMC	ENSG00000069702	chr1	rs10801836	0.0802685267	AMR
AMR_subclass_VLMC	ENSG00000069702	chr1	rs6678668	0.0785433947	AMR
AMR_subclass_VLMC	ENSG00000069702	chr1	rs12120814	0.0773506258	AMR
AMR_subclass_VLMC	ENSG00000069702	chr1	rs972054	0.1443242191	AMR
AMR_subclass_VLMC	ENSG00000069702	chr1	rs28769617	0.0298874655	AMR
AMR_subclass_VLMC	ENSG00000069702	chr1	rs164984	0.0030308633	AMR
AMR_subclass_VLMC	ENSG00000069702	chr1	rs59430175	-0.1802612078	AMR
AMR_subclass_VLMC	ENSG00000069702	chr1	rs2128855	-0.1033029593	AMR
AMR_subclass_VLMC	ENSG00000069702	chr1	rs72955070	0.0566546081	AMR
AMR_subclass_VLMC	ENSG00000069702	chr1	rs12024448	0.0388937895	AMR
AMR_subclass_VLMC	ENSG00000069702	chr1	rs147722441	0.2023234893	AMR
AMR_subclass_VLMC	ENSG00000069702	chr1	rs12060590	0.0794786018	AMR
AMR_subclass_VLMC	ENSG00000069702	chr1	rs347027	-0.135264388	AMR
AMR_subclass_VLMC	ENSG00000069702	chr1	rs347029	-0.1366119398	AMR
AMR_subclass_VLMC	ENSG00000069702	chr1	rs138631889	-0.065396647	AMR
AMR_subclass_VLMC	ENSG00000069702	chr1	rs184761085	0.401855941	AMR
AMR_subclass_VLMC	ENSG00000069702	chr1	rs72956763	-0.0605591044	AMR
AMR_subclass_VLMC	ENSG00000069702	chr1	rs12083847	-0.0568556763	AMR
AMR_subclass_VLMC	ENSG00000069702	chr1	rs642272	0.0001687691	AMR
AMR_subclass_VLMC	ENSG00000069702	chr1	rs35807758	-0.0304315601	AMR
AMR_subclass_VLMC	ENSG00000069702	chr1	rs6428623	-0.0128370551	AMR
AMR_subclass_VLMC	ENSG00000069702	chr1	rs34303579	-0.022580978	AMR
AMR_subclass_VLMC	ENSG00000069702	chr1	rs9660537	-0.1038716258	AMR
AMR_subclass_VLMC	ENSG00000069702	chr1	rs59973709	0.0332741661	AMR
AMR_subclass_VLMC	ENSG00000069702	chr1	rs79093507	0.0416735962	AMR
AMR_subclass_VLMC	ENSG00000069702	chr1	rs111994317	-0.0459224729	AMR
AMR_subclass_VLMC	ENSG00000069702	chr1	rs55841380	-0.1789628894	AMR
AMR_subclass_VLMC	ENSG00000069702	chr1	rs548364	0.1490135843	AMR
AMR_subclass_VLMC	ENSG00000069702	chr1	rs569361	0.1539230302	AMR
AMR_subclass_VLMC	ENSG00000069702	chr1	rs572795	0.1538042098	AMR
AMR_subclass_VLMC	ENSG00000069702	chr1	rs55987981	-0.000222345	AMR
AMR_subclass_VLMC	ENSG00000069702	chr1	rs6675404	-0.0024571513	AMR
AMR_subclass_VLMC	ENSG00000069702	chr1	rs77361539	0.2512403418	AMR
AMR_subclass_VLMC	ENSG00000069702	chr1	rs12069259	0.3071806125	AMR
AMR_subclass_VLMC	ENSG00000069702	chr1	rs12747494	0.1157925958	AMR
AMR_subclass_VLMC	ENSG00000069702	chr1	rs13447454	0.0525291061	AMR
AMR_subclass_VLMC	ENSG00000069702	chr1	rs13447478	0.1091085498	AMR
AMR_subclass_VLMC	ENSG00000069702	chr1	rs13447489	0.0899391122	AMR
AMR_subclass_VLMC	ENSG00000069702	chr1	rs13447494	0.0717001943	AMR
AMR_subclass_VLMC	ENSG00000069702	chr1	rs112090954	0.0613204539	AMR
AMR_subclass_VLMC	ENSG00000069702	chr1	rs13447519	0.0563093555	AMR
AMR_subclass_VLMC	ENSG00000069702	chr1	rs13447553	0.1805706533	AMR
AMR_subclass_VLMC	ENSG00000069702	chr1	rs77898638	0.053356957	AMR
AMR_subclass_VLMC	ENSG00000069702	chr1	rs112267389	0.0508757117	AMR
AMR_subclass_VLMC	ENSG00000069702	chr1	rs112964687	0.048193179	AMR
AMR_subclass_VLMC	ENSG00000069702	chr1	rs76989403	0.6258783912	AMR
AMR_subclass_VLMC	ENSG00000069702	chr1	rs148014926	0.1087595541	AMR
AMR_subclass_VLMC	ENSG00000069702	chr1	rs6681073	0.1064996816	AMR
AMR_subclass_VLMC	ENSG00000069702	chr1	rs2048068	-0.2144783874	AMR
AMR_subclass_VLMC	ENSG00000069702	chr1	rs12135141	0.0537219447	AMR
AMR_subclass_VLMC	ENSG00000069702	chr1	rs7536573	0.0537063365	AMR
AMR_subclass_VLMC	ENSG00000069702	chr1	rs925190	-0.0511444289	AMR
AMR_subclass_VLMC	ENSG00000069702	chr1	rs10874792	-0.1355753005	AMR
AMR_subclass_VLMC	ENSG00000069702	chr1	rs1115849	0.196367988	AMR
AMR_subclass_VLMC	ENSG00000069702	chr1	rs58111963	0.044695959	AMR
AMR_subclass_VLMC	ENSG00000069702	chr1	rs112155974	0.0990189691	AMR
AMR_subclass_VLMC	ENSG00000069702	chr1	rs2478172	0.0349514897	AMR
AMR_subclass_VLMC	ENSG00000069702	chr1	rs17131517	-0.0648846604	AMR
AMR_subclass_VLMC	ENSG00000069702	chr1	rs11165180	-0.0027842372	AMR
AMR_subclass_VLMC	ENSG00000069702	chr1	rs114427235	-0.183137259	AMR
AMR_subclass_VLMC	ENSG00000069702	chr1	rs2810900	0.0307272979	AMR
AMR_subclass_VLMC	ENSG00000069702	chr1	rs2391019	0.0359612353	AMR
AMR_subclass_VLMC	ENSG00000069702	chr1	rs2765882	0.380591127	AMR
AMR_subclass_VLMC	ENSG00000069702	chr1	rs74103024	0.0431382822	AMR
AMR_subclass_VLMC	ENSG00000069702	chr1	rs74103025	0.0588601438	AMR
AMR_subclass_VLMC	ENSG00000069702	chr1	rs284871	-0.0268307984	AMR
AMR_subclass_VLMC	ENSG00000069702	chr1	rs284878	-0.0275829925	AMR
AMR_subclass_VLMC	ENSG00000069702	chr1	rs284867	-0.0270029144	AMR
AMR_subclass_VLMC	ENSG00000069702	chr1	rs284868	-0.0254123778	AMR
AMR_subclass_VLMC	ENSG00000069702	chr1	rs284869	-0.0235648205	AMR
AMR_subclass_VLMC	ENSG00000069702	chr1	rs1613413	-0.0216892031	AMR
AMR_subclass_VLMC	ENSG00000069702	chr1	rs17131536	0.0198033175	AMR
AMR_subclass_VLMC	ENSG00000069702	chr1	rs7512284	0.0179406098	AMR
AMR_subclass_VLMC	ENSG00000069702	chr1	rs7517044	0.0142116327	AMR
AMR_subclass_VLMC	ENSG00000069702	chr1	rs12124904	0.0097855779	AMR
AMR_subclass_VLMC	ENSG00000069702	chr1	rs284174	0.0978553121	AMR
AMR_subclass_VLMC	ENSG00000069702	chr1	rs284175	0.1009074876	AMR
AMR_subclass_VLMC	ENSG00000069702	chr1	rs6670338	0.0289682394	AMR
AMR_subclass_VLMC	ENSG00000069702	chr1	rs111849647	-0.0028459791	AMR
AMR_subclass_VLMC	ENSG00000069702	chr1	rs10218554	-0.0214910761	AMR
AMR_subclass_VLMC	ENSG00000069702	chr1	rs2450932	-0.0052551644	AMR
AMR_subclass_VLMC	ENSG00000069702	chr1	rs17884703	0.2218068408	AMR
AMR_subclass_VLMC	ENSG00000069702	chr1	rs4658273	0.0158556339	AMR
AMR_subclass_VLMC	ENSG00000069702	chr1	rs2810884	-0.0463925318	AMR
AMR_subclass_VLMC	ENSG00000069702	chr1	rs80093874	-0.0005625286	AMR
AMR_subclass_VLMC	ENSG00000069702	chr1	rs12134037	0.013619173	AMR
AMR_subclass_VLMC	ENSG00000069702	chr1	rs12404119	0.1140385239	AMR
AMR_subclass_VLMC	ENSG00000069702	chr1	rs1488691	-0.060654375	AMR
AMR_subclass_VLMC	ENSG00000069702	chr1	rs58094327	-0.0079616334	AMR
AMR_subclass_VLMC	ENSG00000069702	chr1	rs60483196	-0.0150098488	AMR
AMR_subclass_VLMC	ENSG00000069702	chr1	rs74101025	-0.0142345415	AMR
AMR_subclass_VLMC	ENSG00000069702	chr1	rs59345962	-0.0137517872	AMR
AMR_subclass_VLMC	ENSG00000069702	chr1	rs76512233	-0.379987592	AMR
AMR_subclass_VLMC	ENSG00000069702	chr1	rs34042557	0.0818487817	AMR
AMR_subclass_VLMC	ENSG00000069702	chr1	rs3131817	0.0218588619	AMR
AMR_subclass_VLMC	ENSG00000069702	chr1	rs3103179	0.0181080311	AMR
AMR_subclass_VLMC	ENSG00000069702	chr1	rs12122699	0.0144409795	AMR
AMR_subclass_VLMC	ENSG00000069702	chr1	rs12240065	0.4085394081	AMR
AMR_subclass_VLMC	ENSG00000069702	chr1	rs116505298	0.2361178995	AMR
AMR_subclass_VLMC	ENSG00000069702	chr1	rs115545251	0.0181655712	AMR
AMR_subclass_VLMC	ENSG00000069702	chr1	rs116670682	0.0112804429	AMR
AMR_subclass_VLMC	ENSG00000069702	chr1	rs6604003	-0.0679147539	AMR
AMR_subclass_VLMC	ENSG00000069702	chr1	rs55996399	-0.0158867234	AMR
AMR_subclass_VLMC	ENSG00000069702	chr1	rs61800525	-0.0174363517	AMR
AMR_subclass_VLMC	ENSG00000069702	chr1	rs10158396	0.0556702885	AMR
AMR_subclass_VLMC	ENSG00000069702	chr1	rs34962978	0.1512426324	AMR
AMR_subclass_VLMC	ENSG00000070214	chr9	rs7049195	-0.037238315	AMR
AMR_subclass_VLMC	ENSG00000070214	chr9	rs73664382	-0.134857683	AMR
AMR_subclass_VLMC	ENSG00000070214	chr9	rs77386036	-0.100749536	AMR
AMR_subclass_VLMC	ENSG00000070214	chr9	rs10991421	-0.368699838	AMR
AMR_subclass_VLMC	ENSG00000070214	chr9	rs34247368	-0.131823951	AMR
AMR_subclass_VLMC	ENSG00000070214	chr9	rs1396753	-0.030747076	AMR
AMR_subclass_VLMC	ENSG00000070214	chr9	rs13291819	-0.030973881	AMR
AMR_subclass_VLMC	ENSG00000070214	chr9	rs7308332	0.222818064	AMR
AMR_subclass_VLMC	ENSG00000070214	chr9	rs10156571	0.036519425	AMR
AMR_subclass_VLMC	ENSG00000070214	chr9	rs10441744	0.006817837	AMR
AMR_subclass_VLMC	ENSG00000070214	chr9	rs10759135	0.00707579	AMR
AMR_subclass_VLMC	ENSG00000070214	chr9	rs12338812	0.00659947	AMR
AMR_subclass_VLMC	ENSG00000070214	chr9	rs10978241	0.005924111	AMR
AMR_subclass_VLMC	ENSG00000070214	chr9	rs9408801	-0.029953878	AMR
AMR_subclass_VLMC	ENSG00000070214	chr9	rs10978279	0.005095319	AMR
AMR_subclass_VLMC	ENSG00000070214	chr9	rs10116066	0.004289369	AMR
AMR_subclass_VLMC	ENSG00000070413	chr22	rs7289913	-0.22025722	AMR
AMR_subclass_VLMC	ENSG00000070413	chr22	rs117299378	-0.42324349	AMR
AMR_subclass_VLMC	ENSG00000070413	chr22	rs13055384	-0.08717994	AMR
AMR_subclass_VLMC	ENSG00000070413	chr22	rs8135645	-0.08610886	AMR
AMR_subclass_VLMC	ENSG00000075420	chr3	rs13092186	-0.228662435	AMR
AMR_subclass_VLMC	ENSG00000075420	chr3	rs73041217	-0.14253272	AMR
AMR_subclass_VLMC	ENSG00000075420	chr3	rs6799827	-0.009494977	AMR
AMR_subclass_VLMC	ENSG00000075420	chr3	rs6444970	-0.00886835	AMR
AMR_subclass_VLMC	ENSG00000075420	chr3	rs140070238	-0.012164026	AMR
AMR_subclass_VLMC	ENSG00000075420	chr3	rs2422223	0.248668608	AMR
AMR_subclass_VLMC	ENSG00000075420	chr3	rs61729860	0.487889885	AMR
AMR_subclass_VLMC	ENSG00000075420	chr3	rs17420436	0.069053918	AMR
AMR_subclass_VLMC	ENSG00000075420	chr3	rs62283809	-0.012632212	AMR
AMR_subclass_VLMC	ENSG00000075420	chr3	rs62283814	-0.013050043	AMR
AMR_subclass_VLMC	ENSG00000075420	chr3	rs9873641	-0.114647843	AMR
AMR_subclass_VLMC	ENSG00000075420	chr3	rs6782310	0.024125903	AMR
AMR_subclass_VLMC	ENSG00000075420	chr3	rs56038024	0.066975512	AMR
AMR_subclass_VLMC	ENSG00000075420	chr3	rs6798411	0.001030037	AMR
AMR_subclass_VLMC	ENSG00000075420	chr3	rs3932352	-0.036011542	AMR
AMR_subclass_VLMC	ENSG00000078114	chr10	rs7073980	0.086587622	AMR
AMR_subclass_VLMC	ENSG00000078114	chr10	rs7917832	0.016779793	AMR
AMR_subclass_VLMC	ENSG00000078114	chr10	rs79585536	0.048524474	AMR
AMR_subclass_VLMC	ENSG00000078114	chr10	rs6482069	0.037187631	AMR
AMR_subclass_VLMC	ENSG00000078114	chr10	rs61842859	-0.100837981	AMR
AMR_subclass_VLMC	ENSG00000078114	chr10	rs16919530	-0.100978958	AMR
AMR_subclass_VLMC	ENSG00000078114	chr10	rs12778053	-0.1011199	AMR
AMR_subclass_VLMC	ENSG00000078114	chr10	rs11011674	-0.100990063	AMR
AMR_subclass_VLMC	ENSG00000078114	chr10	rs77538276	-0.088947668	AMR
AMR_subclass_VLMC	ENSG00000078114	chr10	rs61854646	-0.088930598	AMR
AMR_subclass_VLMC	ENSG00000078114	chr10	rs11817034	-0.003226159	AMR
AMR_subclass_VLMC	ENSG00000078114	chr10	rs35042165	-0.002544072	AMR
AMR_subclass_VLMC	ENSG00000078114	chr10	rs11527582	-0.004113841	AMR
AMR_subclass_VLMC	ENSG00000078114	chr10	rs6482120	-0.024201111	AMR
AMR_subclass_VLMC	ENSG00000078114	chr10	rs79749907	-0.010906417	AMR
AMR_subclass_VLMC	ENSG00000078114	chr10	rs76262185	-0.013720854	AMR
AMR_subclass_VLMC	ENSG00000078114	chr10	rs74348778	-0.011996811	AMR
AMR_subclass_VLMC	ENSG00000078114	chr10	rs45508691	-0.008091531	AMR
AMR_subclass_VLMC	ENSG00000078114	chr10	rs11012168	-0.044567204	AMR
AMR_subclass_VLMC	ENSG00000078114	chr10	rs12355783	-0.044742213	AMR
AMR_subclass_VLMC	ENSG00000078114	chr10	rs11012169	-0.104225896	AMR
AMR_subclass_VLMC	ENSG00000078114	chr10	rs11815964	-0.070841434	AMR
AMR_subclass_VLMC	ENSG00000078114	chr10	rs74120642	0.198254858	AMR
AMR_subclass_VLMC	ENSG00000078114	chr10	rs74120689	0.037308573	AMR
AMR_subclass_VLMC	ENSG00000078114	chr10	rs12354796	-0.097508981	AMR
AMR_subclass_VLMC	ENSG00000078114	chr10	rs12249704	0.002788317	AMR
AMR_subclass_VLMC	ENSG00000078114	chr10	rs2986340	-0.010024015	AMR
AMR_subclass_VLMC	ENSG00000078114	chr10	rs2094288	0.023048102	AMR
AMR_subclass_VLMC	ENSG00000078114	chr10	rs1034025	0.122890781	AMR
AMR_subclass_VLMC	ENSG00000078114	chr10	rs56868934	0.012766209	AMR
AMR_subclass_VLMC	ENSG00000078114	chr10	rs12241305	0.033418646	AMR
AMR_subclass_VLMC	ENSG00000078114	chr10	rs12256941	0.034665931	AMR
AMR_subclass_VLMC	ENSG00000078114	chr10	rs11012926	0.01938921	AMR
AMR_subclass_VLMC	ENSG00000078304	chr14	rs76859673	0.09018873	AMR
AMR_subclass_VLMC	ENSG00000078304	chr14	rs8004581	0.07587075	AMR
AMR_subclass_VLMC	ENSG00000078304	chr14	rs11627550	-0.05750823	AMR
AMR_subclass_VLMC	ENSG00000078304	chr14	rs35853323	-0.03661586	AMR
AMR_subclass_VLMC	ENSG00000078304	chr14	rs117425138	-0.1008579	AMR
AMR_subclass_VLMC	ENSG00000078304	chr14	rs10138001	-0.008334509	AMR
AMR_subclass_VLMC	ENSG00000078304	chr14	rs28710385	-0.008452189	AMR
AMR_subclass_VLMC	ENSG00000078304	chr14	rs145069319	-0.2408066	AMR
AMR_subclass_VLMC	ENSG00000078304	chr14	rs72700576	0.01415957	AMR
AMR_subclass_VLMC	ENSG00000078304	chr14	rs77420123	-0.06760381	AMR
AMR_subclass_VLMC	ENSG00000078304	chr14	rs58041440	-0.09948719	AMR
AMR_subclass_VLMC	ENSG00000078304	chr14	rs1889724	0.009996452	AMR
AMR_subclass_VLMC	ENSG00000078304	chr14	rs1556707	0.3375153	AMR
AMR_subclass_VLMC	ENSG00000078304	chr14	rs77708841	-0.0951051	AMR
AMR_subclass_VLMC	ENSG00000078304	chr14	rs10139797	0.01288956	AMR
AMR_subclass_VLMC	ENSG00000078304	chr14	rs10139614	0.01257915	AMR
AMR_subclass_VLMC	ENSG00000078304	chr14	rs73343827	0.01072849	AMR
AMR_subclass_VLMC	ENSG00000078304	chr14	rs4906094	-0.05366663	AMR
AMR_subclass_VLMC	ENSG00000078304	chr14	rs4900498	-0.05263224	AMR
AMR_subclass_VLMC	ENSG00000078304	chr14	rs72709529	0.2480693	AMR
AMR_subclass_VLMC	ENSG00000078304	chr14	rs4906118	-0.1115056	AMR
AMR_subclass_VLMC	ENSG00000078304	chr14	rs4906121	-0.1965226	AMR
AMR_subclass_VLMC	ENSG00000078304	chr14	rs56310291	0.1007295	AMR
AMR_subclass_VLMC	ENSG00000078304	chr14	rs10149163	-0.01271599	AMR
AMR_subclass_VLMC	ENSG00000078304	chr14	rs58130266	-0.1676659	AMR
AMR_subclass_VLMC	ENSG00000078304	chr14	rs1997909	0.0913996	AMR
AMR_subclass_VLMC	ENSG00000078304	chr14	rs56801163	0.08084118	AMR
AMR_subclass_VLMC	ENSG00000078304	chr14	rs61992234	0.3187258	AMR
AMR_subclass_VLMC	ENSG00000078304	chr14	rs58254790	0.1338614	AMR
AMR_subclass_VLMC	ENSG00000078304	chr14	rs61992248	-0.02556963	AMR
AMR_subclass_VLMC	ENSG00000078304	chr14	rs35063994	0.02972961	AMR
AMR_subclass_VLMC	ENSG00000078304	chr14	rs7158280	-0.08046617	AMR
AMR_subclass_VLMC	ENSG00000078304	chr14	rs11849688	-0.03013417	AMR
AMR_subclass_VLMC	ENSG00000078304	chr14	rs186311427	-0.02394683	AMR
AMR_subclass_VLMC	ENSG00000078304	chr14	rs113578716	0.0002075848	AMR
AMR_subclass_VLMC	ENSG00000078304	chr14	rs72713643	0.0002765843	AMR
AMR_subclass_VLMC	ENSG00000078304	chr14	rs111462083	0.001732456	AMR
AMR_subclass_VLMC	ENSG00000078304	chr14	rs113649811	0.002254988	AMR
AMR_subclass_VLMC	ENSG00000078304	chr14	rs72713694	0.002257497	AMR
AMR_subclass_VLMC	ENSG00000078304	chr14	rs111475521	0.002055453	AMR
AMR_subclass_VLMC	ENSG00000078304	chr14	rs72713697	0.001836958	AMR
AMR_subclass_VLMC	ENSG00000078304	chr14	rs72715608	0.001728114	AMR
AMR_subclass_VLMC	ENSG00000078304	chr14	rs72715610	0.001774431	AMR
AMR_subclass_VLMC	ENSG00000078304	chr14	rs72715623	0.001952613	AMR
AMR_subclass_VLMC	ENSG00000078304	chr14	rs7153805	0.002207253	AMR
AMR_subclass_VLMC	ENSG00000078304	chr14	rs56077257	0.00248101	AMR
AMR_subclass_VLMC	ENSG00000078304	chr14	rs12050380	0.02075016	AMR
AMR_subclass_VLMC	ENSG00000078304	chr14	rs12050211	0.009368415	AMR
AMR_subclass_VLMC	ENSG00000078304	chr14	rs72715630	0.02315772	AMR
AMR_subclass_VLMC	ENSG00000078304	chr14	rs45481791	0.007469144	AMR
AMR_subclass_VLMC	ENSG00000078304	chr14	rs8009771	0.006742503	AMR
AMR_subclass_VLMC	ENSG00000078304	chr14	rs8006814	0.005748593	AMR
AMR_subclass_VLMC	ENSG00000078304	chr14	rs78981008	0.004389637	AMR
AMR_subclass_VLMC	ENSG00000078304	chr14	rs76628831	0.002998527	AMR
AMR_subclass_VLMC	ENSG00000078304	chr14	rs76383842	0.001865216	AMR
AMR_subclass_VLMC	ENSG00000078304	chr14	rs79759212	0.001075349	AMR
AMR_subclass_VLMC	ENSG00000078304	chr14	rs188494307	0.0005824635	AMR
AMR_subclass_VLMC	ENSG00000078304	chr14	rs191551294	0.0002992674	AMR
AMR_subclass_VLMC	ENSG00000078304	chr14	rs78647847	0.0001467852	AMR
AMR_subclass_VLMC	ENSG00000078304	chr14	rs77097252	6.899677e-05	AMR
AMR_subclass_VLMC	ENSG00000078304	chr14	rs77859279	3.115022e-05	AMR
AMR_subclass_VLMC	ENSG00000078304	chr14	rs117763707	1.352429e-05	AMR
AMR_subclass_VLMC	ENSG00000078304	chr14	rs113787242	5.651117e-06	AMR
AMR_subclass_VLMC	ENSG00000078304	chr14	rs76821372	2.274204e-06	AMR
AMR_subclass_VLMC	ENSG00000078304	chr14	rs78447309	8.821765e-07	AMR
AMR_subclass_VLMC	ENSG00000078304	chr14	rs78488397	3.301738e-07	AMR
AMR_subclass_VLMC	ENSG00000078304	chr14	rs7150661	1.193698e-07	AMR
AMR_subclass_VLMC	ENSG00000078304	chr14	rs7149787	1.305419e-08	AMR
AMR_subclass_VLMC	ENSG00000078304	chr14	rs7147011	1.427596e-09	AMR
AMR_subclass_VLMC	ENSG00000078304	chr14	rs150564537	1.561199e-10	AMR
AMR_subclass_VLMC	ENSG00000078304	chr14	rs77785035	1.707408e-11	AMR
AMR_subclass_VLMC	ENSG00000078304	chr14	rs8012386	1.866506e-12	AMR
AMR_subclass_VLMC	ENSG00000078304	chr14	rs112813186	2.041815e-13	AMR
AMR_subclass_VLMC	ENSG00000078304	chr14	rs7154475	2.258875e-14	AMR
AMR_subclass_VLMC	ENSG00000078304	chr14	rs6575877	2.907977e-15	AMR
AMR_subclass_VLMC	ENSG00000078304	chr14	rs8018234	9.616681e-06	AMR
AMR_subclass_VLMC	ENSG00000078304	chr14	rs8018267	2.308391e-06	AMR
AMR_subclass_VLMC	ENSG00000078304	chr14	rs8022031	4.123011e-07	AMR
AMR_subclass_VLMC	ENSG00000078304	chr14	rs75649342	0.0234215	AMR
AMR_subclass_VLMC	ENSG00000078304	chr14	rs76227334	0.0009972829	AMR
AMR_subclass_VLMC	ENSG00000078304	chr14	rs77674379	0.0007627433	AMR
AMR_subclass_VLMC	ENSG00000078304	chr14	rs78104189	0.02451302	AMR
AMR_subclass_VLMC	ENSG00000078304	chr14	rs112231902	0.001672217	AMR
AMR_subclass_VLMC	ENSG00000078304	chr14	rs77002941	0.001360623	AMR
AMR_subclass_VLMC	ENSG00000078304	chr14	rs111583211	0.02549068	AMR
AMR_subclass_VLMC	ENSG00000078304	chr14	rs78515730	0.002025605	AMR
AMR_subclass_VLMC	ENSG00000078304	chr14	rs74422281	0.001560701	AMR
AMR_subclass_VLMC	ENSG00000078304	chr14	rs76755736	0.001274113	AMR
AMR_subclass_VLMC	ENSG00000078304	chr14	rs80242716	0.0009552407	AMR
AMR_subclass_VLMC	ENSG00000078304	chr14	rs8021993	0.000666815	AMR
AMR_subclass_VLMC	ENSG00000078304	chr14	rs7157014	0.0004388252	AMR
AMR_subclass_VLMC	ENSG00000078304	chr14	rs75376491	0.0002728878	AMR
AMR_subclass_VLMC	ENSG00000078304	chr14	rs78982132	0.0001601732	AMR
AMR_subclass_VLMC	ENSG00000078304	chr14	rs12232171	8.867336e-05	AMR
AMR_subclass_VLMC	ENSG00000078304	chr14	rs75877828	4.633052e-05	AMR
AMR_subclass_VLMC	ENSG00000078304	chr14	rs75723864	0.04771026	AMR
AMR_subclass_VLMC	ENSG00000078304	chr14	rs113336928	0.1031908	AMR
AMR_subclass_VLMC	ENSG00000078304	chr14	rs77940109	0.01878714	AMR
AMR_subclass_VLMC	ENSG00000078304	chr14	rs78487170	0.02090673	AMR
AMR_subclass_VLMC	ENSG00000078304	chr14	rs115891786	0.02271945	AMR
AMR_subclass_VLMC	ENSG00000078304	chr14	rs7160508	-0.04675434	AMR
AMR_subclass_VLMC	ENSG00000078304	chr14	rs34965156	-0.09468391	AMR
AMR_subclass_VLMC	ENSG00000078304	chr14	rs9989163	-0.1233985	AMR
AMR_subclass_VLMC	ENSG00000078304	chr14	rs12147883	-0.0677311	AMR
AMR_subclass_VLMC	ENSG00000078304	chr14	rs149154820	0.1797857	AMR
AMR_subclass_VLMC	ENSG00000078304	chr14	rs12588749	0.06037858	AMR
AMR_subclass_VLMC	ENSG00000078304	chr14	rs45517731	0.04243058	AMR
AMR_subclass_VLMC	ENSG00000078304	chr14	rs11552464	0.0003253343	AMR
AMR_subclass_VLMC	ENSG00000078304	chr14	rs1190228	0.1185644	AMR
AMR_subclass_VLMC	ENSG00000081154	chr3	rs34787739	-0.3045453	AMR
AMR_subclass_VLMC	ENSG00000081154	chr3	rs1676335	-0.1392794	AMR
AMR_subclass_VLMC	ENSG00000081154	chr3	rs2449251	-0.01628089	AMR
AMR_subclass_VLMC	ENSG00000081154	chr3	rs1144121	-0.01741048	AMR
AMR_subclass_VLMC	ENSG00000081154	chr3	rs1144120	-0.01650084	AMR
AMR_subclass_VLMC	ENSG00000081154	chr3	rs1145343	-0.01517342	AMR
AMR_subclass_VLMC	ENSG00000081154	chr3	rs1145342	-0.01383972	AMR
AMR_subclass_VLMC	ENSG00000081154	chr3	rs1145341	-0.01265251	AMR
AMR_subclass_VLMC	ENSG00000081154	chr3	rs1145340	-0.01167742	AMR
AMR_subclass_VLMC	ENSG00000081154	chr3	rs1144118	-0.01089949	AMR
AMR_subclass_VLMC	ENSG00000081154	chr3	rs1144117	-0.01027426	AMR
AMR_subclass_VLMC	ENSG00000081154	chr3	rs1144116	-0.009771336	AMR
AMR_subclass_VLMC	ENSG00000081154	chr3	rs11924105	-0.033704	AMR
AMR_subclass_VLMC	ENSG00000081154	chr3	rs79603980	0.08399952	AMR
AMR_subclass_VLMC	ENSG00000081154	chr3	rs78699432	-0.05543867	AMR
AMR_subclass_VLMC	ENSG00000081154	chr3	rs62277065	-0.05672936	AMR
AMR_subclass_VLMC	ENSG00000081154	chr3	rs1503842	-0.09949137	AMR
AMR_subclass_VLMC	ENSG00000081154	chr3	rs116827827	-0.1081947	AMR
AMR_subclass_VLMC	ENSG00000081154	chr3	rs9863850	-0.04227533	AMR
AMR_subclass_VLMC	ENSG00000081154	chr3	rs7630802	-0.01098307	AMR
AMR_subclass_VLMC	ENSG00000081154	chr3	rs4328836	0.03000594	AMR
AMR_subclass_VLMC	ENSG00000081154	chr3	rs9880062	-0.01097597	AMR
AMR_subclass_VLMC	ENSG00000081154	chr3	rs142871243	0.2217392	AMR
AMR_subclass_VLMC	ENSG00000081154	chr3	rs11915096	-0.01560907	AMR
AMR_subclass_VLMC	ENSG00000081154	chr3	rs28605965	0.0178569	AMR
AMR_subclass_VLMC	ENSG00000081154	chr3	rs17338729	0.06746273	AMR
AMR_subclass_VLMC	ENSG00000081154	chr3	rs73143029	0.06419612	AMR
AMR_subclass_VLMC	ENSG00000081154	chr3	rs1823361	-0.131834	AMR
AMR_subclass_VLMC	ENSG00000081154	chr3	rs112308333	-0.3415391	AMR
AMR_subclass_VLMC	ENSG00000081154	chr3	rs73144970	0.01911211	AMR
AMR_subclass_VLMC	ENSG00000081154	chr3	rs13085823	0.01181096	AMR
AMR_subclass_VLMC	ENSG00000081154	chr3	rs73149173	0.03116374	AMR
AMR_subclass_VLMC	ENSG00000081154	chr3	rs2595883	-0.3035684	AMR
AMR_subclass_VLMC	ENSG00000081154	chr3	rs17340282	0.0853078	AMR
AMR_subclass_VLMC	ENSG00000081154	chr3	rs142167693	0.07699775	AMR
AMR_subclass_VLMC	ENSG00000081154	chr3	rs114677893	-0.09716746	AMR
AMR_subclass_VLMC	ENSG00000081154	chr3	rs62282867	0.00881061	AMR
AMR_subclass_VLMC	ENSG00000081154	chr3	rs62282869	0.00789118	AMR
AMR_subclass_VLMC	ENSG00000081154	chr3	rs348883	0.006366288	AMR
AMR_subclass_VLMC	ENSG00000081154	chr3	rs348877	0.004883661	AMR
AMR_subclass_VLMC	ENSG00000081154	chr3	rs348878	0.003491993	AMR
AMR_subclass_VLMC	ENSG00000081154	chr3	rs78453211	-0.305607	AMR
AMR_subclass_VLMC	ENSG00000081154	chr3	rs478173	0.1656513	AMR
AMR_subclass_VLMC	ENSG00000081154	chr3	rs12490599	0.1937641	AMR
AMR_subclass_VLMC	ENSG00000081154	chr3	rs2317925	0.03241707	AMR
AMR_subclass_VLMC	ENSG00000081154	chr3	rs78160364	0.06173091	AMR
AMR_subclass_VLMC	ENSG00000081154	chr3	rs1976944	0.08392196	AMR
AMR_subclass_VLMC	ENSG00000081154	chr3	rs16844073	0.062393	AMR
AMR_subclass_VLMC	ENSG00000081154	chr3	rs3804778	-0.08671381	AMR
AMR_subclass_VLMC	ENSG00000081154	chr3	rs145662843	0.05721204	AMR
AMR_subclass_VLMC	ENSG00000081154	chr3	rs149403960	0.2420415	AMR
AMR_subclass_VLMC	ENSG00000081154	chr3	rs12638134	-0.00827231	AMR
AMR_subclass_VLMC	ENSG00000081154	chr3	rs4683852	0.2792334	AMR
AMR_subclass_VLMC	ENSG00000081154	chr3	rs114345279	0.05154386	AMR
AMR_subclass_VLMC	ENSG00000081154	chr3	rs150885321	-0.03426364	AMR
AMR_subclass_VLMC	ENSG00000081154	chr3	rs113550557	0.01584171	AMR
AMR_subclass_VLMC	ENSG00000081154	chr3	rs2303471	-0.3728433	AMR
AMR_subclass_VLMC	ENSG00000081154	chr3	rs12488040	0.01550986	AMR
AMR_subclass_VLMC	ENSG00000081154	chr3	rs113337658	0.2056743	AMR
AMR_subclass_VLMC	ENSG00000081154	chr3	rs73865919	0.02677262	AMR
AMR_subclass_VLMC	ENSG00000081154	chr3	rs73865925	0.02486781	AMR
AMR_subclass_VLMC	ENSG00000081154	chr3	rs73865926	0.02186865	AMR
AMR_subclass_VLMC	ENSG00000081154	chr3	rs73865927	0.01919395	AMR
AMR_subclass_VLMC	ENSG00000081154	chr3	rs75645148	-0.2499526	AMR
AMR_subclass_VLMC	ENSG00000081154	chr3	rs1091516	0.09507911	AMR
AMR_subclass_VLMC	ENSG00000081154	chr3	rs75592719	0.05391149	AMR
AMR_subclass_VLMC	ENSG00000081154	chr3	rs112207628	-0.06549038	AMR
AMR_subclass_VLMC	ENSG00000081154	chr3	rs77877219	0.02021377	AMR
AMR_subclass_VLMC	ENSG00000081154	chr3	rs142024859	-0.06351021	AMR
AMR_subclass_VLMC	ENSG00000081154	chr3	rs55755396	-0.02001375	AMR
AMR_subclass_VLMC	ENSG00000081154	chr3	rs55835068	-0.02082571	AMR
AMR_subclass_VLMC	ENSG00000081154	chr3	rs1092464	-0.02183172	AMR
AMR_subclass_VLMC	ENSG00000081154	chr3	rs62272376	-0.01026727	AMR
AMR_subclass_VLMC	ENSG00000081154	chr3	rs6805965	-0.01001955	AMR
AMR_subclass_VLMC	ENSG00000081154	chr3	rs11717579	-0.0106458	AMR
AMR_subclass_VLMC	ENSG00000081154	chr3	rs11712730	-0.01107043	AMR
AMR_subclass_VLMC	ENSG00000081154	chr3	rs11717609	-0.01095732	AMR
AMR_subclass_VLMC	ENSG00000081154	chr3	rs11717646	-0.02952502	AMR
AMR_subclass_VLMC	ENSG00000081154	chr3	rs56112261	-0.01043194	AMR
AMR_subclass_VLMC	ENSG00000081154	chr3	rs60523274	0.304056	AMR
AMR_subclass_VLMC	ENSG00000081154	chr3	rs9880545	-0.0005874156	AMR
AMR_subclass_VLMC	ENSG00000081154	chr3	rs9863542	-3.290966e-05	AMR
AMR_subclass_VLMC	ENSG00000081154	chr3	rs9840438	-0.01447724	AMR
AMR_subclass_VLMC	ENSG00000081154	chr3	rs9844461	-0.01404698	AMR
AMR_subclass_VLMC	ENSG00000081154	chr3	rs12696441	-0.0131865	AMR
AMR_subclass_VLMC	ENSG00000081154	chr3	rs55892075	-0.01221733	AMR
AMR_subclass_VLMC	ENSG00000081154	chr3	rs62272099	-0.01129618	AMR
AMR_subclass_VLMC	ENSG00000081154	chr3	rs2398699	-0.0105145	AMR
AMR_subclass_VLMC	ENSG00000081154	chr3	rs9828286	-0.009922735	AMR
AMR_subclass_VLMC	ENSG00000081154	chr3	rs7641550	-0.009523868	AMR
AMR_subclass_VLMC	ENSG00000081154	chr3	rs7621464	-0.00928223	AMR
AMR_subclass_VLMC	ENSG00000081154	chr3	rs34459383	0.006357421	AMR
AMR_subclass_VLMC	ENSG00000081154	chr3	rs73151462	-0.04012333	AMR
AMR_subclass_VLMC	ENSG00000081154	chr3	rs2619285	0.006396566	AMR
AMR_subclass_VLMC	ENSG00000081154	chr3	rs16844789	0.005612422	AMR
AMR_subclass_VLMC	ENSG00000081154	chr3	rs62272104	-0.03838887	AMR
AMR_subclass_VLMC	ENSG00000081154	chr3	rs75084764	-0.1448528	AMR
AMR_subclass_VLMC	ENSG00000081154	chr3	rs7632645	-0.1915039	AMR
AMR_subclass_VLMC	ENSG00000081154	chr3	rs4683838	-0.1527238	AMR
AMR_subclass_VLMC	ENSG00000081154	chr3	rs1284784	0.08127664	AMR
AMR_subclass_VLMC	ENSG00000081154	chr3	rs1299752	0.08537911	AMR
AMR_subclass_VLMC	ENSG00000081154	chr3	rs1151337	0.03747244	AMR
AMR_subclass_VLMC	ENSG00000081154	chr3	rs1284757	0.03074865	AMR
AMR_subclass_VLMC	ENSG00000081154	chr3	rs1284760	0.04307463	AMR
AMR_subclass_VLMC	ENSG00000089123	chr20	rs10048860	-0.016890067	AMR
AMR_subclass_VLMC	ENSG00000089123	chr20	rs78573873	-0.01937079	AMR
AMR_subclass_VLMC	ENSG00000089123	chr20	rs76241134	-0.019359429	AMR
AMR_subclass_VLMC	ENSG00000089123	chr20	rs79024343	-0.018096488	AMR
AMR_subclass_VLMC	ENSG00000089123	chr20	rs12480902	-0.016706687	AMR
AMR_subclass_VLMC	ENSG00000089123	chr20	rs12479500	-0.01544793	AMR
AMR_subclass_VLMC	ENSG00000089123	chr20	rs77650826	-0.014206967	AMR
AMR_subclass_VLMC	ENSG00000089123	chr20	rs6131375	-0.009367724	AMR
AMR_subclass_VLMC	ENSG00000089123	chr20	rs6134628	-0.094681551	AMR
AMR_subclass_VLMC	ENSG00000089123	chr20	rs4814146	-0.114369523	AMR
AMR_subclass_VLMC	ENSG00000089123	chr20	rs6134631	-0.114420059	AMR
AMR_subclass_VLMC	ENSG00000089123	chr20	rs61738161	-0.060499079	AMR
AMR_subclass_VLMC	ENSG00000089123	chr20	rs6131447	0.001219355	AMR
AMR_subclass_VLMC	ENSG00000089123	chr20	rs6131448	0.00105349	AMR
AMR_subclass_VLMC	ENSG00000089123	chr20	rs1923343	0.046012559	AMR
AMR_subclass_VLMC	ENSG00000089123	chr20	rs6131450	0.046195073	AMR
AMR_subclass_VLMC	ENSG00000089123	chr20	rs6109752	0.04588199	AMR
AMR_subclass_VLMC	ENSG00000089123	chr20	rs6105057	0.013760985	AMR
AMR_subclass_VLMC	ENSG00000089123	chr20	rs6109780	0.013824026	AMR
AMR_subclass_VLMC	ENSG00000089123	chr20	rs9789817	0.182175817	AMR
AMR_subclass_VLMC	ENSG00000089123	chr20	rs78775375	0.012928785	AMR
AMR_subclass_VLMC	ENSG00000089123	chr20	rs1998313	-0.013202391	AMR
AMR_subclass_VLMC	ENSG00000089123	chr20	rs7274524	0.118648963	AMR
AMR_subclass_VLMC	ENSG00000089123	chr20	rs6079226	-0.03855995	AMR
AMR_subclass_VLMC	ENSG00000089123	chr20	rs76922416	-0.275299913	AMR
AMR_subclass_VLMC	ENSG00000091039	chr12	rs7310113	0.07272626	AMR
AMR_subclass_VLMC	ENSG00000091039	chr12	rs7954730	-0.04120769	AMR
AMR_subclass_VLMC	ENSG00000091039	chr12	rs34269366	-0.04042121	AMR
AMR_subclass_VLMC	ENSG00000091039	chr12	rs1477745	0.05288082	AMR
AMR_subclass_VLMC	ENSG00000091039	chr12	rs33996476	0.05350061	AMR
AMR_subclass_VLMC	ENSG00000091039	chr12	rs762784	0.05892407	AMR
AMR_subclass_VLMC	ENSG00000092531	chr15	rs28680600	0.0037072489	AMR
AMR_subclass_VLMC	ENSG00000092531	chr15	rs16957055	0.007190957	AMR
AMR_subclass_VLMC	ENSG00000092531	chr15	rs3742995	0.0091608246	AMR
AMR_subclass_VLMC	ENSG00000092531	chr15	rs58237318	0.0097590096	AMR
AMR_subclass_VLMC	ENSG00000092531	chr15	rs8028365	0.0097675409	AMR
AMR_subclass_VLMC	ENSG00000092531	chr15	rs60723187	0.0096626497	AMR
AMR_subclass_VLMC	ENSG00000092531	chr15	rs12594724	0.0095712979	AMR
AMR_subclass_VLMC	ENSG00000092531	chr15	rs73410927	0.0094718102	AMR
AMR_subclass_VLMC	ENSG00000092531	chr15	rs75988797	0.0093176461	AMR
AMR_subclass_VLMC	ENSG00000092531	chr15	rs56046122	0.0090722507	AMR
AMR_subclass_VLMC	ENSG00000092531	chr15	rs28661826	0.0087112359	AMR
AMR_subclass_VLMC	ENSG00000092531	chr15	rs113214933	0.0082220258	AMR
AMR_subclass_VLMC	ENSG00000092531	chr15	rs12594765	0.007605846	AMR
AMR_subclass_VLMC	ENSG00000092531	chr15	rs12592573	0.0068790706	AMR
AMR_subclass_VLMC	ENSG00000092531	chr15	rs8033336	0.0060716929	AMR
AMR_subclass_VLMC	ENSG00000092531	chr15	rs12594600	0.0052228768	AMR
AMR_subclass_VLMC	ENSG00000092531	chr15	rs73410969	0.0043748661	AMR
AMR_subclass_VLMC	ENSG00000092531	chr15	rs73410972	0.0035668785	AMR
AMR_subclass_VLMC	ENSG00000092531	chr15	rs7169231	0.0028303311	AMR
AMR_subclass_VLMC	ENSG00000092531	chr15	rs73410973	0.0021861478	AMR
AMR_subclass_VLMC	ENSG00000092531	chr15	rs28437884	0.0016442466	AMR
AMR_subclass_VLMC	ENSG00000092531	chr15	rs58548142	0.0012047941	AMR
AMR_subclass_VLMC	ENSG00000092531	chr15	rs112186981	0.0008605458	AMR
AMR_subclass_VLMC	ENSG00000092531	chr15	rs7177285	-0.0430638287	AMR
AMR_subclass_VLMC	ENSG00000092531	chr15	rs4924701	-0.0102970892	AMR
AMR_subclass_VLMC	ENSG00000092531	chr15	rs4338775	-0.0129874723	AMR
AMR_subclass_VLMC	ENSG00000092531	chr15	rs1993813	-0.0267072945	AMR
AMR_subclass_VLMC	ENSG00000092531	chr15	rs2412746	-0.0268740603	AMR
AMR_subclass_VLMC	ENSG00000092531	chr15	rs2412747	-0.0265772888	AMR
AMR_subclass_VLMC	ENSG00000092531	chr15	rs4924705	-0.0866333554	AMR
AMR_subclass_VLMC	ENSG00000092531	chr15	rs16957422	-0.086977576	AMR
AMR_subclass_VLMC	ENSG00000092531	chr15	rs28581361	-0.0866289955	AMR
AMR_subclass_VLMC	ENSG00000096968	chr9	rs7857094	-0.0419642501	AMR
AMR_subclass_VLMC	ENSG00000096968	chr9	rs10739034	0.0395106653	AMR
AMR_subclass_VLMC	ENSG00000096968	chr9	rs10814856	0.0214344451	AMR
AMR_subclass_VLMC	ENSG00000096968	chr9	rs34523277	0.1279311121	AMR
AMR_subclass_VLMC	ENSG00000096968	chr9	rs10814933	-0.0887956755	AMR
AMR_subclass_VLMC	ENSG00000096968	chr9	rs10814935	-0.0027882234	AMR
AMR_subclass_VLMC	ENSG00000096968	chr9	rs10974459	-0.0019771477	AMR
AMR_subclass_VLMC	ENSG00000096968	chr9	rs10974466	-0.0537527367	AMR
AMR_subclass_VLMC	ENSG00000096968	chr9	rs10758607	-0.0451930253	AMR
AMR_subclass_VLMC	ENSG00000096968	chr9	rs113148026	-0.0509306276	AMR
AMR_subclass_VLMC	ENSG00000096968	chr9	rs116140950	-0.3540573898	AMR
AMR_subclass_VLMC	ENSG00000096968	chr9	rs76869925	-0.1303431223	AMR
AMR_subclass_VLMC	ENSG00000096968	chr9	rs7868565	0.0343107632	AMR
AMR_subclass_VLMC	ENSG00000096968	chr9	rs10116676	0.0611630523	AMR
AMR_subclass_VLMC	ENSG00000096968	chr9	rs28668598	-0.0008142883	AMR
AMR_subclass_VLMC	ENSG00000099331	chr19	rs10423789	0.09387523	AMR
AMR_subclass_VLMC	ENSG00000099331	chr19	rs10411230	-0.013337616	AMR
AMR_subclass_VLMC	ENSG00000099331	chr19	rs2306844	-0.011443899	AMR
AMR_subclass_VLMC	ENSG00000099331	chr19	rs75253028	0.078474345	AMR
AMR_subclass_VLMC	ENSG00000099331	chr19	rs73010432	0.079311664	AMR
AMR_subclass_VLMC	ENSG00000099331	chr19	rs76285988	0.078193575	AMR
AMR_subclass_VLMC	ENSG00000099331	chr19	rs73504416	-0.014253349	AMR
AMR_subclass_VLMC	ENSG00000099331	chr19	rs10425285	-0.013523936	AMR
AMR_subclass_VLMC	ENSG00000099331	chr19	rs73513968	-0.02312342	AMR
AMR_subclass_VLMC	ENSG00000099331	chr19	rs8111791	-0.264192778	AMR
AMR_subclass_VLMC	ENSG00000099331	chr19	rs7250113	-0.039109537	AMR
AMR_subclass_VLMC	ENSG00000099331	chr19	rs11550318	-0.039255757	AMR
AMR_subclass_VLMC	ENSG00000099331	chr19	rs73009941	-0.003266625	AMR
AMR_subclass_VLMC	ENSG00000099331	chr19	rs12972449	-0.012044288	AMR
AMR_subclass_VLMC	ENSG00000099331	chr19	rs112469656	-0.004008334	AMR
AMR_subclass_VLMC	ENSG00000099331	chr19	rs11666188	-0.003790852	AMR
AMR_subclass_VLMC	ENSG00000099331	chr19	rs11672601	-0.002717211	AMR
AMR_subclass_VLMC	ENSG00000099331	chr19	rs11672764	-0.007704712	AMR
AMR_subclass_VLMC	ENSG00000099331	chr19	rs73011758	-0.048331905	AMR
AMR_subclass_VLMC	ENSG00000099331	chr19	rs11669420	-0.040902188	AMR
AMR_subclass_VLMC	ENSG00000099331	chr19	rs9749109	0.108786026	AMR
AMR_subclass_VLMC	ENSG00000099331	chr19	rs3212706	0.010069615	AMR
AMR_subclass_VLMC	ENSG00000099331	chr19	rs449747	0.053433387	AMR
AMR_subclass_VLMC	ENSG00000099331	chr19	rs77198486	-0.045441857	AMR
AMR_subclass_VLMC	ENSG00000099331	chr19	rs115266843	-0.046513193	AMR
AMR_subclass_VLMC	ENSG00000099331	chr19	rs112504981	-0.047075229	AMR
AMR_subclass_VLMC	ENSG00000099331	chr19	rs58209352	-0.046905417	AMR
AMR_subclass_VLMC	ENSG00000099331	chr19	rs117636471	-0.046382904	AMR
AMR_subclass_VLMC	ENSG00000099331	chr19	rs75122294	-0.045779205	AMR
AMR_subclass_VLMC	ENSG00000099331	chr19	rs116722115	-0.045130168	AMR
AMR_subclass_VLMC	ENSG00000102710	chr13	rs9546296	-0.003169315	AMR
AMR_subclass_VLMC	ENSG00000102710	chr13	rs9546325	-0.003168077	AMR
AMR_subclass_VLMC	ENSG00000102710	chr13	rs7327892	-0.002193277	AMR
AMR_subclass_VLMC	ENSG00000102710	chr13	rs9603210	0.007780583	AMR
AMR_subclass_VLMC	ENSG00000102710	chr13	rs78859816	-0.323993013	AMR
AMR_subclass_VLMC	ENSG00000102710	chr13	rs1041018	0.003747113	AMR
AMR_subclass_VLMC	ENSG00000104365	chr8	rs117247801	-0.07398618	AMR
AMR_subclass_VLMC	ENSG00000104365	chr8	rs187967954	-0.07277254	AMR
AMR_subclass_VLMC	ENSG00000104365	chr8	rs13272013	-0.14730461	AMR
AMR_subclass_VLMC	ENSG00000104365	chr8	rs4560769	0.03847561	AMR
AMR_subclass_VLMC	ENSG00000104365	chr8	rs9969616	0.03777925	AMR
AMR_subclass_VLMC	ENSG00000106819	chr9	rs1412466	0.007062891	AMR
AMR_subclass_VLMC	ENSG00000106819	chr9	rs75760106	-0.0002414994	AMR
AMR_subclass_VLMC	ENSG00000106819	chr9	rs7855644	0.005723289	AMR
AMR_subclass_VLMC	ENSG00000106819	chr9	rs7467730	0.06768912	AMR
AMR_subclass_VLMC	ENSG00000106819	chr9	rs7875973	-0.1057039	AMR
AMR_subclass_VLMC	ENSG00000106819	chr9	rs72744474	0.0513467	AMR
AMR_subclass_VLMC	ENSG00000106819	chr9	rs10119449	0.02768671	AMR
AMR_subclass_VLMC	ENSG00000106819	chr9	rs9657698	0.03314647	AMR
AMR_subclass_VLMC	ENSG00000106819	chr9	rs12337908	0.02105297	AMR
AMR_subclass_VLMC	ENSG00000106819	chr9	rs7036027	0.01548735	AMR
AMR_subclass_VLMC	ENSG00000106819	chr9	rs76427104	0.00728369	AMR
AMR_subclass_VLMC	ENSG00000106819	chr9	rs117878607	0.07612807	AMR
AMR_subclass_VLMC	ENSG00000106819	chr9	rs10820950	0.02350337	AMR
AMR_subclass_VLMC	ENSG00000106819	chr9	rs7860297	0.02405838	AMR
AMR_subclass_VLMC	ENSG00000106819	chr9	rs10992308	0.02435067	AMR
AMR_subclass_VLMC	ENSG00000106819	chr9	rs10992312	0.02545897	AMR
AMR_subclass_VLMC	ENSG00000106819	chr9	rs10820970	0.0264091	AMR
AMR_subclass_VLMC	ENSG00000106819	chr9	rs116847205	-0.006017712	AMR
AMR_subclass_VLMC	ENSG00000106819	chr9	rs56168105	0.09460105	AMR
AMR_subclass_VLMC	ENSG00000106819	chr9	rs12350198	0.05414392	AMR
AMR_subclass_VLMC	ENSG00000106819	chr9	rs72754449	-0.05996153	AMR
AMR_subclass_VLMC	ENSG00000106819	chr9	rs111292851	-0.008181095	AMR
AMR_subclass_VLMC	ENSG00000106819	chr9	rs79911437	-0.006734603	AMR
AMR_subclass_VLMC	ENSG00000106819	chr9	rs141960185	-0.004020653	AMR
AMR_subclass_VLMC	ENSG00000106819	chr9	rs114502095	-0.001962843	AMR
AMR_subclass_VLMC	ENSG00000106819	chr9	rs7045269	-0.0008299332	AMR
AMR_subclass_VLMC	ENSG00000106819	chr9	rs114498829	-0.0003144719	AMR
AMR_subclass_VLMC	ENSG00000106819	chr9	rs117629410	-0.000109213	AMR
AMR_subclass_VLMC	ENSG00000106819	chr9	rs7020104	0.0276787	AMR
AMR_subclass_VLMC	ENSG00000106819	chr9	rs4743875	0.02821664	AMR
AMR_subclass_VLMC	ENSG00000106819	chr9	rs10116042	0.04559673	AMR
AMR_subclass_VLMC	ENSG00000106819	chr9	rs114297298	-1.262025e-05	AMR
AMR_subclass_VLMC	ENSG00000106819	chr9	rs61628776	-0.05925943	AMR
AMR_subclass_VLMC	ENSG00000106819	chr9	rs10821017	-0.02657467	AMR
AMR_subclass_VLMC	ENSG00000106819	chr9	rs10992472	-0.007831363	AMR
AMR_subclass_VLMC	ENSG00000106819	chr9	rs10992475	-0.06351019	AMR
AMR_subclass_VLMC	ENSG00000106819	chr9	rs12340555	-0.1024317	AMR
AMR_subclass_VLMC	ENSG00000106819	chr9	rs4573339	-0.1577664	AMR
AMR_subclass_VLMC	ENSG00000106819	chr9	rs12375880	0.01161399	AMR
AMR_subclass_VLMC	ENSG00000106819	chr9	rs7857187	-0.05394114	AMR
AMR_subclass_VLMC	ENSG00000106819	chr9	rs10992675	0.01162429	AMR
AMR_subclass_VLMC	ENSG00000106819	chr9	rs72743431	-0.1299159	AMR
AMR_subclass_VLMC	ENSG00000106819	chr9	rs2617224	0.05720227	AMR
AMR_subclass_VLMC	ENSG00000106819	chr9	rs16909167	0.0146318	AMR
AMR_subclass_VLMC	ENSG00000106819	chr9	rs78909519	0.01410494	AMR
AMR_subclass_VLMC	ENSG00000107779	chr10	rs56117825	-0.01420377	AMR
AMR_subclass_VLMC	ENSG00000107779	chr10	rs7910307	-0.06362562	AMR
AMR_subclass_VLMC	ENSG00000107779	chr10	rs11202138	-0.06329775	AMR
AMR_subclass_VLMC	ENSG00000107779	chr10	rs74605386	-0.3809319	AMR
AMR_subclass_VLMC	ENSG00000108587	chr17	rs114112507	0.03196256	AMR
AMR_subclass_VLMC	ENSG00000108587	chr17	rs178856	-0.99079626	AMR
AMR_subclass_VLMC	ENSG00000111052	chr12	rs76453981	-0.09064059	AMR
AMR_subclass_VLMC	ENSG00000111052	chr12	rs7959180	0.2015274	AMR
AMR_subclass_VLMC	ENSG00000111052	chr12	rs73356995	-0.07066794	AMR
AMR_subclass_VLMC	ENSG00000111052	chr12	rs4328264	0.03474681	AMR
AMR_subclass_VLMC	ENSG00000111052	chr12	rs4544070	0.03486134	AMR
AMR_subclass_VLMC	ENSG00000111052	chr12	rs11114455	0.1186733	AMR
AMR_subclass_VLMC	ENSG00000111052	chr12	rs11114520	0.01982607	AMR
AMR_subclass_VLMC	ENSG00000111052	chr12	rs61951077	-0.1355078	AMR
AMR_subclass_VLMC	ENSG00000111052	chr12	rs61951079	-0.1353083	AMR
AMR_subclass_VLMC	ENSG00000111052	chr12	rs73150780	-0.01707967	AMR
AMR_subclass_VLMC	ENSG00000111052	chr12	rs2103366	0.07720414	AMR
AMR_subclass_VLMC	ENSG00000111052	chr12	rs2400841	-0.003272731	AMR
AMR_subclass_VLMC	ENSG00000111052	chr12	rs7314436	-0.003678868	AMR
AMR_subclass_VLMC	ENSG00000111052	chr12	rs7962317	-0.003567969	AMR
AMR_subclass_VLMC	ENSG00000111052	chr12	rs4842364	-0.003306676	AMR
AMR_subclass_VLMC	ENSG00000111052	chr12	rs4842289	-0.003001984	AMR
AMR_subclass_VLMC	ENSG00000111052	chr12	rs4842365	-0.002673256	AMR
AMR_subclass_VLMC	ENSG00000111052	chr12	rs12319667	-0.002327848	AMR
AMR_subclass_VLMC	ENSG00000111052	chr12	rs73143092	-0.1789434	AMR
AMR_subclass_VLMC	ENSG00000111052	chr12	rs76287543	-0.1460647	AMR
AMR_subclass_VLMC	ENSG00000111052	chr12	rs17686808	0.2481802	AMR
AMR_subclass_VLMC	ENSG00000111052	chr12	rs1922396	-0.003120696	AMR
AMR_subclass_VLMC	ENSG00000111052	chr12	rs78899383	-0.003523417	AMR
AMR_subclass_VLMC	ENSG00000111052	chr12	rs17738503	-0.004290544	AMR
AMR_subclass_VLMC	ENSG00000111052	chr12	rs4842300	-0.004998587	AMR
AMR_subclass_VLMC	ENSG00000111052	chr12	rs11114915	-0.005640838	AMR
AMR_subclass_VLMC	ENSG00000111052	chr12	rs7307570	-0.0062411	AMR
AMR_subclass_VLMC	ENSG00000111052	chr12	rs7301025	-0.0376953	AMR
AMR_subclass_VLMC	ENSG00000111052	chr12	rs7300354	-0.03597644	AMR
AMR_subclass_VLMC	ENSG00000111052	chr12	rs117343986	-0.006189091	AMR
AMR_subclass_VLMC	ENSG00000111052	chr12	rs78862118	-0.006694395	AMR
AMR_subclass_VLMC	ENSG00000111052	chr12	rs9308326	-0.01911364	AMR
AMR_subclass_VLMC	ENSG00000111052	chr12	rs7134909	-0.01973093	AMR
AMR_subclass_VLMC	ENSG00000111052	chr12	rs7135303	-0.001332207	AMR
AMR_subclass_VLMC	ENSG00000111052	chr12	rs73153356	-0.1053059	AMR
AMR_subclass_VLMC	ENSG00000111052	chr12	rs4468430	-0.0003771712	AMR
AMR_subclass_VLMC	ENSG00000111052	chr12	rs11115042	-0.0001282404	AMR
AMR_subclass_VLMC	ENSG00000111052	chr12	rs3994842	-4.039234e-05	AMR
AMR_subclass_VLMC	ENSG00000111052	chr12	rs12307959	-1.125519e-05	AMR
AMR_subclass_VLMC	ENSG00000111052	chr12	rs73157341	-2.834646e-06	AMR
AMR_subclass_VLMC	ENSG00000111052	chr12	rs55930991	-0.166878	AMR
AMR_subclass_VLMC	ENSG00000111052	chr12	rs11115077	0.1742815	AMR
AMR_subclass_VLMC	ENSG00000111880	chr6	rs76464067	0.16045106	AMR
AMR_subclass_VLMC	ENSG00000111880	chr6	rs111327093	0.09116172	AMR
AMR_subclass_VLMC	ENSG00000111880	chr6	rs59149966	0.10009973	AMR
AMR_subclass_VLMC	ENSG00000111880	chr6	rs73503998	0.03241012	AMR
AMR_subclass_VLMC	ENSG00000111880	chr6	rs73504001	0.03266237	AMR
AMR_subclass_VLMC	ENSG00000111880	chr6	rs79456425	0.1062906	AMR
AMR_subclass_VLMC	ENSG00000111880	chr6	rs6931561	0.10542517	AMR
AMR_subclass_VLMC	ENSG00000111880	chr6	rs79598852	-0.09829679	AMR
AMR_subclass_VLMC	ENSG00000111880	chr6	rs12215741	-0.15321337	AMR
AMR_subclass_VLMC	ENSG00000111880	chr6	rs854865	-0.07288797	AMR
AMR_subclass_VLMC	ENSG00000111880	chr6	rs116946276	-0.04792741	AMR
AMR_subclass_VLMC	ENSG00000111880	chr6	rs1887584	-0.01708148	AMR
AMR_subclass_VLMC	ENSG00000111880	chr6	rs9344943	-0.10960128	AMR
AMR_subclass_VLMC	ENSG00000111880	chr6	rs4707550	-0.08394353	AMR
AMR_subclass_VLMC	ENSG00000113578	chr5	rs1975988	-0.241125127	AMR
AMR_subclass_VLMC	ENSG00000113578	chr5	rs62379435	0.128288212	AMR
AMR_subclass_VLMC	ENSG00000113578	chr5	rs1428726	0.049996827	AMR
AMR_subclass_VLMC	ENSG00000113578	chr5	rs2961705	-0.027350492	AMR
AMR_subclass_VLMC	ENSG00000113578	chr5	rs3885146	-0.041933346	AMR
AMR_subclass_VLMC	ENSG00000113578	chr5	rs1368359	-0.109473361	AMR
AMR_subclass_VLMC	ENSG00000113578	chr5	rs10042074	-0.019632142	AMR
AMR_subclass_VLMC	ENSG00000113578	chr5	rs6894433	-0.007438838	AMR
AMR_subclass_VLMC	ENSG00000113578	chr5	rs1799290	-0.021139009	AMR
AMR_subclass_VLMC	ENSG00000113578	chr5	rs1612480	-0.020800034	AMR
AMR_subclass_VLMC	ENSG00000113578	chr5	rs1613212	-0.019997548	AMR
AMR_subclass_VLMC	ENSG00000113578	chr5	rs77713773	-0.064284659	AMR
AMR_subclass_VLMC	ENSG00000113578	chr5	rs2398615	0.256516347	AMR
AMR_subclass_VLMC	ENSG00000113578	chr5	rs7709304	-0.036604528	AMR
AMR_subclass_VLMC	ENSG00000113578	chr5	rs2895176	-0.035875152	AMR
AMR_subclass_VLMC	ENSG00000114127	chr3	rs79507063	0.08710647	AMR
AMR_subclass_VLMC	ENSG00000114127	chr3	rs75290540	-0.06856063	AMR
AMR_subclass_VLMC	ENSG00000114127	chr3	rs2131495	-0.02141427	AMR
AMR_subclass_VLMC	ENSG00000114127	chr3	rs2971539	-0.02133193	AMR
AMR_subclass_VLMC	ENSG00000114127	chr3	rs2933862	-0.02062011	AMR
AMR_subclass_VLMC	ENSG00000114127	chr3	rs2138786	-0.04523112	AMR
AMR_subclass_VLMC	ENSG00000114127	chr3	rs2677420	-0.05579964	AMR
AMR_subclass_VLMC	ENSG00000114127	chr3	rs149472650	-0.02521542	AMR
AMR_subclass_VLMC	ENSG00000114127	chr3	rs953265	-0.02499468	AMR
AMR_subclass_VLMC	ENSG00000114127	chr3	rs62282035	0.1205362	AMR
AMR_subclass_VLMC	ENSG00000114127	chr3	rs76077109	0.081907	AMR
AMR_subclass_VLMC	ENSG00000114127	chr3	rs9882701	0.1198156	AMR
AMR_subclass_VLMC	ENSG00000114127	chr3	rs9818297	0.1973792	AMR
AMR_subclass_VLMC	ENSG00000114127	chr3	rs9824350	-0.04411259	AMR
AMR_subclass_VLMC	ENSG00000114127	chr3	rs16851689	-0.01761599	AMR
AMR_subclass_VLMC	ENSG00000114127	chr3	rs6787712	-0.007404589	AMR
AMR_subclass_VLMC	ENSG00000114127	chr3	rs77602044	-0.008074315	AMR
AMR_subclass_VLMC	ENSG00000114127	chr3	rs114939189	-0.04526897	AMR
AMR_subclass_VLMC	ENSG00000114127	chr3	rs11569277	-0.2292157	AMR
AMR_subclass_VLMC	ENSG00000114127	chr3	rs11569265	-0.227985	AMR
AMR_subclass_VLMC	ENSG00000114127	chr3	rs34001849	-0.01546918	AMR
AMR_subclass_VLMC	ENSG00000114127	chr3	rs112882257	-0.02036078	AMR
AMR_subclass_VLMC	ENSG00000114127	chr3	rs13067957	-0.3173091	AMR
AMR_subclass_VLMC	ENSG00000114127	chr3	rs13074187	0.1049986	AMR
AMR_subclass_VLMC	ENSG00000114127	chr3	rs6805118	-0.006303604	AMR
AMR_subclass_VLMC	ENSG00000114127	chr3	rs2227932	-0.006330277	AMR
AMR_subclass_VLMC	ENSG00000114127	chr3	rs73228752	-0.06736492	AMR
AMR_subclass_VLMC	ENSG00000114127	chr3	rs73228759	-0.06879961	AMR
AMR_subclass_VLMC	ENSG00000114127	chr3	rs2272150	-0.3052128	AMR
AMR_subclass_VLMC	ENSG00000114127	chr3	rs73230566	-0.2747862	AMR
AMR_subclass_VLMC	ENSG00000114127	chr3	rs112826143	-0.5992938	AMR
AMR_subclass_VLMC	ENSG00000114127	chr3	rs1965399	0.07302367	AMR
AMR_subclass_VLMC	ENSG00000114127	chr3	rs1464059	0.07303543	AMR
AMR_subclass_VLMC	ENSG00000114127	chr3	rs4683758	0.04737586	AMR
AMR_subclass_VLMC	ENSG00000114127	chr3	rs7649342	0.04720731	AMR
AMR_subclass_VLMC	ENSG00000114127	chr3	rs1530266	0.0009422074	AMR
AMR_subclass_VLMC	ENSG00000114127	chr3	rs12490261	2.570165e-05	AMR
AMR_subclass_VLMC	ENSG00000114127	chr3	rs9843280	-0.09951469	AMR
AMR_subclass_VLMC	ENSG00000114127	chr3	rs79074095	0.1956772	AMR
AMR_subclass_VLMC	ENSG00000114127	chr3	rs894175	0.0731284	AMR
AMR_subclass_VLMC	ENSG00000114127	chr3	rs6775385	0.1114351	AMR
AMR_subclass_VLMC	ENSG00000114127	chr3	rs75913018	0.1332061	AMR
AMR_subclass_VLMC	ENSG00000114127	chr3	rs9868476	-0.03704843	AMR
AMR_subclass_VLMC	ENSG00000114127	chr3	rs28508267	-0.02536365	AMR
AMR_subclass_VLMC	ENSG00000114127	chr3	rs3796228	-0.08875469	AMR
AMR_subclass_VLMC	ENSG00000114127	chr3	rs2289492	0.02169294	AMR
AMR_subclass_VLMC	ENSG00000114127	chr3	rs9874676	0.1809271	AMR
AMR_subclass_VLMC	ENSG00000114127	chr3	rs75828423	0.008348556	AMR
AMR_subclass_VLMC	ENSG00000114127	chr3	rs1995356	-0.08957709	AMR
AMR_subclass_VLMC	ENSG00000114127	chr3	rs73868773	0.146509	AMR
AMR_subclass_VLMC	ENSG00000114127	chr3	rs1501629	-0.0004527024	AMR
AMR_subclass_VLMC	ENSG00000114127	chr3	rs6775025	0.0401422	AMR
AMR_subclass_VLMC	ENSG00000114127	chr3	rs7627518	0.01066889	AMR
AMR_subclass_VLMC	ENSG00000114127	chr3	rs73144769	0.04811726	AMR
AMR_subclass_VLMC	ENSG00000114127	chr3	rs73144772	0.04606014	AMR
AMR_subclass_VLMC	ENSG00000114127	chr3	rs73144774	0.04420205	AMR
AMR_subclass_VLMC	ENSG00000114127	chr3	rs4839634	0.03327356	AMR
AMR_subclass_VLMC	ENSG00000114127	chr3	rs6803041	0.03476562	AMR
AMR_subclass_VLMC	ENSG00000114127	chr3	rs6770293	0.04232879	AMR
AMR_subclass_VLMC	ENSG00000114127	chr3	rs60766438	0.2820618	AMR
AMR_subclass_VLMC	ENSG00000114127	chr3	rs10513201	0.04098191	AMR
AMR_subclass_VLMC	ENSG00000114127	chr3	rs141959509	0.3628657	AMR
AMR_subclass_VLMC	ENSG00000114127	chr3	rs9871107	-0.08360776	AMR
AMR_subclass_VLMC	ENSG00000115760	chr2	rs950300	-0.003134057	AMR
AMR_subclass_VLMC	ENSG00000115760	chr2	rs13427018	-0.006835713	AMR
AMR_subclass_VLMC	ENSG00000115760	chr2	rs60485084	-0.004352264	AMR
AMR_subclass_VLMC	ENSG00000115760	chr2	rs13429370	-0.007224936	AMR
AMR_subclass_VLMC	ENSG00000115760	chr2	rs743237	-0.003169185	AMR
AMR_subclass_VLMC	ENSG00000115760	chr2	rs58127069	-0.001871915	AMR
AMR_subclass_VLMC	ENSG00000115760	chr2	rs218181	0.085424915	AMR
AMR_subclass_VLMC	ENSG00000115760	chr2	rs62133313	-0.002965436	AMR
AMR_subclass_VLMC	ENSG00000115760	chr2	rs79898688	-0.221192126	AMR
AMR_subclass_VLMC	ENSG00000115760	chr2	rs218206	-0.133709474	AMR
AMR_subclass_VLMC	ENSG00000115760	chr2	rs1545552	-0.012647173	AMR
AMR_subclass_VLMC	ENSG00000116191	chr1	rs56852330	0.000177267	AMR
AMR_subclass_VLMC	ENSG00000116191	chr1	rs76233263	0.18931822	AMR
AMR_subclass_VLMC	ENSG00000116191	chr1	rs12096732	-0.005475146	AMR
AMR_subclass_VLMC	ENSG00000116191	chr1	rs6425486	-0.006155944	AMR
AMR_subclass_VLMC	ENSG00000116191	chr1	rs7540745	-0.006174499	AMR
AMR_subclass_VLMC	ENSG00000116191	chr1	rs10913573	-0.005442194	AMR
AMR_subclass_VLMC	ENSG00000116191	chr1	rs4650998	0.050965764	AMR
AMR_subclass_VLMC	ENSG00000116191	chr1	rs4650999	0.050719612	AMR
AMR_subclass_VLMC	ENSG00000116191	chr1	rs10798619	0.05060079	AMR
AMR_subclass_VLMC	ENSG00000116191	chr1	rs4077689	0.050580967	AMR
AMR_subclass_VLMC	ENSG00000116191	chr1	rs4077194	0.050651045	AMR
AMR_subclass_VLMC	ENSG00000116191	chr1	rs10798620	0.050793814	AMR
AMR_subclass_VLMC	ENSG00000116191	chr1	rs12080919	-0.037574361	AMR
AMR_subclass_VLMC	ENSG00000116191	chr1	rs6686462	-0.135643972	AMR
AMR_subclass_VLMC	ENSG00000116191	chr1	rs75448703	-0.068740093	AMR
AMR_subclass_VLMC	ENSG00000116191	chr1	rs12095986	-0.06938692	AMR
AMR_subclass_VLMC	ENSG00000116191	chr1	rs76688546	-0.069615572	AMR
AMR_subclass_VLMC	ENSG00000116191	chr1	rs75312728	-0.029691553	AMR
AMR_subclass_VLMC	ENSG00000116191	chr1	rs7532578	0.009978184	AMR
AMR_subclass_VLMC	ENSG00000116191	chr1	rs6425512	0.009303706	AMR
AMR_subclass_VLMC	ENSG00000116191	chr1	rs4652348	0.00232785	AMR
AMR_subclass_VLMC	ENSG00000116191	chr1	rs7544801	0.002996611	AMR
AMR_subclass_VLMC	ENSG00000116191	chr1	rs7538498	0.010999764	AMR
AMR_subclass_VLMC	ENSG00000116191	chr1	rs10082052	0.003912255	AMR
AMR_subclass_VLMC	ENSG00000116191	chr1	rs7545885	-0.130846217	AMR
AMR_subclass_VLMC	ENSG00000116191	chr1	rs17370180	-0.025437481	AMR
AMR_subclass_VLMC	ENSG00000116191	chr1	rs61828402	-0.002752832	AMR
AMR_subclass_VLMC	ENSG00000116191	chr1	rs2794580	0.073608857	AMR
AMR_subclass_VLMC	ENSG00000116191	chr1	rs566770	-0.073426987	AMR
AMR_subclass_VLMC	ENSG00000116729	chr1	rs12090164	0.01610013	AMR
AMR_subclass_VLMC	ENSG00000116729	chr1	rs115776568	-0.01133169	AMR
AMR_subclass_VLMC	ENSG00000116729	chr1	rs114370420	-0.01227186	AMR
AMR_subclass_VLMC	ENSG00000116729	chr1	rs78917656	-0.01257831	AMR
AMR_subclass_VLMC	ENSG00000116729	chr1	rs78597810	-0.01219252	AMR
AMR_subclass_VLMC	ENSG00000116729	chr1	rs12568393	-0.01154678	AMR
AMR_subclass_VLMC	ENSG00000116729	chr1	rs12561798	-0.01092397	AMR
AMR_subclass_VLMC	ENSG00000116729	chr1	rs1966176	0.02142478	AMR
AMR_subclass_VLMC	ENSG00000116729	chr1	rs12079686	0.0165672	AMR
AMR_subclass_VLMC	ENSG00000116729	chr1	rs12071219	0.01640792	AMR
AMR_subclass_VLMC	ENSG00000116729	chr1	rs7537230	2.433823e-07	AMR
AMR_subclass_VLMC	ENSG00000116729	chr1	rs6666181	4.715161e-08	AMR
AMR_subclass_VLMC	ENSG00000116729	chr1	rs17130305	9.134904e-09	AMR
AMR_subclass_VLMC	ENSG00000116729	chr1	rs17130310	1.769748e-09	AMR
AMR_subclass_VLMC	ENSG00000116729	chr1	rs17130314	3.428616e-10	AMR
AMR_subclass_VLMC	ENSG00000116729	chr1	rs17130315	6.642449e-11	AMR
AMR_subclass_VLMC	ENSG00000116729	chr1	rs12239301	1.286806e-11	AMR
AMR_subclass_VLMC	ENSG00000116729	chr1	rs12029652	0.07991914	AMR
AMR_subclass_VLMC	ENSG00000116729	chr1	rs12034179	0.02717913	AMR
AMR_subclass_VLMC	ENSG00000116729	chr1	rs11209187	0.02744424	AMR
AMR_subclass_VLMC	ENSG00000116729	chr1	rs1926300	-0.02754629	AMR
AMR_subclass_VLMC	ENSG00000116729	chr1	rs6662249	-0.02732501	AMR
AMR_subclass_VLMC	ENSG00000116729	chr1	rs6588318	0.02285752	AMR
AMR_subclass_VLMC	ENSG00000116729	chr1	rs6672500	0.05758464	AMR
AMR_subclass_VLMC	ENSG00000116729	chr1	rs4926365	0.0001318337	AMR
AMR_subclass_VLMC	ENSG00000116729	chr1	rs4926367	2.554076e-05	AMR
AMR_subclass_VLMC	ENSG00000116729	chr1	rs4077050	0.05779714	AMR
AMR_subclass_VLMC	ENSG00000116729	chr1	rs4926339	0.02580847	AMR
AMR_subclass_VLMC	ENSG00000116729	chr1	rs61771510	0.03911165	AMR
AMR_subclass_VLMC	ENSG00000116729	chr1	rs12119046	0.00081539	AMR
AMR_subclass_VLMC	ENSG00000116729	chr1	rs6669928	0.03916432	AMR
AMR_subclass_VLMC	ENSG00000116729	chr1	rs7521138	0.03893463	AMR
AMR_subclass_VLMC	ENSG00000116729	chr1	rs1924541	0.007629975	AMR
AMR_subclass_VLMC	ENSG00000116729	chr1	rs12132234	0.005458281	AMR
AMR_subclass_VLMC	ENSG00000116729	chr1	rs11209322	0.005102834	AMR
AMR_subclass_VLMC	ENSG00000116729	chr1	rs12134300	0.005199454	AMR
AMR_subclass_VLMC	ENSG00000116729	chr1	rs11209323	0.00552319	AMR
AMR_subclass_VLMC	ENSG00000116729	chr1	rs3892217	0.005877571	AMR
AMR_subclass_VLMC	ENSG00000116729	chr1	rs4508051	0.006171883	AMR
AMR_subclass_VLMC	ENSG00000116729	chr1	rs7533054	0.001553672	AMR
AMR_subclass_VLMC	ENSG00000116729	chr1	rs11209325	0.003190489	AMR
AMR_subclass_VLMC	ENSG00000116729	chr1	rs4926349	0.003893636	AMR
AMR_subclass_VLMC	ENSG00000116729	chr1	rs2982527	-0.003841129	AMR
AMR_subclass_VLMC	ENSG00000116729	chr1	rs2982528	-0.003483	AMR
AMR_subclass_VLMC	ENSG00000116729	chr1	rs2982529	-0.003049485	AMR
AMR_subclass_VLMC	ENSG00000116729	chr1	rs2982530	-0.002585473	AMR
AMR_subclass_VLMC	ENSG00000116729	chr1	rs2507190	-0.002095382	AMR
AMR_subclass_VLMC	ENSG00000116729	chr1	rs2473786	-0.001606065	AMR
AMR_subclass_VLMC	ENSG00000116729	chr1	rs2860424	-0.001159418	AMR
AMR_subclass_VLMC	ENSG00000116729	chr1	rs2507191	-0.0007888426	AMR
AMR_subclass_VLMC	ENSG00000116729	chr1	rs2419996	-0.0005074563	AMR
AMR_subclass_VLMC	ENSG00000116729	chr1	rs2473791	-0.0003099326	AMR
AMR_subclass_VLMC	ENSG00000116729	chr1	rs2473792	-0.0001804954	AMR
AMR_subclass_VLMC	ENSG00000116729	chr1	rs2473796	-0.0001006405	AMR
AMR_subclass_VLMC	ENSG00000116729	chr1	rs2473797	-5.392736e-05	AMR
AMR_subclass_VLMC	ENSG00000116729	chr1	rs2206780	-2.786311e-05	AMR
AMR_subclass_VLMC	ENSG00000116729	chr1	rs2206781	-1.392275e-05	AMR
AMR_subclass_VLMC	ENSG00000116729	chr1	rs2473800	-6.745887e-06	AMR
AMR_subclass_VLMC	ENSG00000116729	chr1	rs9436401	-3.176755e-06	AMR
AMR_subclass_VLMC	ENSG00000116729	chr1	rs2473802	-1.456989e-06	AMR
AMR_subclass_VLMC	ENSG00000116729	chr1	rs2473804	-6.5201e-07	AMR
AMR_subclass_VLMC	ENSG00000116729	chr1	rs2473805	-2.851598e-07	AMR
AMR_subclass_VLMC	ENSG00000116729	chr1	rs2473747	-1.220657e-07	AMR
AMR_subclass_VLMC	ENSG00000116729	chr1	rs2420214	-5.120834e-08	AMR
AMR_subclass_VLMC	ENSG00000116729	chr1	rs2507197	-0.0001753724	AMR
AMR_subclass_VLMC	ENSG00000116729	chr1	rs2507198	-0.0003594044	AMR
AMR_subclass_VLMC	ENSG00000116729	chr1	rs2473752	-0.0004099041	AMR
AMR_subclass_VLMC	ENSG00000116729	chr1	rs2507199	-0.0003430269	AMR
AMR_subclass_VLMC	ENSG00000116729	chr1	rs2473753	-0.0002350875	AMR
AMR_subclass_VLMC	ENSG00000116729	chr1	rs2507201	-0.0001398483	AMR
AMR_subclass_VLMC	ENSG00000116729	chr1	rs2473754	-7.481605e-05	AMR
AMR_subclass_VLMC	ENSG00000116729	chr1	rs2263621	-3.684702e-05	AMR
AMR_subclass_VLMC	ENSG00000116729	chr1	rs2420215	-1.697956e-05	AMR
AMR_subclass_VLMC	ENSG00000116729	chr1	rs2420216	-7.406166e-06	AMR
AMR_subclass_VLMC	ENSG00000116729	chr1	rs2507202	-3.083557e-06	AMR
AMR_subclass_VLMC	ENSG00000116729	chr1	rs2473757	-1.233074e-06	AMR
AMR_subclass_VLMC	ENSG00000116729	chr1	rs2473758	-4.757941e-07	AMR
AMR_subclass_VLMC	ENSG00000116729	chr1	rs2473759	-1.777821e-07	AMR
AMR_subclass_VLMC	ENSG00000116729	chr1	rs2473761	-6.45089e-08	AMR
AMR_subclass_VLMC	ENSG00000116729	chr1	rs2473762	-2.278329e-08	AMR
AMR_subclass_VLMC	ENSG00000116729	chr1	rs2473764	-7.84743e-09	AMR
AMR_subclass_VLMC	ENSG00000116729	chr1	rs2507204	-2.640543e-09	AMR
AMR_subclass_VLMC	ENSG00000116729	chr1	rs2473765	-8.693111e-10	AMR
AMR_subclass_VLMC	ENSG00000116729	chr1	rs2507205	-2.803972e-10	AMR
AMR_subclass_VLMC	ENSG00000116729	chr1	rs2507207	-8.872335e-11	AMR
AMR_subclass_VLMC	ENSG00000116729	chr1	rs3004682	-1.718887e-11	AMR
AMR_subclass_VLMC	ENSG00000116729	chr1	rs2473767	-3.329959e-12	AMR
AMR_subclass_VLMC	ENSG00000116729	chr1	rs2473768	-6.45164e-13	AMR
AMR_subclass_VLMC	ENSG00000116729	chr1	rs2473769	-1.249063e-13	AMR
AMR_subclass_VLMC	ENSG00000116729	chr1	rs2507208	-2.430701e-14	AMR
AMR_subclass_VLMC	ENSG00000117569	chr1	rs4317862	0.008548411	AMR
AMR_subclass_VLMC	ENSG00000117569	chr1	rs78398400	0.1375196	AMR
AMR_subclass_VLMC	ENSG00000117569	chr1	rs35713976	-0.1358512	AMR
AMR_subclass_VLMC	ENSG00000117569	chr1	rs321276	0.01772712	AMR
AMR_subclass_VLMC	ENSG00000117569	chr1	rs12140320	0.02104516	AMR
AMR_subclass_VLMC	ENSG00000117569	chr1	rs12741915	0.02111111	AMR
AMR_subclass_VLMC	ENSG00000117569	chr1	rs12130830	0.02007298	AMR
AMR_subclass_VLMC	ENSG00000117569	chr1	rs17422897	-0.001648587	AMR
AMR_subclass_VLMC	ENSG00000117569	chr1	rs17456877	-0.0004788304	AMR
AMR_subclass_VLMC	ENSG00000117569	chr1	rs17457031	-0.0001001761	AMR
AMR_subclass_VLMC	ENSG00000117569	chr1	rs17423208	-1.79736e-05	AMR
AMR_subclass_VLMC	ENSG00000117569	chr1	rs71644387	-2.944018e-06	AMR
AMR_subclass_VLMC	ENSG00000117569	chr1	rs74977483	-4.537723e-07	AMR
AMR_subclass_VLMC	ENSG00000117569	chr1	rs35164474	-6.69552e-08	AMR
AMR_subclass_VLMC	ENSG00000117569	chr1	rs138577776	0.2519391	AMR
AMR_subclass_VLMC	ENSG00000117569	chr1	rs505066	-0.02196779	AMR
AMR_subclass_VLMC	ENSG00000117569	chr1	rs116336588	0.09998979	AMR
AMR_subclass_VLMC	ENSG00000117569	chr1	rs78245582	0.09886545	AMR
AMR_subclass_VLMC	ENSG00000117569	chr1	rs12239746	-0.0101811	AMR
AMR_subclass_VLMC	ENSG00000117569	chr1	rs78815664	-0.009823494	AMR
AMR_subclass_VLMC	ENSG00000117569	chr1	rs17526714	-0.006167094	AMR
AMR_subclass_VLMC	ENSG00000117569	chr1	rs1401836	-0.04532894	AMR
AMR_subclass_VLMC	ENSG00000117569	chr1	rs6659844	-0.04672384	AMR
AMR_subclass_VLMC	ENSG00000117569	chr1	rs12565126	-0.07029968	AMR
AMR_subclass_VLMC	ENSG00000117569	chr1	rs17116084	-0.06931848	AMR
AMR_subclass_VLMC	ENSG00000117569	chr1	rs74339478	-0.0662665	AMR
AMR_subclass_VLMC	ENSG00000117569	chr1	rs75082473	-0.0662203	AMR
AMR_subclass_VLMC	ENSG00000117569	chr1	rs9651214	-0.06584119	AMR
AMR_subclass_VLMC	ENSG00000117569	chr1	rs2004950	-0.06477882	AMR
AMR_subclass_VLMC	ENSG00000117569	chr1	rs138870820	-0.06334279	AMR
AMR_subclass_VLMC	ENSG00000117569	chr1	rs115861818	-0.03760447	AMR
AMR_subclass_VLMC	ENSG00000117569	chr1	rs78713725	0.09215884	AMR
AMR_subclass_VLMC	ENSG00000117569	chr1	rs57870709	0.01541943	AMR
AMR_subclass_VLMC	ENSG00000117569	chr1	rs12133667	-0.0295735	AMR
AMR_subclass_VLMC	ENSG00000117569	chr1	rs17116539	-0.3348689	AMR
AMR_subclass_VLMC	ENSG00000117569	chr1	rs6683351	0.1992631	AMR
AMR_subclass_VLMC	ENSG00000117569	chr1	rs1413231	0.01691356	AMR
AMR_subclass_VLMC	ENSG00000117569	chr1	rs6681752	0.01713398	AMR
AMR_subclass_VLMC	ENSG00000117569	chr1	rs6656968	0.01064167	AMR
AMR_subclass_VLMC	ENSG00000117569	chr1	rs6692424	0.01720415	AMR
AMR_subclass_VLMC	ENSG00000117569	chr1	rs6700957	0.01768602	AMR
AMR_subclass_VLMC	ENSG00000117569	chr1	rs12034568	0.0109435	AMR
AMR_subclass_VLMC	ENSG00000117569	chr1	rs6693034	0.01816944	AMR
AMR_subclass_VLMC	ENSG00000117569	chr1	rs3762412	0.01847619	AMR
AMR_subclass_VLMC	ENSG00000117569	chr1	rs10875054	0.01852398	AMR
AMR_subclass_VLMC	ENSG00000117569	chr1	rs1413229	0.01831706	AMR
AMR_subclass_VLMC	ENSG00000117569	chr1	rs7513333	0.0179233	AMR
AMR_subclass_VLMC	ENSG00000117569	chr1	rs75637747	0.01226912	AMR
AMR_subclass_VLMC	ENSG00000117569	chr1	rs79946066	0.01348965	AMR
AMR_subclass_VLMC	ENSG00000117569	chr1	rs77334809	0.01449951	AMR
AMR_subclass_VLMC	ENSG00000117569	chr1	rs4949945	0.01760449	AMR
AMR_subclass_VLMC	ENSG00000117569	chr1	rs7545506	0.01700863	AMR
AMR_subclass_VLMC	ENSG00000117569	chr1	rs72726653	0.03219925	AMR
AMR_subclass_VLMC	ENSG00000117569	chr1	rs77285274	0.002966042	AMR
AMR_subclass_VLMC	ENSG00000117569	chr1	rs1402256	0.003560791	AMR
AMR_subclass_VLMC	ENSG00000117569	chr1	rs12753487	-0.008143582	AMR
AMR_subclass_VLMC	ENSG00000117569	chr1	rs59037276	0.004100169	AMR
AMR_subclass_VLMC	ENSG00000117569	chr1	rs75268624	0.004330381	AMR
AMR_subclass_VLMC	ENSG00000117569	chr1	rs75585626	0.004637293	AMR
AMR_subclass_VLMC	ENSG00000117569	chr1	rs6675639	0.005005259	AMR
AMR_subclass_VLMC	ENSG00000117569	chr1	rs12048063	-0.09563281	AMR
AMR_subclass_VLMC	ENSG00000117569	chr1	rs6700981	-0.2085039	AMR
AMR_subclass_VLMC	ENSG00000117569	chr1	rs6692946	0.005414437	AMR
AMR_subclass_VLMC	ENSG00000117569	chr1	rs79652940	0.005602933	AMR
AMR_subclass_VLMC	ENSG00000117569	chr1	rs11165830	-0.006199649	AMR
AMR_subclass_VLMC	ENSG00000117569	chr1	rs74655673	0.005577109	AMR
AMR_subclass_VLMC	ENSG00000117569	chr1	rs79204295	0.005586729	AMR
AMR_subclass_VLMC	ENSG00000117569	chr1	rs145261174	0.005562145	AMR
AMR_subclass_VLMC	ENSG00000117569	chr1	rs111834329	-0.206177	AMR
AMR_subclass_VLMC	ENSG00000117569	chr1	rs140739726	0.005779633	AMR
AMR_subclass_VLMC	ENSG00000117569	chr1	rs77284010	0.005895863	AMR
AMR_subclass_VLMC	ENSG00000117569	chr1	rs61081552	0.00577723	AMR
AMR_subclass_VLMC	ENSG00000117569	chr1	rs76192937	0.005527207	AMR
AMR_subclass_VLMC	ENSG00000117569	chr1	rs61249534	0.005195941	AMR
AMR_subclass_VLMC	ENSG00000117569	chr1	rs17116720	0.07490381	AMR
AMR_subclass_VLMC	ENSG00000117569	chr1	rs12031561	-0.01868006	AMR
AMR_subclass_VLMC	ENSG00000117569	chr1	rs2786776	0.005171939	AMR
AMR_subclass_VLMC	ENSG00000117569	chr1	rs7545340	0.01182122	AMR
AMR_subclass_VLMC	ENSG00000117569	chr1	rs7519652	0.01076734	AMR
AMR_subclass_VLMC	ENSG00000117569	chr1	rs2811219	0.1010521	AMR
AMR_subclass_VLMC	ENSG00000117569	chr1	rs6668296	0.03226646	AMR
AMR_subclass_VLMC	ENSG00000118217	chr1	rs11265500	0.0172066041	AMR
AMR_subclass_VLMC	ENSG00000118217	chr1	rs955370	0.0184270751	AMR
AMR_subclass_VLMC	ENSG00000118217	chr1	rs955371	0.0178097074	AMR
AMR_subclass_VLMC	ENSG00000118217	chr1	rs10908807	0.016517026	AMR
AMR_subclass_VLMC	ENSG00000118217	chr1	rs11265501	0.0152837367	AMR
AMR_subclass_VLMC	ENSG00000118217	chr1	rs12058717	0.1549226265	AMR
AMR_subclass_VLMC	ENSG00000118217	chr1	rs12089284	0.1551513419	AMR
AMR_subclass_VLMC	ENSG00000118217	chr1	rs2483145	0.0081185028	AMR
AMR_subclass_VLMC	ENSG00000118217	chr1	rs812741	0.00955594	AMR
AMR_subclass_VLMC	ENSG00000118217	chr1	rs2774274	0.0097714273	AMR
AMR_subclass_VLMC	ENSG00000118217	chr1	rs2247459	0.0095115492	AMR
AMR_subclass_VLMC	ENSG00000118217	chr1	rs2481080	0.009264284	AMR
AMR_subclass_VLMC	ENSG00000118217	chr1	rs2247596	0.0090969521	AMR
AMR_subclass_VLMC	ENSG00000118217	chr1	rs2247671	0.0089331522	AMR
AMR_subclass_VLMC	ENSG00000118217	chr1	rs2243427	0.0087148532	AMR
AMR_subclass_VLMC	ENSG00000118217	chr1	rs2481081	0.0084298884	AMR
AMR_subclass_VLMC	ENSG00000118217	chr1	rs2988726	0.0080956134	AMR
AMR_subclass_VLMC	ENSG00000118217	chr1	rs2251728	0.0077404753	AMR
AMR_subclass_VLMC	ENSG00000118217	chr1	rs2481084	0.0073908805	AMR
AMR_subclass_VLMC	ENSG00000118217	chr1	rs2481085	0.0070637357	AMR
AMR_subclass_VLMC	ENSG00000118217	chr1	rs113023339	0.0067647277	AMR
AMR_subclass_VLMC	ENSG00000118217	chr1	rs3119321	0.0064911004	AMR
AMR_subclass_VLMC	ENSG00000118217	chr1	rs61803671	0.0062363663	AMR
AMR_subclass_VLMC	ENSG00000118217	chr1	rs11799521	0.0059944344	AMR
AMR_subclass_VLMC	ENSG00000118217	chr1	rs61803672	0.0057617544	AMR
AMR_subclass_VLMC	ENSG00000118217	chr1	rs60315407	0.0128868143	AMR
AMR_subclass_VLMC	ENSG00000118217	chr1	rs76265753	-0.0939273897	AMR
AMR_subclass_VLMC	ENSG00000118217	chr1	rs12025700	-0.0374101183	AMR
AMR_subclass_VLMC	ENSG00000118217	chr1	rs4131826	-0.0340898253	AMR
AMR_subclass_VLMC	ENSG00000118217	chr1	rs142319549	-0.1819862102	AMR
AMR_subclass_VLMC	ENSG00000118217	chr1	rs4657103	0.0565676605	AMR
AMR_subclass_VLMC	ENSG00000118217	chr1	rs6685369	0.0579447943	AMR
AMR_subclass_VLMC	ENSG00000118217	chr1	rs2134690	0.0078317224	AMR
AMR_subclass_VLMC	ENSG00000118217	chr1	rs4579731	0.0574801103	AMR
AMR_subclass_VLMC	ENSG00000118217	chr1	rs10737502	0.0566428899	AMR
AMR_subclass_VLMC	ENSG00000118217	chr1	rs2055539	0.0076653769	AMR
AMR_subclass_VLMC	ENSG00000118217	chr1	rs10753645	0.0077270006	AMR
AMR_subclass_VLMC	ENSG00000118217	chr1	rs10800068	0.0078228842	AMR
AMR_subclass_VLMC	ENSG00000118217	chr1	rs924777	0.0078817802	AMR
AMR_subclass_VLMC	ENSG00000118217	chr1	rs6427633	0.007872365	AMR
AMR_subclass_VLMC	ENSG00000118217	chr1	rs4300199	0.0077897271	AMR
AMR_subclass_VLMC	ENSG00000118217	chr1	rs1806594	0.0076433053	AMR
AMR_subclass_VLMC	ENSG00000118217	chr1	rs2341468	0.0074489258	AMR
AMR_subclass_VLMC	ENSG00000118217	chr1	rs7532448	0.0072236543	AMR
AMR_subclass_VLMC	ENSG00000118217	chr1	rs6427639	0.0069822225	AMR
AMR_subclass_VLMC	ENSG00000118217	chr1	rs7517386	0.0067354369	AMR
AMR_subclass_VLMC	ENSG00000118217	chr1	rs4233380	0.0064905701	AMR
AMR_subclass_VLMC	ENSG00000118217	chr1	rs10733044	0.0062527317	AMR
AMR_subclass_VLMC	ENSG00000118217	chr1	rs2499856	0.0060260284	AMR
AMR_subclass_VLMC	ENSG00000118217	chr1	rs2499855	0.0058138847	AMR
AMR_subclass_VLMC	ENSG00000118217	chr1	rs74698003	-0.1828706755	AMR
AMR_subclass_VLMC	ENSG00000118217	chr1	rs1510324	0.0002104284	AMR
AMR_subclass_VLMC	ENSG00000118217	chr1	rs1397212	0.0006647726	AMR
AMR_subclass_VLMC	ENSG00000118217	chr1	rs2665490	0.0008497918	AMR
AMR_subclass_VLMC	ENSG00000118217	chr1	rs2805043	0.000811827	AMR
AMR_subclass_VLMC	ENSG00000118217	chr1	rs2805042	0.000735678	AMR
AMR_subclass_VLMC	ENSG00000118217	chr1	rs2803876	0.0072917773	AMR
AMR_subclass_VLMC	ENSG00000118217	chr1	rs56072121	0.2370252387	AMR
AMR_subclass_VLMC	ENSG00000118217	chr1	rs75030460	0.2366735233	AMR
AMR_subclass_VLMC	ENSG00000118217	chr1	rs10917627	0.1005266212	AMR
AMR_subclass_VLMC	ENSG00000118217	chr1	rs12036397	0.1001748989	AMR
AMR_subclass_VLMC	ENSG00000121542	chr3	rs6438720	-0.01500998	AMR
AMR_subclass_VLMC	ENSG00000121542	chr3	rs28384492	0.01233532	AMR
AMR_subclass_VLMC	ENSG00000121542	chr3	rs34006803	0.01220863	AMR
AMR_subclass_VLMC	ENSG00000121542	chr3	rs112199537	0.04633873	AMR
AMR_subclass_VLMC	ENSG00000121542	chr3	rs77496368	0.0481328	AMR
AMR_subclass_VLMC	ENSG00000121542	chr3	rs6787080	0.0495752	AMR
AMR_subclass_VLMC	ENSG00000121542	chr3	rs74761089	0.04980198	AMR
AMR_subclass_VLMC	ENSG00000121542	chr3	rs77238483	0.04911414	AMR
AMR_subclass_VLMC	ENSG00000121542	chr3	rs148944778	0.04804956	AMR
AMR_subclass_VLMC	ENSG00000121542	chr3	rs74558456	0.04692874	AMR
AMR_subclass_VLMC	ENSG00000121542	chr3	rs72968560	-0.10670223	AMR
AMR_subclass_VLMC	ENSG00000121542	chr3	rs820326	0.10823658	AMR
AMR_subclass_VLMC	ENSG00000121542	chr3	rs33265	0.1740963	AMR
AMR_subclass_VLMC	ENSG00000121542	chr3	rs12054142	-0.02341086	AMR
AMR_subclass_VLMC	ENSG00000138101	chr2	rs77483992	-0.12708423	AMR
AMR_subclass_VLMC	ENSG00000138101	chr2	rs116789887	-0.12512136	AMR
AMR_subclass_VLMC	ENSG00000138101	chr2	rs78560959	-0.15647703	AMR
AMR_subclass_VLMC	ENSG00000138101	chr2	rs11125948	0.04952184	AMR
AMR_subclass_VLMC	ENSG00000138101	chr2	rs77487086	-0.18013619	AMR
AMR_subclass_VLMC	ENSG00000138101	chr2	rs114568253	-0.14478521	AMR
AMR_subclass_VLMC	ENSG00000138101	chr2	rs6758432	-0.03358534	AMR
AMR_subclass_VLMC	ENSG00000138101	chr2	rs60802759	-0.09003979	AMR
AMR_subclass_VLMC	ENSG00000138101	chr2	rs7564034	-0.03144087	AMR
AMR_subclass_VLMC	ENSG00000138101	chr2	rs13418772	-0.03132775	AMR
AMR_subclass_VLMC	ENSG00000138101	chr2	rs10184906	-0.07508531	AMR
AMR_subclass_VLMC	ENSG00000138101	chr2	rs73923726	-0.01882718	AMR
AMR_subclass_VLMC	ENSG00000138101	chr2	rs114319797	-0.20469036	AMR
